source,import,target,scope
src/main/java/arisuinfo/cm/auth/auth/enums/AuthWorkTypeCd.java,arisuinfo.com.enums.CodeEnum,src/main/java/arisuinfo/com/enums/CodeEnum.java,IN_SCOPE
src/main/java/arisuinfo/cm/auth/auth/enums/AuthWorkTypeCd.java,arisuinfo.com.enums.CodeEnumTypeHandler,src/main/java/arisuinfo/com/enums/CodeEnumTypeHandler.java,IN_SCOPE
src/main/java/arisuinfo/cm/auth/auth/enums/ProcStatusCd.java,arisuinfo.com.enums.CodeEnum,src/main/java/arisuinfo/com/enums/CodeEnum.java,IN_SCOPE
src/main/java/arisuinfo/cm/auth/auth/enums/ProcStatusCd.java,arisuinfo.com.enums.CodeEnumTypeHandler,src/main/java/arisuinfo/com/enums/CodeEnumTypeHandler.java,IN_SCOPE
src/main/java/arisuinfo/cm/auth/auth/enums/ReqSeCd.java,arisuinfo.com.enums.CodeEnum,src/main/java/arisuinfo/com/enums/CodeEnum.java,IN_SCOPE
src/main/java/arisuinfo/cm/auth/auth/enums/ReqSeCd.java,arisuinfo.com.enums.CodeEnumTypeHandler,src/main/java/arisuinfo/com/enums/CodeEnumTypeHandler.java,IN_SCOPE
src/main/java/arisuinfo/cm/auth/auth/mapper/AuthChgHstryMapper.java,arisuinfo.cm.auth.auth.vo.menu.AuthMenuVO,src/main/java/arisuinfo/cm/auth/auth/vo/menu/AuthMenuVO.java,IN_SCOPE
src/main/java/arisuinfo/cm/auth/auth/mapper/AuthChgHstryMapper.java,arisuinfo.cm.auth.auth.vo.menu.AuthPgmVO,src/main/java/arisuinfo/cm/auth/auth/vo/menu/AuthPgmVO.java,IN_SCOPE
src/main/java/arisuinfo/cm/auth/auth/mapper/AuthMapper.java,arisuinfo.cm.auth.auth.vo.AuthBaseVO,src/main/java/arisuinfo/cm/auth/auth/vo/AuthBaseVO.java,IN_SCOPE
src/main/java/arisuinfo/cm/auth/auth/mapper/AuthMapper.java,arisuinfo.cm.auth.auth.vo.AuthClsfBaseVO,src/main/java/arisuinfo/cm/auth/auth/vo/AuthClsfBaseVO.java,IN_SCOPE
src/main/java/arisuinfo/cm/auth/auth/mapper/AuthMapper.java,arisuinfo.cm.auth.auth.vo.AuthClsfVO,src/main/java/arisuinfo/cm/auth/auth/vo/AuthClsfVO.java,IN_SCOPE
src/main/java/arisuinfo/cm/auth/auth/mapper/AuthMapper.java,arisuinfo.cm.auth.auth.vo.AuthSaveVO,src/main/java/arisuinfo/cm/auth/auth/vo/AuthSaveVO.java,IN_SCOPE
src/main/java/arisuinfo/cm/auth/auth/mapper/AuthMapper.java,arisuinfo.cm.auth.auth.vo.AuthSearchVO,src/main/java/arisuinfo/cm/auth/auth/vo/AuthSearchVO.java,IN_SCOPE
src/main/java/arisuinfo/cm/auth/auth/mapper/AuthMapper.java,arisuinfo.cm.auth.auth.vo.AuthTreeVO,src/main/java/arisuinfo/cm/auth/auth/vo/AuthTreeVO.java,IN_SCOPE
src/main/java/arisuinfo/cm/auth/auth/mapper/AuthMapper.java,arisuinfo.cm.auth.auth.vo.AuthVO,src/main/java/arisuinfo/cm/auth/auth/vo/AuthVO.java,IN_SCOPE
src/main/java/arisuinfo/cm/auth/auth/mapper/AuthMapper.java,arisuinfo.com.enums.SysSeCd,src/main/java/arisuinfo/com/enums/SysSeCd.java,IN_SCOPE
src/main/java/arisuinfo/cm/auth/auth/mapper/AuthMenuMapper.java,arisuinfo.cm.auth.auth.vo.menu.AuthMenuTreeVO,src/main/java/arisuinfo/cm/auth/auth/vo/menu/AuthMenuTreeVO.java,IN_SCOPE
src/main/java/arisuinfo/cm/auth/auth/mapper/AuthMenuMapper.java,arisuinfo.cm.auth.auth.vo.menu.AuthMenuVO,src/main/java/arisuinfo/cm/auth/auth/vo/menu/AuthMenuVO.java,IN_SCOPE
src/main/java/arisuinfo/cm/auth/auth/mapper/AuthMenuMapper.java,arisuinfo.cm.auth.auth.vo.menu.AuthPgmBaseVO,src/main/java/arisuinfo/cm/auth/auth/vo/menu/AuthPgmBaseVO.java,IN_SCOPE
src/main/java/arisuinfo/cm/auth/auth/mapper/AuthMenuMapper.java,arisuinfo.cm.auth.auth.vo.menu.AuthPgmKeyVO,src/main/java/arisuinfo/cm/auth/auth/vo/menu/AuthPgmKeyVO.java,IN_SCOPE
src/main/java/arisuinfo/cm/auth/auth/mapper/AuthMenuMapper.java,arisuinfo.cm.auth.auth.vo.menu.AuthPgmVO,src/main/java/arisuinfo/cm/auth/auth/vo/menu/AuthPgmVO.java,IN_SCOPE
src/main/java/arisuinfo/cm/auth/auth/mapper/AuthMenuMapper.java,arisuinfo.com.enums.SysSeCd,src/main/java/arisuinfo/com/enums/SysSeCd.java,IN_SCOPE
src/main/java/arisuinfo/cm/auth/auth/mapper/AuthUsrMapper.java,arisuinfo.cm.auth.auth.vo.AuthAplyVO,src/main/java/arisuinfo/cm/auth/auth/vo/AuthAplyVO.java,IN_SCOPE
src/main/java/arisuinfo/cm/auth/auth/mapper/AuthUsrMapper.java,arisuinfo.cm.auth.auth.vo.user.AuthUsrBaseVO,src/main/java/arisuinfo/cm/auth/auth/vo/user/AuthUsrBaseVO.java,IN_SCOPE
src/main/java/arisuinfo/cm/auth/auth/mapper/AuthUsrMapper.java,arisuinfo.cm.auth.auth.vo.user.AuthUsrSearchVO,src/main/java/arisuinfo/cm/auth/auth/vo/user/AuthUsrSearchVO.java,IN_SCOPE
src/main/java/arisuinfo/cm/auth/auth/mapper/AuthUsrMapper.java,arisuinfo.cm.auth.auth.vo.user.AuthUsrVO,src/main/java/arisuinfo/cm/auth/auth/vo/user/AuthUsrVO.java,IN_SCOPE
src/main/java/arisuinfo/cm/auth/auth/mapper/AuthUsrMapper.java,arisuinfo.com.enums.SysSeCd,src/main/java/arisuinfo/com/enums/SysSeCd.java,IN_SCOPE
src/main/java/arisuinfo/cm/auth/auth/service/AuthAplyService.java,arisuinfo.common.ria.nexacro.map.DataSetMap,src/main/java/arisuinfo/common/ria/nexacro/map/DataSetMap.java,IN_SCOPE
src/main/java/arisuinfo/cm/auth/auth/service/AuthChgHstryService.java,arisuinfo.cm.auth.auth.vo.menu.AuthMenuVO,src/main/java/arisuinfo/cm/auth/auth/vo/menu/AuthMenuVO.java,IN_SCOPE
src/main/java/arisuinfo/cm/auth/auth/service/AuthChgHstryService.java,arisuinfo.cm.auth.auth.vo.menu.AuthPgmVO,src/main/java/arisuinfo/cm/auth/auth/vo/menu/AuthPgmVO.java,IN_SCOPE
src/main/java/arisuinfo/cm/auth/auth/service/AuthMenuService.java,arisuinfo.cm.auth.auth.vo.menu.AuthMenuTreeVO,src/main/java/arisuinfo/cm/auth/auth/vo/menu/AuthMenuTreeVO.java,IN_SCOPE
src/main/java/arisuinfo/cm/auth/auth/service/AuthMenuService.java,arisuinfo.common.ria.nexacro.map.DataSetMap,src/main/java/arisuinfo/common/ria/nexacro/map/DataSetMap.java,IN_SCOPE
src/main/java/arisuinfo/cm/auth/auth/service/AuthService.java,arisuinfo.common.ria.nexacro.map.DataSetMap,src/main/java/arisuinfo/common/ria/nexacro/map/DataSetMap.java,IN_SCOPE
src/main/java/arisuinfo/cm/auth/auth/service/AuthUserService.java,arisuinfo.cm.auth.auth.vo.AuthAplyVO,src/main/java/arisuinfo/cm/auth/auth/vo/AuthAplyVO.java,IN_SCOPE
src/main/java/arisuinfo/cm/auth/auth/service/AuthUserService.java,arisuinfo.cm.auth.auth.vo.user.AuthUsrSearchVO,src/main/java/arisuinfo/cm/auth/auth/vo/user/AuthUsrSearchVO.java,IN_SCOPE
src/main/java/arisuinfo/cm/auth/auth/service/AuthUserService.java,arisuinfo.cm.auth.auth.vo.user.AuthUsrVO,src/main/java/arisuinfo/cm/auth/auth/vo/user/AuthUsrVO.java,IN_SCOPE
src/main/java/arisuinfo/cm/auth/auth/service/AuthUserService.java,arisuinfo.com.enums.SysSeCd,src/main/java/arisuinfo/com/enums/SysSeCd.java,IN_SCOPE
src/main/java/arisuinfo/cm/auth/auth/service/AuthUserService.java,arisuinfo.common.ria.nexacro.map.DataSetMap,src/main/java/arisuinfo/common/ria/nexacro/map/DataSetMap.java,IN_SCOPE
src/main/java/arisuinfo/cm/auth/auth/service/impl/AuthAplyServiceImpl.java,arisuinfo.cm.auth.auth.enums.ProcStatusCd,src/main/java/arisuinfo/cm/auth/auth/enums/ProcStatusCd.java,IN_SCOPE
src/main/java/arisuinfo/cm/auth/auth/service/impl/AuthAplyServiceImpl.java,arisuinfo.cm.auth.auth.enums.ReqSeCd,src/main/java/arisuinfo/cm/auth/auth/enums/ReqSeCd.java,IN_SCOPE
src/main/java/arisuinfo/cm/auth/auth/service/impl/AuthAplyServiceImpl.java,arisuinfo.cm.auth.auth.service.AuthAplyService,src/main/java/arisuinfo/cm/auth/auth/service/AuthAplyService.java,IN_SCOPE
src/main/java/arisuinfo/cm/auth/auth/service/impl/AuthAplyServiceImpl.java,arisuinfo.cm.auth.auth.service.AuthUserService,src/main/java/arisuinfo/cm/auth/auth/service/AuthUserService.java,IN_SCOPE
src/main/java/arisuinfo/cm/auth/auth/service/impl/AuthAplyServiceImpl.java,arisuinfo.cm.auth.auth.vo.AuthAplyVO,src/main/java/arisuinfo/cm/auth/auth/vo/AuthAplyVO.java,IN_SCOPE
src/main/java/arisuinfo/cm/auth/auth/service/impl/AuthAplyServiceImpl.java,arisuinfo.cm.auth.auth.vo.user.AuthUsrSearchVO,src/main/java/arisuinfo/cm/auth/auth/vo/user/AuthUsrSearchVO.java,IN_SCOPE
src/main/java/arisuinfo/cm/auth/auth/service/impl/AuthAplyServiceImpl.java,arisuinfo.cm.auth.auth.vo.user.AuthUsrVO,src/main/java/arisuinfo/cm/auth/auth/vo/user/AuthUsrVO.java,IN_SCOPE
src/main/java/arisuinfo/cm/auth/auth/service/impl/AuthAplyServiceImpl.java,arisuinfo.cm.bbs.service.BbsUtztnTrmsAgreService,src/main/java/arisuinfo/cm/bbs/service/BbsUtztnTrmsAgreService.java,IN_SCOPE
src/main/java/arisuinfo/cm/auth/auth/service/impl/AuthAplyServiceImpl.java,arisuinfo.cm.bbs.vo.BbsUtztnTrmsAgreVO,src/main/java/arisuinfo/cm/bbs/vo/BbsUtztnTrmsAgreVO.java,IN_SCOPE
src/main/java/arisuinfo/cm/auth/auth/service/impl/AuthAplyServiceImpl.java,arisuinfo.cm.usr.mapper.UsrMngMapper,src/main/java/arisuinfo/cm/usr/mapper/UsrMngMapper.java,IN_SCOPE
src/main/java/arisuinfo/cm/auth/auth/service/impl/AuthAplyServiceImpl.java,arisuinfo.cm.usr.service.UsrRgnService,src/main/java/arisuinfo/cm/usr/service/UsrRgnService.java,IN_SCOPE
src/main/java/arisuinfo/cm/auth/auth/service/impl/AuthAplyServiceImpl.java,arisuinfo.cm.usr.vo.UsrMngVO,src/main/java/arisuinfo/cm/usr/vo/UsrMngVO.java,IN_SCOPE
src/main/java/arisuinfo/cm/auth/auth/service/impl/AuthAplyServiceImpl.java,arisuinfo.cm.usr.vo.UsrRgnVO,src/main/java/arisuinfo/cm/usr/vo/UsrRgnVO.java,IN_SCOPE
src/main/java/arisuinfo/cm/auth/auth/service/impl/AuthAplyServiceImpl.java,arisuinfo.com.enums.RowType,src/main/java/arisuinfo/com/enums/RowType.java,IN_SCOPE
src/main/java/arisuinfo/cm/auth/auth/service/impl/AuthAplyServiceImpl.java,arisuinfo.com.exception.BizException,src/main/java/arisuinfo/com/exception/BizException.java,IN_SCOPE
src/main/java/arisuinfo/cm/auth/auth/service/impl/AuthAplyServiceImpl.java,arisuinfo.com.util.DateUtil,src/main/java/arisuinfo/com/util/DateUtil.java,IN_SCOPE
src/main/java/arisuinfo/cm/auth/auth/service/impl/AuthAplyServiceImpl.java,arisuinfo.com.util.SessionUtil,src/main/java/arisuinfo/com/util/SessionUtil.java,IN_SCOPE
src/main/java/arisuinfo/cm/auth/auth/service/impl/AuthAplyServiceImpl.java,arisuinfo.common.ria.nexacro.map.DataSetMap,src/main/java/arisuinfo/common/ria/nexacro/map/DataSetMap.java,IN_SCOPE
src/main/java/arisuinfo/cm/auth/auth/service/impl/AuthAplyServiceImpl.java,arisuinfo.common.ria.nexacro.map.DataSetMapConverter,src/main/java/arisuinfo/common/ria/nexacro/map/DataSetMapConverter.java,IN_SCOPE
src/main/java/arisuinfo/cm/auth/auth/service/impl/AuthChgHstryServiceImpl.java,arisuinfo.cm.auth.auth.mapper.AuthChgHstryMapper,src/main/java/arisuinfo/cm/auth/auth/mapper/AuthChgHstryMapper.java,IN_SCOPE
src/main/java/arisuinfo/cm/auth/auth/service/impl/AuthChgHstryServiceImpl.java,arisuinfo.cm.auth.auth.service.AuthChgHstryService,src/main/java/arisuinfo/cm/auth/auth/service/AuthChgHstryService.java,IN_SCOPE
src/main/java/arisuinfo/cm/auth/auth/service/impl/AuthChgHstryServiceImpl.java,arisuinfo.cm.auth.auth.vo.menu.AuthMenuVO,src/main/java/arisuinfo/cm/auth/auth/vo/menu/AuthMenuVO.java,IN_SCOPE
src/main/java/arisuinfo/cm/auth/auth/service/impl/AuthChgHstryServiceImpl.java,arisuinfo.cm.auth.auth.vo.menu.AuthPgmVO,src/main/java/arisuinfo/cm/auth/auth/vo/menu/AuthPgmVO.java,IN_SCOPE
src/main/java/arisuinfo/cm/auth/auth/service/impl/AuthMenuServiceImpl.java,arisuinfo.com.util.StringUtil,src/main/java/arisuinfo/com/util/StringUtil.java,IN_SCOPE
src/main/java/arisuinfo/cm/auth/auth/service/impl/AuthMenuServiceImpl.java,arisuinfo.cm.auth.auth.enums.AuthWorkTypeCd,src/main/java/arisuinfo/cm/auth/auth/enums/AuthWorkTypeCd.java,IN_SCOPE
src/main/java/arisuinfo/cm/auth/auth/service/impl/AuthMenuServiceImpl.java,arisuinfo.cm.auth.auth.mapper.AuthMenuMapper,src/main/java/arisuinfo/cm/auth/auth/mapper/AuthMenuMapper.java,IN_SCOPE
src/main/java/arisuinfo/cm/auth/auth/service/impl/AuthMenuServiceImpl.java,arisuinfo.cm.auth.auth.service.AuthChgHstryService,src/main/java/arisuinfo/cm/auth/auth/service/AuthChgHstryService.java,IN_SCOPE
src/main/java/arisuinfo/cm/auth/auth/service/impl/AuthMenuServiceImpl.java,arisuinfo.cm.auth.auth.service.AuthMenuService,src/main/java/arisuinfo/cm/auth/auth/service/AuthMenuService.java,IN_SCOPE
src/main/java/arisuinfo/cm/auth/auth/service/impl/AuthMenuServiceImpl.java,arisuinfo.cm.auth.auth.vo.menu.AuthMenuTreeVO,src/main/java/arisuinfo/cm/auth/auth/vo/menu/AuthMenuTreeVO.java,IN_SCOPE
src/main/java/arisuinfo/cm/auth/auth/service/impl/AuthMenuServiceImpl.java,arisuinfo.cm.auth.auth.vo.menu.AuthMenuVO,src/main/java/arisuinfo/cm/auth/auth/vo/menu/AuthMenuVO.java,IN_SCOPE
src/main/java/arisuinfo/cm/auth/auth/service/impl/AuthMenuServiceImpl.java,arisuinfo.cm.auth.auth.vo.menu.AuthPgmVO,src/main/java/arisuinfo/cm/auth/auth/vo/menu/AuthPgmVO.java,IN_SCOPE
src/main/java/arisuinfo/cm/auth/auth/service/impl/AuthMenuServiceImpl.java,arisuinfo.com.enums.SysSeCd,src/main/java/arisuinfo/com/enums/SysSeCd.java,IN_SCOPE
src/main/java/arisuinfo/cm/auth/auth/service/impl/AuthMenuServiceImpl.java,arisuinfo.com.util.SessionUtil,src/main/java/arisuinfo/com/util/SessionUtil.java,IN_SCOPE
src/main/java/arisuinfo/cm/auth/auth/service/impl/AuthMenuServiceImpl.java,arisuinfo.common.ria.nexacro.map.DataSetMap,src/main/java/arisuinfo/common/ria/nexacro/map/DataSetMap.java,IN_SCOPE
src/main/java/arisuinfo/cm/auth/auth/service/impl/AuthMenuServiceImpl.java,arisuinfo.common.ria.nexacro.map.DataSetMapConverter,src/main/java/arisuinfo/common/ria/nexacro/map/DataSetMapConverter.java,IN_SCOPE
src/main/java/arisuinfo/cm/auth/auth/service/impl/AuthServiceImpl.java,arisuinfo.com.util.StringUtil,src/main/java/arisuinfo/com/util/StringUtil.java,IN_SCOPE
src/main/java/arisuinfo/cm/auth/auth/service/impl/AuthServiceImpl.java,arisuinfo.com.exception.BizException,src/main/java/arisuinfo/com/exception/BizException.java,IN_SCOPE
src/main/java/arisuinfo/cm/auth/auth/service/impl/AuthServiceImpl.java,arisuinfo.cm.auth.auth.mapper.AuthMapper,src/main/java/arisuinfo/cm/auth/auth/mapper/AuthMapper.java,IN_SCOPE
src/main/java/arisuinfo/cm/auth/auth/service/impl/AuthServiceImpl.java,arisuinfo.cm.auth.auth.service.AuthService,src/main/java/arisuinfo/cm/auth/auth/service/AuthService.java,IN_SCOPE
src/main/java/arisuinfo/cm/auth/auth/service/impl/AuthServiceImpl.java,arisuinfo.cm.auth.auth.vo.AuthBaseVO,src/main/java/arisuinfo/cm/auth/auth/vo/AuthBaseVO.java,IN_SCOPE
src/main/java/arisuinfo/cm/auth/auth/service/impl/AuthServiceImpl.java,arisuinfo.cm.auth.auth.vo.AuthClsfBaseVO,src/main/java/arisuinfo/cm/auth/auth/vo/AuthClsfBaseVO.java,IN_SCOPE
src/main/java/arisuinfo/cm/auth/auth/service/impl/AuthServiceImpl.java,arisuinfo.cm.auth.auth.vo.AuthClsfVO,src/main/java/arisuinfo/cm/auth/auth/vo/AuthClsfVO.java,IN_SCOPE
src/main/java/arisuinfo/cm/auth/auth/service/impl/AuthServiceImpl.java,arisuinfo.cm.auth.auth.vo.AuthSaveVO,src/main/java/arisuinfo/cm/auth/auth/vo/AuthSaveVO.java,IN_SCOPE
src/main/java/arisuinfo/cm/auth/auth/service/impl/AuthServiceImpl.java,arisuinfo.cm.auth.auth.vo.AuthSearchVO,src/main/java/arisuinfo/cm/auth/auth/vo/AuthSearchVO.java,IN_SCOPE
src/main/java/arisuinfo/cm/auth/auth/service/impl/AuthServiceImpl.java,arisuinfo.cm.auth.auth.vo.AuthTreeVO,src/main/java/arisuinfo/cm/auth/auth/vo/AuthTreeVO.java,IN_SCOPE
src/main/java/arisuinfo/cm/auth/auth/service/impl/AuthServiceImpl.java,arisuinfo.cm.auth.auth.vo.AuthVO,src/main/java/arisuinfo/cm/auth/auth/vo/AuthVO.java,IN_SCOPE
src/main/java/arisuinfo/cm/auth/auth/service/impl/AuthServiceImpl.java,arisuinfo.com.enums.RowType,src/main/java/arisuinfo/com/enums/RowType.java,IN_SCOPE
src/main/java/arisuinfo/cm/auth/auth/service/impl/AuthServiceImpl.java,arisuinfo.com.enums.SysSeCd,src/main/java/arisuinfo/com/enums/SysSeCd.java,IN_SCOPE
src/main/java/arisuinfo/cm/auth/auth/service/impl/AuthServiceImpl.java,arisuinfo.common.ria.nexacro.map.DataSetMap,src/main/java/arisuinfo/common/ria/nexacro/map/DataSetMap.java,IN_SCOPE
src/main/java/arisuinfo/cm/auth/auth/service/impl/AuthServiceImpl.java,arisuinfo.common.ria.nexacro.map.DataSetMapConverter,src/main/java/arisuinfo/common/ria/nexacro/map/DataSetMapConverter.java,IN_SCOPE
src/main/java/arisuinfo/cm/auth/auth/service/impl/AuthUserServiceImpl.java,arisuinfo.cm.auth.auth.mapper.AuthUsrMapper,src/main/java/arisuinfo/cm/auth/auth/mapper/AuthUsrMapper.java,IN_SCOPE
src/main/java/arisuinfo/cm/auth/auth/service/impl/AuthUserServiceImpl.java,arisuinfo.cm.auth.auth.service.AuthUserService,src/main/java/arisuinfo/cm/auth/auth/service/AuthUserService.java,IN_SCOPE
src/main/java/arisuinfo/cm/auth/auth/service/impl/AuthUserServiceImpl.java,arisuinfo.cm.auth.auth.vo.AuthAplyVO,src/main/java/arisuinfo/cm/auth/auth/vo/AuthAplyVO.java,IN_SCOPE
src/main/java/arisuinfo/cm/auth/auth/service/impl/AuthUserServiceImpl.java,arisuinfo.cm.auth.auth.vo.user.AuthUsrBaseVO,src/main/java/arisuinfo/cm/auth/auth/vo/user/AuthUsrBaseVO.java,IN_SCOPE
src/main/java/arisuinfo/cm/auth/auth/service/impl/AuthUserServiceImpl.java,arisuinfo.cm.auth.auth.vo.user.AuthUsrSearchVO,src/main/java/arisuinfo/cm/auth/auth/vo/user/AuthUsrSearchVO.java,IN_SCOPE
src/main/java/arisuinfo/cm/auth/auth/service/impl/AuthUserServiceImpl.java,arisuinfo.cm.auth.auth.vo.user.AuthUsrVO,src/main/java/arisuinfo/cm/auth/auth/vo/user/AuthUsrVO.java,IN_SCOPE
src/main/java/arisuinfo/cm/auth/auth/service/impl/AuthUserServiceImpl.java,arisuinfo.com.enums.SysSeCd,src/main/java/arisuinfo/com/enums/SysSeCd.java,IN_SCOPE
src/main/java/arisuinfo/cm/auth/auth/service/impl/AuthUserServiceImpl.java,arisuinfo.com.util.SessionUtil,src/main/java/arisuinfo/com/util/SessionUtil.java,IN_SCOPE
src/main/java/arisuinfo/cm/auth/auth/service/impl/AuthUserServiceImpl.java,arisuinfo.common.ria.nexacro.map.DataSetMap,src/main/java/arisuinfo/common/ria/nexacro/map/DataSetMap.java,IN_SCOPE
src/main/java/arisuinfo/cm/auth/auth/service/impl/AuthUserServiceImpl.java,arisuinfo.common.ria.nexacro.map.DataSetMapConverter,src/main/java/arisuinfo/common/ria/nexacro/map/DataSetMapConverter.java,IN_SCOPE
src/main/java/arisuinfo/cm/auth/auth/vo/AuthAplyVO.java,arisuinfo.cm.auth.auth.enums.ProcStatusCd,src/main/java/arisuinfo/cm/auth/auth/enums/ProcStatusCd.java,IN_SCOPE
src/main/java/arisuinfo/cm/auth/auth/vo/AuthAplyVO.java,arisuinfo.cm.auth.auth.enums.ReqSeCd,src/main/java/arisuinfo/cm/auth/auth/enums/ReqSeCd.java,IN_SCOPE
src/main/java/arisuinfo/cm/auth/auth/vo/AuthAplyVO.java,arisuinfo.com.enums.SysSeCd,src/main/java/arisuinfo/com/enums/SysSeCd.java,IN_SCOPE
src/main/java/arisuinfo/cm/auth/auth/vo/AuthClsfVO.java,arisuinfo.com.bind.BaseVO,src/main/java/arisuinfo/com/bind/BaseVO.java,IN_SCOPE
src/main/java/arisuinfo/cm/auth/auth/vo/AuthClsfVO.java,arisuinfo.com.enums.SysSeCd,src/main/java/arisuinfo/com/enums/SysSeCd.java,IN_SCOPE
src/main/java/arisuinfo/cm/auth/auth/vo/AuthRelVO.java,arisuinfo.com.bind.BaseVO,src/main/java/arisuinfo/com/bind/BaseVO.java,IN_SCOPE
src/main/java/arisuinfo/cm/auth/auth/vo/AuthRelVO.java,arisuinfo.com.enums.SysSeCd,src/main/java/arisuinfo/com/enums/SysSeCd.java,IN_SCOPE
src/main/java/arisuinfo/cm/auth/auth/vo/AuthSaveVO.java,arisuinfo.com.bind.BaseVO,src/main/java/arisuinfo/com/bind/BaseVO.java,IN_SCOPE
src/main/java/arisuinfo/cm/auth/auth/vo/AuthSaveVO.java,arisuinfo.com.enums.SysSeCd,src/main/java/arisuinfo/com/enums/SysSeCd.java,IN_SCOPE
src/main/java/arisuinfo/cm/auth/auth/vo/AuthSearchVO.java,arisuinfo.com.bind.BaseVO,src/main/java/arisuinfo/com/bind/BaseVO.java,IN_SCOPE
src/main/java/arisuinfo/cm/auth/auth/vo/AuthSearchVO.java,arisuinfo.com.enums.SysSeCd,src/main/java/arisuinfo/com/enums/SysSeCd.java,IN_SCOPE
src/main/java/arisuinfo/cm/auth/auth/vo/AuthTreeVO.java,arisuinfo.com.enums.SysSeCd,src/main/java/arisuinfo/com/enums/SysSeCd.java,IN_SCOPE
src/main/java/arisuinfo/cm/auth/auth/vo/AuthVO.java,arisuinfo.com.bind.BaseVO,src/main/java/arisuinfo/com/bind/BaseVO.java,IN_SCOPE
src/main/java/arisuinfo/cm/auth/auth/vo/AuthVO.java,arisuinfo.com.enums.SysSeCd,src/main/java/arisuinfo/com/enums/SysSeCd.java,IN_SCOPE
src/main/java/arisuinfo/cm/auth/auth/vo/menu/AuthMenuTreeVO.java,arisuinfo.com.util.StringUtil,src/main/java/arisuinfo/com/util/StringUtil.java,IN_SCOPE
src/main/java/arisuinfo/cm/auth/auth/vo/menu/AuthMenuVO.java,arisuinfo.com.enums.SysSeCd,src/main/java/arisuinfo/com/enums/SysSeCd.java,IN_SCOPE
src/main/java/arisuinfo/cm/auth/auth/vo/menu/AuthPgmKeyVO.java,arisuinfo.cm.auth.auth.enums.AuthWorkTypeCd,src/main/java/arisuinfo/cm/auth/auth/enums/AuthWorkTypeCd.java,IN_SCOPE
src/main/java/arisuinfo/cm/auth/auth/vo/menu/AuthPgmKeyVO.java,arisuinfo.com.bind.BaseVO,src/main/java/arisuinfo/com/bind/BaseVO.java,IN_SCOPE
src/main/java/arisuinfo/cm/auth/auth/vo/menu/AuthPgmKeyVO.java,arisuinfo.com.enums.SysSeCd,src/main/java/arisuinfo/com/enums/SysSeCd.java,IN_SCOPE
src/main/java/arisuinfo/cm/auth/auth/vo/menu/AuthPgmVO.java,arisuinfo.cm.auth.auth.enums.AuthWorkTypeCd,src/main/java/arisuinfo/cm/auth/auth/enums/AuthWorkTypeCd.java,IN_SCOPE
src/main/java/arisuinfo/cm/auth/auth/vo/user/AuthUsrSearchVO.java,arisuinfo.cm.auth.auth.enums.ProcStatusCd,src/main/java/arisuinfo/cm/auth/auth/enums/ProcStatusCd.java,IN_SCOPE
src/main/java/arisuinfo/cm/auth/auth/vo/user/AuthUsrSearchVO.java,arisuinfo.com.bind.BaseVO,src/main/java/arisuinfo/com/bind/BaseVO.java,IN_SCOPE
src/main/java/arisuinfo/cm/auth/auth/vo/user/AuthUsrSearchVO.java,arisuinfo.com.enums.SysSeCd,src/main/java/arisuinfo/com/enums/SysSeCd.java,IN_SCOPE
src/main/java/arisuinfo/cm/auth/auth/vo/user/AuthUsrVO.java,arisuinfo.cm.auth.auth.enums.ProcStatusCd,src/main/java/arisuinfo/cm/auth/auth/enums/ProcStatusCd.java,IN_SCOPE
src/main/java/arisuinfo/cm/auth/auth/vo/user/AuthUsrVO.java,arisuinfo.cm.auth.auth.enums.ReqSeCd,src/main/java/arisuinfo/cm/auth/auth/enums/ReqSeCd.java,IN_SCOPE
src/main/java/arisuinfo/cm/auth/auth/vo/user/AuthUsrVO.java,arisuinfo.com.bind.BaseVO,src/main/java/arisuinfo/com/bind/BaseVO.java,IN_SCOPE
src/main/java/arisuinfo/cm/auth/auth/vo/user/AuthUsrVO.java,arisuinfo.com.enums.SysSeCd,src/main/java/arisuinfo/com/enums/SysSeCd.java,IN_SCOPE
src/main/java/arisuinfo/cm/auth/auth/web/AuthAplyController.java,arisuinfo.cm.auth.auth.service.AuthAplyService,src/main/java/arisuinfo/cm/auth/auth/service/AuthAplyService.java,IN_SCOPE
src/main/java/arisuinfo/cm/auth/auth/web/AuthAplyController.java,arisuinfo.com.web.BaseController,src/main/java/arisuinfo/com/web/BaseController.java,IN_SCOPE
src/main/java/arisuinfo/cm/auth/auth/web/AuthAplyController.java,arisuinfo.common.ria.nexacro.map.NexacroMapDTO,src/main/java/arisuinfo/common/ria/nexacro/map/NexacroMapDTO.java,IN_SCOPE
src/main/java/arisuinfo/cm/auth/auth/web/AuthController.java,arisuinfo.cm.auth.auth.service.AuthService,src/main/java/arisuinfo/cm/auth/auth/service/AuthService.java,IN_SCOPE
src/main/java/arisuinfo/cm/auth/auth/web/AuthController.java,arisuinfo.cm.auth.auth.service.AuthMenuService,src/main/java/arisuinfo/cm/auth/auth/service/AuthMenuService.java,IN_SCOPE
src/main/java/arisuinfo/cm/auth/auth/web/AuthController.java,arisuinfo.cm.auth.auth.service.AuthUserService,src/main/java/arisuinfo/cm/auth/auth/service/AuthUserService.java,IN_SCOPE
src/main/java/arisuinfo/cm/auth/auth/web/AuthController.java,arisuinfo.com.web.BaseController,src/main/java/arisuinfo/com/web/BaseController.java,IN_SCOPE
src/main/java/arisuinfo/cm/auth/auth/web/AuthController.java,arisuinfo.common.ria.nexacro.map.NexacroMapDTO,src/main/java/arisuinfo/common/ria/nexacro/map/NexacroMapDTO.java,IN_SCOPE
src/main/java/arisuinfo/cm/auth/menu/mapper/MenuMapper.java,arisuinfo.cm.auth.menu.vo.MenuAuthVO,src/main/java/arisuinfo/cm/auth/menu/vo/MenuAuthVO.java,IN_SCOPE
src/main/java/arisuinfo/cm/auth/menu/mapper/MenuMapper.java,arisuinfo.cm.auth.menu.vo.MenuInfoVO,src/main/java/arisuinfo/cm/auth/menu/vo/MenuInfoVO.java,IN_SCOPE
src/main/java/arisuinfo/cm/auth/menu/mapper/MenuMapper.java,arisuinfo.cm.auth.menu.vo.MenuSearchVO,src/main/java/arisuinfo/cm/auth/menu/vo/MenuSearchVO.java,IN_SCOPE
src/main/java/arisuinfo/cm/auth/menu/mapper/MenuMapper.java,arisuinfo.cm.auth.menu.vo.MenuTreeVO,src/main/java/arisuinfo/cm/auth/menu/vo/MenuTreeVO.java,IN_SCOPE
src/main/java/arisuinfo/cm/auth/menu/mapper/MenuMapper.java,arisuinfo.cm.auth.menu.vo.MenuUsrVO,src/main/java/arisuinfo/cm/auth/menu/vo/MenuUsrVO.java,IN_SCOPE
src/main/java/arisuinfo/cm/auth/menu/mapper/MenuMapper.java,arisuinfo.cm.auth.menu.vo.MenuVO,src/main/java/arisuinfo/cm/auth/menu/vo/MenuVO.java,IN_SCOPE
src/main/java/arisuinfo/cm/auth/menu/mapper/MenuMapper.java,arisuinfo.com.enums.SysSeCd,src/main/java/arisuinfo/com/enums/SysSeCd.java,IN_SCOPE
src/main/java/arisuinfo/cm/auth/menu/service/impl/MenuServiceImpl.java,arisuinfo.com.exception.BizException,src/main/java/arisuinfo/com/exception/BizException.java,IN_SCOPE
src/main/java/arisuinfo/cm/auth/menu/service/impl/MenuServiceImpl.java,arisuinfo.cm.auth.menu.mapper.MenuMapper,src/main/java/arisuinfo/cm/auth/menu/mapper/MenuMapper.java,IN_SCOPE
src/main/java/arisuinfo/cm/auth/menu/service/impl/MenuServiceImpl.java,arisuinfo.cm.auth.menu.service.MenuService,src/main/java/arisuinfo/cm/auth/menu/service/MenuService.java,IN_SCOPE
src/main/java/arisuinfo/cm/auth/menu/service/impl/MenuServiceImpl.java,arisuinfo.cm.auth.menu.vo.MenuAuthVO,src/main/java/arisuinfo/cm/auth/menu/vo/MenuAuthVO.java,IN_SCOPE
src/main/java/arisuinfo/cm/auth/menu/service/impl/MenuServiceImpl.java,arisuinfo.cm.auth.menu.vo.MenuInfoVO,src/main/java/arisuinfo/cm/auth/menu/vo/MenuInfoVO.java,IN_SCOPE
src/main/java/arisuinfo/cm/auth/menu/service/impl/MenuServiceImpl.java,arisuinfo.cm.auth.menu.vo.MenuSearchVO,src/main/java/arisuinfo/cm/auth/menu/vo/MenuSearchVO.java,IN_SCOPE
src/main/java/arisuinfo/cm/auth/menu/service/impl/MenuServiceImpl.java,arisuinfo.cm.auth.menu.vo.MenuTreeVO,src/main/java/arisuinfo/cm/auth/menu/vo/MenuTreeVO.java,IN_SCOPE
src/main/java/arisuinfo/cm/auth/menu/service/impl/MenuServiceImpl.java,arisuinfo.cm.auth.menu.vo.MenuUsrVO,src/main/java/arisuinfo/cm/auth/menu/vo/MenuUsrVO.java,IN_SCOPE
src/main/java/arisuinfo/cm/auth/menu/service/impl/MenuServiceImpl.java,arisuinfo.cm.auth.menu.vo.MenuVO,src/main/java/arisuinfo/cm/auth/menu/vo/MenuVO.java,IN_SCOPE
src/main/java/arisuinfo/cm/auth/menu/service/impl/MenuServiceImpl.java,arisuinfo.com.enums.RowType,src/main/java/arisuinfo/com/enums/RowType.java,IN_SCOPE
src/main/java/arisuinfo/cm/auth/menu/service/impl/MenuServiceImpl.java,arisuinfo.com.enums.SysSeCd,src/main/java/arisuinfo/com/enums/SysSeCd.java,IN_SCOPE
src/main/java/arisuinfo/cm/auth/menu/service/impl/MenuServiceImpl.java,arisuinfo.common.ria.nexacro.map.DataSetMap,src/main/java/arisuinfo/common/ria/nexacro/map/DataSetMap.java,IN_SCOPE
src/main/java/arisuinfo/cm/auth/menu/service/impl/MenuServiceImpl.java,arisuinfo.common.ria.nexacro.map.DataSetMapConverter,src/main/java/arisuinfo/common/ria/nexacro/map/DataSetMapConverter.java,IN_SCOPE
src/main/java/arisuinfo/cm/auth/menu/service/MenuService.java,arisuinfo.common.ria.nexacro.map.DataSetMap,src/main/java/arisuinfo/common/ria/nexacro/map/DataSetMap.java,IN_SCOPE
src/main/java/arisuinfo/cm/auth/menu/vo/MenuAuthVO.java,arisuinfo.com.bind.BaseVO,src/main/java/arisuinfo/com/bind/BaseVO.java,IN_SCOPE
src/main/java/arisuinfo/cm/auth/menu/vo/MenuAuthVO.java,arisuinfo.com.enums.SysSeCd,src/main/java/arisuinfo/com/enums/SysSeCd.java,IN_SCOPE
src/main/java/arisuinfo/cm/auth/menu/vo/MenuBaseVO.java,arisuinfo.cm.auth.menu.vo.user.UsrAuthMenuLmtPgmVO,src/main/java/arisuinfo/cm/auth/menu/vo/user/UsrAuthMenuLmtPgmVO.java,IN_SCOPE
src/main/java/arisuinfo/cm/auth/menu/vo/MenuBaseVO.java,arisuinfo.cm.auth.menu.vo.user.UsrAuthMenuTreeVO,src/main/java/arisuinfo/cm/auth/menu/vo/user/UsrAuthMenuTreeVO.java,IN_SCOPE
src/main/java/arisuinfo/cm/auth/menu/vo/MenuBaseVO.java,arisuinfo.cm.auth.pgm.vo.PgmBaseVO,src/main/java/arisuinfo/cm/auth/pgm/vo/PgmBaseVO.java,IN_SCOPE
src/main/java/arisuinfo/cm/auth/menu/vo/MenuSearchVO.java,arisuinfo.com.bind.BaseVO,src/main/java/arisuinfo/com/bind/BaseVO.java,IN_SCOPE
src/main/java/arisuinfo/cm/auth/menu/vo/MenuSearchVO.java,arisuinfo.com.enums.SysSeCd,src/main/java/arisuinfo/com/enums/SysSeCd.java,IN_SCOPE
src/main/java/arisuinfo/cm/auth/menu/vo/MenuTreeSearchVO.java,arisuinfo.com.bind.BaseVO,src/main/java/arisuinfo/com/bind/BaseVO.java,IN_SCOPE
src/main/java/arisuinfo/cm/auth/menu/vo/MenuTreeSearchVO.java,arisuinfo.com.enums.SysSeCd,src/main/java/arisuinfo/com/enums/SysSeCd.java,IN_SCOPE
src/main/java/arisuinfo/cm/auth/menu/vo/MenuTreeVO.java,arisuinfo.com.bind.BaseVO,src/main/java/arisuinfo/com/bind/BaseVO.java,IN_SCOPE
src/main/java/arisuinfo/cm/auth/menu/vo/MenuTreeVO.java,arisuinfo.com.enums.SysSeCd,src/main/java/arisuinfo/com/enums/SysSeCd.java,IN_SCOPE
src/main/java/arisuinfo/cm/auth/menu/vo/MenuUsrVO.java,arisuinfo.com.enums.SysSeCd,src/main/java/arisuinfo/com/enums/SysSeCd.java,IN_SCOPE
src/main/java/arisuinfo/cm/auth/menu/vo/MenuVO.java,arisuinfo.com.bind.BaseVO,src/main/java/arisuinfo/com/bind/BaseVO.java,IN_SCOPE
src/main/java/arisuinfo/cm/auth/menu/vo/MenuVO.java,arisuinfo.com.enums.SysSeCd,src/main/java/arisuinfo/com/enums/SysSeCd.java,IN_SCOPE
src/main/java/arisuinfo/cm/auth/menu/vo/user/MenuPrgrmDtlVO.java,arisuinfo.com.bind.BaseVO,src/main/java/arisuinfo/com/bind/BaseVO.java,IN_SCOPE
src/main/java/arisuinfo/cm/auth/menu/vo/user/MenuPrgrmDtlVO.java,arisuinfo.com.enums.SysSeCd,src/main/java/arisuinfo/com/enums/SysSeCd.java,IN_SCOPE
src/main/java/arisuinfo/cm/auth/menu/vo/user/UserMenuVO.java,arisuinfo.cm.auth.auth.enums.ProcStatusCd,src/main/java/arisuinfo/cm/auth/auth/enums/ProcStatusCd.java,IN_SCOPE
src/main/java/arisuinfo/cm/auth/menu/vo/user/UserMenuVO.java,arisuinfo.com.bind.BaseVO,src/main/java/arisuinfo/com/bind/BaseVO.java,IN_SCOPE
src/main/java/arisuinfo/cm/auth/menu/vo/user/UserMenuVO.java,arisuinfo.com.enums.SysSeCd,src/main/java/arisuinfo/com/enums/SysSeCd.java,IN_SCOPE
src/main/java/arisuinfo/cm/auth/menu/vo/user/UserPrgrmLmtKeyVO.java,arisuinfo.com.bind.BaseVO,src/main/java/arisuinfo/com/bind/BaseVO.java,IN_SCOPE
src/main/java/arisuinfo/cm/auth/menu/vo/user/UserPrgrmLmtKeyVO.java,arisuinfo.com.enums.SysSeCd,src/main/java/arisuinfo/com/enums/SysSeCd.java,IN_SCOPE
src/main/java/arisuinfo/cm/auth/menu/vo/user/UserPrgrmLmtVO.java,arisuinfo.cm.auth.auth.enums.ProcStatusCd,src/main/java/arisuinfo/cm/auth/auth/enums/ProcStatusCd.java,IN_SCOPE
src/main/java/arisuinfo/cm/auth/menu/vo/user/UsrAuthMenuLmtPgmVO.java,arisuinfo.com.enums.SysSeCd,src/main/java/arisuinfo/com/enums/SysSeCd.java,IN_SCOPE
src/main/java/arisuinfo/cm/auth/menu/vo/user/UsrAuthMenuTreeVO.java,arisuinfo.cm.auth.menu.vo.MenuBaseVO,src/main/java/arisuinfo/cm/auth/menu/vo/MenuBaseVO.java,IN_SCOPE
src/main/java/arisuinfo/cm/auth/menu/vo/user/UsrAuthMenuTreeVO.java,arisuinfo.com.bind.BaseVO,src/main/java/arisuinfo/com/bind/BaseVO.java,IN_SCOPE
src/main/java/arisuinfo/cm/auth/menu/vo/user/UsrAuthMenuTreeVO.java,arisuinfo.com.enums.SysSeCd,src/main/java/arisuinfo/com/enums/SysSeCd.java,IN_SCOPE
src/main/java/arisuinfo/cm/auth/menu/vo/user/UsrMenuBaseVO.java,arisuinfo.cm.auth.menu.vo.MenuBaseVO,src/main/java/arisuinfo/cm/auth/menu/vo/MenuBaseVO.java,IN_SCOPE
src/main/java/arisuinfo/cm/auth/menu/vo/user/UsrMenuBaseVO.java,arisuinfo.com.bind.BaseVO,src/main/java/arisuinfo/com/bind/BaseVO.java,IN_SCOPE
src/main/java/arisuinfo/cm/auth/menu/web/MenuController.java,arisuinfo.cm.auth.menu.service.MenuService,src/main/java/arisuinfo/cm/auth/menu/service/MenuService.java,IN_SCOPE
src/main/java/arisuinfo/cm/auth/menu/web/MenuController.java,arisuinfo.com.web.BaseController,src/main/java/arisuinfo/com/web/BaseController.java,IN_SCOPE
src/main/java/arisuinfo/cm/auth/menu/web/MenuController.java,arisuinfo.common.ria.nexacro.map.NexacroMapDTO,src/main/java/arisuinfo/common/ria/nexacro/map/NexacroMapDTO.java,IN_SCOPE
src/main/java/arisuinfo/cm/auth/pgm/mapper/PgmMapper.java,arisuinfo.cm.auth.pgm.vo.PgmDtlBaseVO,src/main/java/arisuinfo/cm/auth/pgm/vo/PgmDtlBaseVO.java,IN_SCOPE
src/main/java/arisuinfo/cm/auth/pgm/mapper/PgmMapper.java,arisuinfo.cm.auth.pgm.vo.PgmDtlVO,src/main/java/arisuinfo/cm/auth/pgm/vo/PgmDtlVO.java,IN_SCOPE
src/main/java/arisuinfo/cm/auth/pgm/mapper/PgmMapper.java,arisuinfo.cm.auth.pgm.vo.PgmInfoVO,src/main/java/arisuinfo/cm/auth/pgm/vo/PgmInfoVO.java,IN_SCOPE
src/main/java/arisuinfo/cm/auth/pgm/mapper/PgmMapper.java,arisuinfo.cm.auth.pgm.vo.PgmSearchVO,src/main/java/arisuinfo/cm/auth/pgm/vo/PgmSearchVO.java,IN_SCOPE
src/main/java/arisuinfo/cm/auth/pgm/mapper/PgmMapper.java,arisuinfo.cm.auth.pgm.vo.PgmTreeVO,src/main/java/arisuinfo/cm/auth/pgm/vo/PgmTreeVO.java,IN_SCOPE
src/main/java/arisuinfo/cm/auth/pgm/mapper/PgmMapper.java,arisuinfo.cm.auth.pgm.vo.PgmVO,src/main/java/arisuinfo/cm/auth/pgm/vo/PgmVO.java,IN_SCOPE
src/main/java/arisuinfo/cm/auth/pgm/service/impl/PgmServiceImpl.java,arisuinfo.com.util.StringUtil,src/main/java/arisuinfo/com/util/StringUtil.java,IN_SCOPE
src/main/java/arisuinfo/cm/auth/pgm/service/impl/PgmServiceImpl.java,arisuinfo.cm.auth.menu.service.MenuService,src/main/java/arisuinfo/cm/auth/menu/service/MenuService.java,IN_SCOPE
src/main/java/arisuinfo/cm/auth/pgm/service/impl/PgmServiceImpl.java,arisuinfo.cm.auth.pgm.mapper.PgmMapper,src/main/java/arisuinfo/cm/auth/pgm/mapper/PgmMapper.java,IN_SCOPE
src/main/java/arisuinfo/cm/auth/pgm/service/impl/PgmServiceImpl.java,arisuinfo.cm.auth.pgm.service.PgmService,src/main/java/arisuinfo/cm/auth/pgm/service/PgmService.java,IN_SCOPE
src/main/java/arisuinfo/cm/auth/pgm/service/impl/PgmServiceImpl.java,arisuinfo.cm.auth.pgm.vo.PgmDtlBaseVO,src/main/java/arisuinfo/cm/auth/pgm/vo/PgmDtlBaseVO.java,IN_SCOPE
src/main/java/arisuinfo/cm/auth/pgm/service/impl/PgmServiceImpl.java,arisuinfo.cm.auth.pgm.vo.PgmDtlVO,src/main/java/arisuinfo/cm/auth/pgm/vo/PgmDtlVO.java,IN_SCOPE
src/main/java/arisuinfo/cm/auth/pgm/service/impl/PgmServiceImpl.java,arisuinfo.cm.auth.pgm.vo.PgmInfoVO,src/main/java/arisuinfo/cm/auth/pgm/vo/PgmInfoVO.java,IN_SCOPE
src/main/java/arisuinfo/cm/auth/pgm/service/impl/PgmServiceImpl.java,arisuinfo.cm.auth.pgm.vo.PgmSaveVO,src/main/java/arisuinfo/cm/auth/pgm/vo/PgmSaveVO.java,IN_SCOPE
src/main/java/arisuinfo/cm/auth/pgm/service/impl/PgmServiceImpl.java,arisuinfo.cm.auth.pgm.vo.PgmSearchVO,src/main/java/arisuinfo/cm/auth/pgm/vo/PgmSearchVO.java,IN_SCOPE
src/main/java/arisuinfo/cm/auth/pgm/service/impl/PgmServiceImpl.java,arisuinfo.cm.auth.pgm.vo.PgmTreeVO,src/main/java/arisuinfo/cm/auth/pgm/vo/PgmTreeVO.java,IN_SCOPE
src/main/java/arisuinfo/cm/auth/pgm/service/impl/PgmServiceImpl.java,arisuinfo.cm.auth.pgm.vo.PgmVO,src/main/java/arisuinfo/cm/auth/pgm/vo/PgmVO.java,IN_SCOPE
src/main/java/arisuinfo/cm/auth/pgm/service/impl/PgmServiceImpl.java,arisuinfo.com.exception.BizException,src/main/java/arisuinfo/com/exception/BizException.java,IN_SCOPE
src/main/java/arisuinfo/cm/auth/pgm/service/impl/PgmServiceImpl.java,arisuinfo.com.enums.RowType,src/main/java/arisuinfo/com/enums/RowType.java,IN_SCOPE
src/main/java/arisuinfo/cm/auth/pgm/service/impl/PgmServiceImpl.java,arisuinfo.com.enums.SysSeCd,src/main/java/arisuinfo/com/enums/SysSeCd.java,IN_SCOPE
src/main/java/arisuinfo/cm/auth/pgm/service/impl/PgmServiceImpl.java,arisuinfo.common.ria.nexacro.map.DataSetMap,src/main/java/arisuinfo/common/ria/nexacro/map/DataSetMap.java,IN_SCOPE
src/main/java/arisuinfo/cm/auth/pgm/service/impl/PgmServiceImpl.java,arisuinfo.common.ria.nexacro.map.DataSetMapConverter,src/main/java/arisuinfo/common/ria/nexacro/map/DataSetMapConverter.java,IN_SCOPE
src/main/java/arisuinfo/cm/auth/pgm/service/PgmService.java,arisuinfo.common.ria.nexacro.map.DataSetMap,src/main/java/arisuinfo/common/ria/nexacro/map/DataSetMap.java,IN_SCOPE
src/main/java/arisuinfo/cm/auth/pgm/vo/PgmDtlVO.java,arisuinfo.com.bind.BaseVO,src/main/java/arisuinfo/com/bind/BaseVO.java,IN_SCOPE
src/main/java/arisuinfo/cm/auth/pgm/vo/PgmRelVO.java,arisuinfo.com.bind.BaseVO,src/main/java/arisuinfo/com/bind/BaseVO.java,IN_SCOPE
src/main/java/arisuinfo/cm/auth/pgm/vo/PgmSearchVO.java,arisuinfo.com.bind.BaseVO,src/main/java/arisuinfo/com/bind/BaseVO.java,IN_SCOPE
src/main/java/arisuinfo/cm/auth/pgm/vo/PgmSearchVO.java,arisuinfo.com.enums.SysSeCd,src/main/java/arisuinfo/com/enums/SysSeCd.java,IN_SCOPE
src/main/java/arisuinfo/cm/auth/pgm/vo/PgmVO.java,arisuinfo.com.bind.BaseVO,src/main/java/arisuinfo/com/bind/BaseVO.java,IN_SCOPE
src/main/java/arisuinfo/cm/auth/pgm/vo/UserPgmSearchVO.java,arisuinfo.com.bind.BaseVO,src/main/java/arisuinfo/com/bind/BaseVO.java,IN_SCOPE
src/main/java/arisuinfo/cm/auth/pgm/vo/UserPgmSearchVO.java,arisuinfo.com.enums.SysSeCd,src/main/java/arisuinfo/com/enums/SysSeCd.java,IN_SCOPE
src/main/java/arisuinfo/cm/auth/pgm/web/PgmController.java,arisuinfo.cm.auth.pgm.service.PgmService,src/main/java/arisuinfo/cm/auth/pgm/service/PgmService.java,IN_SCOPE
src/main/java/arisuinfo/cm/auth/pgm/web/PgmController.java,arisuinfo.com.web.BaseController,src/main/java/arisuinfo/com/web/BaseController.java,IN_SCOPE
src/main/java/arisuinfo/cm/auth/pgm/web/PgmController.java,arisuinfo.common.ria.nexacro.map.NexacroMapDTO,src/main/java/arisuinfo/common/ria/nexacro/map/NexacroMapDTO.java,IN_SCOPE
src/main/java/arisuinfo/cm/bbs/enums/UtztnTrmsSeCd.java,arisuinfo.com.enums.CodeEnum,src/main/java/arisuinfo/com/enums/CodeEnum.java,IN_SCOPE
src/main/java/arisuinfo/cm/bbs/enums/UtztnTrmsSeCd.java,arisuinfo.com.enums.CodeEnumTypeHandler,src/main/java/arisuinfo/com/enums/CodeEnumTypeHandler.java,IN_SCOPE
src/main/java/arisuinfo/cm/bbs/enums/UtztnTrmsStatusCd.java,arisuinfo.com.enums.CodeEnum,src/main/java/arisuinfo/com/enums/CodeEnum.java,IN_SCOPE
src/main/java/arisuinfo/cm/bbs/enums/UtztnTrmsStatusCd.java,arisuinfo.com.enums.CodeEnumTypeHandler,src/main/java/arisuinfo/com/enums/CodeEnumTypeHandler.java,IN_SCOPE
src/main/java/arisuinfo/cm/bbs/mapper/BbsDocMngMapper.java,arisuinfo.cm.bbs.vo.BbsDocMngVO,src/main/java/arisuinfo/cm/bbs/vo/BbsDocMngVO.java,IN_SCOPE
src/main/java/arisuinfo/cm/bbs/mapper/BbsFaqMngMapper.java,arisuinfo.cm.bbs.vo.BbsFaqMngVO,src/main/java/arisuinfo/cm/bbs/vo/BbsFaqMngVO.java,IN_SCOPE
src/main/java/arisuinfo/cm/bbs/mapper/BbsMngMapper.java,arisuinfo.cm.bbs.vo.BbsMngVO,src/main/java/arisuinfo/cm/bbs/vo/BbsMngVO.java,IN_SCOPE
src/main/java/arisuinfo/cm/bbs/mapper/BbsNtcMngMapper.java,arisuinfo.cm.bbs.vo.BbsNtcMngVO,src/main/java/arisuinfo/cm/bbs/vo/BbsNtcMngVO.java,IN_SCOPE
src/main/java/arisuinfo/cm/bbs/mapper/BbsQnaMngMapper.java,arisuinfo.cm.bbs.vo.BbsQnaMngVO,src/main/java/arisuinfo/cm/bbs/vo/BbsQnaMngVO.java,IN_SCOPE
src/main/java/arisuinfo/cm/bbs/mapper/BbsUtztnTrmsAgreMapper.java,arisuinfo.cm.bbs.vo.BbsUtztnTrmsAgreSearchVO,src/main/java/arisuinfo/cm/bbs/vo/BbsUtztnTrmsAgreSearchVO.java,IN_SCOPE
src/main/java/arisuinfo/cm/bbs/mapper/BbsUtztnTrmsAgreMapper.java,arisuinfo.cm.bbs.vo.BbsUtztnTrmsAgreVO,src/main/java/arisuinfo/cm/bbs/vo/BbsUtztnTrmsAgreVO.java,IN_SCOPE
src/main/java/arisuinfo/cm/bbs/mapper/BbsUtztnTrmsMapper.java,arisuinfo.cm.bbs.vo.BbsUtztnTrmsSearchVO,src/main/java/arisuinfo/cm/bbs/vo/BbsUtztnTrmsSearchVO.java,IN_SCOPE
src/main/java/arisuinfo/cm/bbs/mapper/BbsUtztnTrmsMapper.java,arisuinfo.cm.bbs.vo.BbsUtztnTrmsVO,src/main/java/arisuinfo/cm/bbs/vo/BbsUtztnTrmsVO.java,IN_SCOPE
src/main/java/arisuinfo/cm/bbs/service/BbsDocMngService.java,arisuinfo.common.ria.nexacro.map.DataSetMap,src/main/java/arisuinfo/common/ria/nexacro/map/DataSetMap.java,IN_SCOPE
src/main/java/arisuinfo/cm/bbs/service/BbsFaqMngService.java,arisuinfo.common.ria.nexacro.map.DataSetMap,src/main/java/arisuinfo/common/ria/nexacro/map/DataSetMap.java,IN_SCOPE
src/main/java/arisuinfo/cm/bbs/service/BbsMngService.java,arisuinfo.common.ria.nexacro.map.DataSetMap,src/main/java/arisuinfo/common/ria/nexacro/map/DataSetMap.java,IN_SCOPE
src/main/java/arisuinfo/cm/bbs/service/BbsNtcMngService.java,arisuinfo.cm.bbs.vo.BbsNtcMngVO,src/main/java/arisuinfo/cm/bbs/vo/BbsNtcMngVO.java,IN_SCOPE
src/main/java/arisuinfo/cm/bbs/service/BbsNtcMngService.java,arisuinfo.common.ria.nexacro.map.DataSetMap,src/main/java/arisuinfo/common/ria/nexacro/map/DataSetMap.java,IN_SCOPE
src/main/java/arisuinfo/cm/bbs/service/BbsQnaMngService.java,arisuinfo.common.ria.nexacro.map.DataSetMap,src/main/java/arisuinfo/common/ria/nexacro/map/DataSetMap.java,IN_SCOPE
src/main/java/arisuinfo/cm/bbs/service/BbsUtztnTrmsAgreService.java,arisuinfo.cm.bbs.vo.BbsUtztnTrmsAgreVO,src/main/java/arisuinfo/cm/bbs/vo/BbsUtztnTrmsAgreVO.java,IN_SCOPE
src/main/java/arisuinfo/cm/bbs/service/BbsUtztnTrmsAgreService.java,arisuinfo.common.ria.nexacro.map.DataSetMap,src/main/java/arisuinfo/common/ria/nexacro/map/DataSetMap.java,IN_SCOPE
src/main/java/arisuinfo/cm/bbs/service/BbsUtztnTrmsService.java,arisuinfo.common.ria.nexacro.map.DataSetMap,src/main/java/arisuinfo/common/ria/nexacro/map/DataSetMap.java,IN_SCOPE
src/main/java/arisuinfo/cm/bbs/service/impl/BbsDocMngServiceImpl.java,arisuinfo.cm.bbs.mapper.BbsDocMngMapper,src/main/java/arisuinfo/cm/bbs/mapper/BbsDocMngMapper.java,IN_SCOPE
src/main/java/arisuinfo/cm/bbs/service/impl/BbsDocMngServiceImpl.java,arisuinfo.cm.bbs.service.BbsDocMngService,src/main/java/arisuinfo/cm/bbs/service/BbsDocMngService.java,IN_SCOPE
src/main/java/arisuinfo/cm/bbs/service/impl/BbsDocMngServiceImpl.java,arisuinfo.cm.bbs.vo.BbsDocMngVO,src/main/java/arisuinfo/cm/bbs/vo/BbsDocMngVO.java,IN_SCOPE
src/main/java/arisuinfo/cm/bbs/service/impl/BbsDocMngServiceImpl.java,arisuinfo.com.fileUpload.mapper.FileUploadMapper,src/main/java/arisuinfo/com/fileUpload/mapper/FileUploadMapper.java,IN_SCOPE
src/main/java/arisuinfo/cm/bbs/service/impl/BbsDocMngServiceImpl.java,arisuinfo.com.fileUpload.service.FileUploadVO,src/main/java/arisuinfo/com/fileUpload/service/FileUploadVO.java,IN_SCOPE
src/main/java/arisuinfo/cm/bbs/service/impl/BbsDocMngServiceImpl.java,arisuinfo.com.util.SessionUtil,src/main/java/arisuinfo/com/util/SessionUtil.java,IN_SCOPE
src/main/java/arisuinfo/cm/bbs/service/impl/BbsDocMngServiceImpl.java,arisuinfo.com.util.StringUtil,src/main/java/arisuinfo/com/util/StringUtil.java,IN_SCOPE
src/main/java/arisuinfo/cm/bbs/service/impl/BbsDocMngServiceImpl.java,arisuinfo.com.util.XssUtil,src/main/java/arisuinfo/com/util/XssUtil.java,IN_SCOPE
src/main/java/arisuinfo/cm/bbs/service/impl/BbsDocMngServiceImpl.java,arisuinfo.common.ria.nexacro.map.DataSetMap,src/main/java/arisuinfo/common/ria/nexacro/map/DataSetMap.java,IN_SCOPE
src/main/java/arisuinfo/cm/bbs/service/impl/BbsDocMngServiceImpl.java,arisuinfo.com.exception.BizException,src/main/java/arisuinfo/com/exception/BizException.java,IN_SCOPE
src/main/java/arisuinfo/cm/bbs/service/impl/BbsDocMngServiceImpl.java,arisuinfo.com.security.AuthzService,src/main/java/arisuinfo/com/security/AuthzService.java,IN_SCOPE
src/main/java/arisuinfo/cm/bbs/service/impl/BbsFaqMngServiceImpl.java,arisuinfo.cm.bbs.mapper.BbsFaqMngMapper,src/main/java/arisuinfo/cm/bbs/mapper/BbsFaqMngMapper.java,IN_SCOPE
src/main/java/arisuinfo/cm/bbs/service/impl/BbsFaqMngServiceImpl.java,arisuinfo.cm.bbs.service.BbsFaqMngService,src/main/java/arisuinfo/cm/bbs/service/BbsFaqMngService.java,IN_SCOPE
src/main/java/arisuinfo/cm/bbs/service/impl/BbsFaqMngServiceImpl.java,arisuinfo.cm.bbs.vo.BbsFaqMngVO,src/main/java/arisuinfo/cm/bbs/vo/BbsFaqMngVO.java,IN_SCOPE
src/main/java/arisuinfo/cm/bbs/service/impl/BbsFaqMngServiceImpl.java,arisuinfo.com.util.SessionUtil,src/main/java/arisuinfo/com/util/SessionUtil.java,IN_SCOPE
src/main/java/arisuinfo/cm/bbs/service/impl/BbsFaqMngServiceImpl.java,arisuinfo.com.util.StringUtil,src/main/java/arisuinfo/com/util/StringUtil.java,IN_SCOPE
src/main/java/arisuinfo/cm/bbs/service/impl/BbsFaqMngServiceImpl.java,arisuinfo.com.util.XssUtil,src/main/java/arisuinfo/com/util/XssUtil.java,IN_SCOPE
src/main/java/arisuinfo/cm/bbs/service/impl/BbsFaqMngServiceImpl.java,arisuinfo.com.exception.BizException,src/main/java/arisuinfo/com/exception/BizException.java,IN_SCOPE
src/main/java/arisuinfo/cm/bbs/service/impl/BbsFaqMngServiceImpl.java,arisuinfo.common.ria.nexacro.map.DataSetMap,src/main/java/arisuinfo/common/ria/nexacro/map/DataSetMap.java,IN_SCOPE
src/main/java/arisuinfo/cm/bbs/service/impl/BbsFaqMngServiceImpl.java,arisuinfo.com.fileUpload.mapper.FileUploadMapper,src/main/java/arisuinfo/com/fileUpload/mapper/FileUploadMapper.java,IN_SCOPE
src/main/java/arisuinfo/cm/bbs/service/impl/BbsFaqMngServiceImpl.java,arisuinfo.com.fileUpload.service.FileUploadVO,src/main/java/arisuinfo/com/fileUpload/service/FileUploadVO.java,IN_SCOPE
src/main/java/arisuinfo/cm/bbs/service/impl/BbsFaqMngServiceImpl.java,arisuinfo.com.security.AuthzService,src/main/java/arisuinfo/com/security/AuthzService.java,IN_SCOPE
src/main/java/arisuinfo/cm/bbs/service/impl/BbsMngServiceImpl.java,arisuinfo.cm.bbs.mapper.BbsFaqMngMapper,src/main/java/arisuinfo/cm/bbs/mapper/BbsFaqMngMapper.java,IN_SCOPE
src/main/java/arisuinfo/cm/bbs/service/impl/BbsMngServiceImpl.java,arisuinfo.cm.bbs.mapper.BbsNtcMngMapper,src/main/java/arisuinfo/cm/bbs/mapper/BbsNtcMngMapper.java,IN_SCOPE
src/main/java/arisuinfo/cm/bbs/service/impl/BbsMngServiceImpl.java,arisuinfo.cm.bbs.service.BbsQnaMngService,src/main/java/arisuinfo/cm/bbs/service/BbsQnaMngService.java,IN_SCOPE
src/main/java/arisuinfo/cm/bbs/service/impl/BbsMngServiceImpl.java,arisuinfo.cm.bbs.vo.BbsFaqMngVO,src/main/java/arisuinfo/cm/bbs/vo/BbsFaqMngVO.java,IN_SCOPE
src/main/java/arisuinfo/cm/bbs/service/impl/BbsMngServiceImpl.java,arisuinfo.cm.bbs.vo.BbsNtcMngVO,src/main/java/arisuinfo/cm/bbs/vo/BbsNtcMngVO.java,IN_SCOPE
src/main/java/arisuinfo/cm/bbs/service/impl/BbsMngServiceImpl.java,arisuinfo.com.util.SessionUtil,src/main/java/arisuinfo/com/util/SessionUtil.java,IN_SCOPE
src/main/java/arisuinfo/cm/bbs/service/impl/BbsMngServiceImpl.java,arisuinfo.com.util.StringUtil,src/main/java/arisuinfo/com/util/StringUtil.java,IN_SCOPE
src/main/java/arisuinfo/cm/bbs/service/impl/BbsMngServiceImpl.java,arisuinfo.com.util.XssUtil,src/main/java/arisuinfo/com/util/XssUtil.java,IN_SCOPE
src/main/java/arisuinfo/cm/bbs/service/impl/BbsMngServiceImpl.java,arisuinfo.common.ria.nexacro.map.DataSetMap,src/main/java/arisuinfo/common/ria/nexacro/map/DataSetMap.java,IN_SCOPE
src/main/java/arisuinfo/cm/bbs/service/impl/BbsMngServiceImpl.java,arisuinfo.com.fileUpload.mapper.FileUploadMapper,src/main/java/arisuinfo/com/fileUpload/mapper/FileUploadMapper.java,IN_SCOPE
src/main/java/arisuinfo/cm/bbs/service/impl/BbsMngServiceImpl.java,arisuinfo.cm.bbs.mapper.BbsMngMapper,src/main/java/arisuinfo/cm/bbs/mapper/BbsMngMapper.java,IN_SCOPE
src/main/java/arisuinfo/cm/bbs/service/impl/BbsMngServiceImpl.java,arisuinfo.cm.bbs.service.BbsMngService,src/main/java/arisuinfo/cm/bbs/service/BbsMngService.java,IN_SCOPE
src/main/java/arisuinfo/cm/bbs/service/impl/BbsMngServiceImpl.java,arisuinfo.cm.bbs.vo.BbsMngVO,src/main/java/arisuinfo/cm/bbs/vo/BbsMngVO.java,IN_SCOPE
src/main/java/arisuinfo/cm/bbs/service/impl/BbsMngServiceImpl.java,arisuinfo.com.security.AuthzService,src/main/java/arisuinfo/com/security/AuthzService.java,IN_SCOPE
src/main/java/arisuinfo/cm/bbs/service/impl/BbsMngServiceImpl.java,arisuinfo.com.exception.BizException,src/main/java/arisuinfo/com/exception/BizException.java,IN_SCOPE
src/main/java/arisuinfo/cm/bbs/service/impl/BbsNtcMngServiceImpl.java,arisuinfo.cm.bbs.mapper.BbsNtcMngMapper,src/main/java/arisuinfo/cm/bbs/mapper/BbsNtcMngMapper.java,IN_SCOPE
src/main/java/arisuinfo/cm/bbs/service/impl/BbsNtcMngServiceImpl.java,arisuinfo.cm.bbs.vo.BbsNtcMngVO,src/main/java/arisuinfo/cm/bbs/vo/BbsNtcMngVO.java,IN_SCOPE
src/main/java/arisuinfo/cm/bbs/service/impl/BbsNtcMngServiceImpl.java,arisuinfo.com.exception.BizException,src/main/java/arisuinfo/com/exception/BizException.java,IN_SCOPE
src/main/java/arisuinfo/cm/bbs/service/impl/BbsNtcMngServiceImpl.java,arisuinfo.com.fileUpload.mapper.FileUploadMapper,src/main/java/arisuinfo/com/fileUpload/mapper/FileUploadMapper.java,IN_SCOPE
src/main/java/arisuinfo/cm/bbs/service/impl/BbsNtcMngServiceImpl.java,arisuinfo.com.fileUpload.service.FileUploadVO,src/main/java/arisuinfo/com/fileUpload/service/FileUploadVO.java,IN_SCOPE
src/main/java/arisuinfo/cm/bbs/service/impl/BbsNtcMngServiceImpl.java,arisuinfo.com.util.SessionUtil,src/main/java/arisuinfo/com/util/SessionUtil.java,IN_SCOPE
src/main/java/arisuinfo/cm/bbs/service/impl/BbsNtcMngServiceImpl.java,arisuinfo.com.util.StringUtil,src/main/java/arisuinfo/com/util/StringUtil.java,IN_SCOPE
src/main/java/arisuinfo/cm/bbs/service/impl/BbsNtcMngServiceImpl.java,arisuinfo.com.util.XssUtil,src/main/java/arisuinfo/com/util/XssUtil.java,IN_SCOPE
src/main/java/arisuinfo/cm/bbs/service/impl/BbsNtcMngServiceImpl.java,arisuinfo.common.ria.nexacro.map.DataSetMap,src/main/java/arisuinfo/common/ria/nexacro/map/DataSetMap.java,IN_SCOPE
src/main/java/arisuinfo/cm/bbs/service/impl/BbsNtcMngServiceImpl.java,arisuinfo.com.security.AuthzService,src/main/java/arisuinfo/com/security/AuthzService.java,IN_SCOPE
src/main/java/arisuinfo/cm/bbs/service/impl/BbsNtcMngServiceImpl.java,arisuinfo.cm.bbs.service.BbsNtcMngService,src/main/java/arisuinfo/cm/bbs/service/BbsNtcMngService.java,IN_SCOPE
src/main/java/arisuinfo/cm/bbs/service/impl/BbsQnaMngServiceImpl.java,arisuinfo.cm.bbs.mapper.BbsMngMapper,src/main/java/arisuinfo/cm/bbs/mapper/BbsMngMapper.java,IN_SCOPE
src/main/java/arisuinfo/cm/bbs/service/impl/BbsQnaMngServiceImpl.java,arisuinfo.cm.bbs.mapper.BbsQnaMngMapper,src/main/java/arisuinfo/cm/bbs/mapper/BbsQnaMngMapper.java,IN_SCOPE
src/main/java/arisuinfo/cm/bbs/service/impl/BbsQnaMngServiceImpl.java,arisuinfo.cm.bbs.service.BbsQnaMngService,src/main/java/arisuinfo/cm/bbs/service/BbsQnaMngService.java,IN_SCOPE
src/main/java/arisuinfo/cm/bbs/service/impl/BbsQnaMngServiceImpl.java,arisuinfo.cm.bbs.vo.BbsQnaMngVO,src/main/java/arisuinfo/cm/bbs/vo/BbsQnaMngVO.java,IN_SCOPE
src/main/java/arisuinfo/cm/bbs/service/impl/BbsQnaMngServiceImpl.java,arisuinfo.com.fileUpload.mapper.FileUploadMapper,src/main/java/arisuinfo/com/fileUpload/mapper/FileUploadMapper.java,IN_SCOPE
src/main/java/arisuinfo/cm/bbs/service/impl/BbsQnaMngServiceImpl.java,arisuinfo.com.fileUpload.service.FileUploadVO,src/main/java/arisuinfo/com/fileUpload/service/FileUploadVO.java,IN_SCOPE
src/main/java/arisuinfo/cm/bbs/service/impl/BbsQnaMngServiceImpl.java,arisuinfo.com.security.AuthzService,src/main/java/arisuinfo/com/security/AuthzService.java,IN_SCOPE
src/main/java/arisuinfo/cm/bbs/service/impl/BbsQnaMngServiceImpl.java,arisuinfo.com.util.SessionUtil,src/main/java/arisuinfo/com/util/SessionUtil.java,IN_SCOPE
src/main/java/arisuinfo/cm/bbs/service/impl/BbsQnaMngServiceImpl.java,arisuinfo.com.util.StringUtil,src/main/java/arisuinfo/com/util/StringUtil.java,IN_SCOPE
src/main/java/arisuinfo/cm/bbs/service/impl/BbsQnaMngServiceImpl.java,arisuinfo.com.util.XssUtil,src/main/java/arisuinfo/com/util/XssUtil.java,IN_SCOPE
src/main/java/arisuinfo/cm/bbs/service/impl/BbsQnaMngServiceImpl.java,arisuinfo.com.exception.BizException,src/main/java/arisuinfo/com/exception/BizException.java,IN_SCOPE
src/main/java/arisuinfo/cm/bbs/service/impl/BbsQnaMngServiceImpl.java,arisuinfo.common.ria.nexacro.map.DataSetMap,src/main/java/arisuinfo/common/ria/nexacro/map/DataSetMap.java,IN_SCOPE
src/main/java/arisuinfo/cm/bbs/service/impl/BbsUtztnTrmsAgreServiceImpl.java,arisuinfo.cm.bbs.mapper.BbsUtztnTrmsAgreMapper,src/main/java/arisuinfo/cm/bbs/mapper/BbsUtztnTrmsAgreMapper.java,IN_SCOPE
src/main/java/arisuinfo/cm/bbs/service/impl/BbsUtztnTrmsAgreServiceImpl.java,arisuinfo.cm.bbs.service.BbsUtztnTrmsAgreService,src/main/java/arisuinfo/cm/bbs/service/BbsUtztnTrmsAgreService.java,IN_SCOPE
src/main/java/arisuinfo/cm/bbs/service/impl/BbsUtztnTrmsAgreServiceImpl.java,arisuinfo.cm.bbs.vo.BbsUtztnTrmsAgreSearchVO,src/main/java/arisuinfo/cm/bbs/vo/BbsUtztnTrmsAgreSearchVO.java,IN_SCOPE
src/main/java/arisuinfo/cm/bbs/service/impl/BbsUtztnTrmsAgreServiceImpl.java,arisuinfo.cm.bbs.vo.BbsUtztnTrmsAgreVO,src/main/java/arisuinfo/cm/bbs/vo/BbsUtztnTrmsAgreVO.java,IN_SCOPE
src/main/java/arisuinfo/cm/bbs/service/impl/BbsUtztnTrmsAgreServiceImpl.java,arisuinfo.com.util.SessionUtil,src/main/java/arisuinfo/com/util/SessionUtil.java,IN_SCOPE
src/main/java/arisuinfo/cm/bbs/service/impl/BbsUtztnTrmsAgreServiceImpl.java,arisuinfo.common.ria.nexacro.map.DataSetMap,src/main/java/arisuinfo/common/ria/nexacro/map/DataSetMap.java,IN_SCOPE
src/main/java/arisuinfo/cm/bbs/service/impl/BbsUtztnTrmsServiceImpl.java,arisuinfo.com.util.StringUtil,src/main/java/arisuinfo/com/util/StringUtil.java,IN_SCOPE
src/main/java/arisuinfo/cm/bbs/service/impl/BbsUtztnTrmsServiceImpl.java,arisuinfo.cm.bbs.enums.UtztnTrmsSeCd,src/main/java/arisuinfo/cm/bbs/enums/UtztnTrmsSeCd.java,IN_SCOPE
src/main/java/arisuinfo/cm/bbs/service/impl/BbsUtztnTrmsServiceImpl.java,arisuinfo.cm.bbs.enums.UtztnTrmsStatusCd,src/main/java/arisuinfo/cm/bbs/enums/UtztnTrmsStatusCd.java,IN_SCOPE
src/main/java/arisuinfo/cm/bbs/service/impl/BbsUtztnTrmsServiceImpl.java,arisuinfo.cm.bbs.mapper.BbsUtztnTrmsMapper,src/main/java/arisuinfo/cm/bbs/mapper/BbsUtztnTrmsMapper.java,IN_SCOPE
src/main/java/arisuinfo/cm/bbs/service/impl/BbsUtztnTrmsServiceImpl.java,arisuinfo.cm.bbs.service.BbsUtztnTrmsService,src/main/java/arisuinfo/cm/bbs/service/BbsUtztnTrmsService.java,IN_SCOPE
src/main/java/arisuinfo/cm/bbs/service/impl/BbsUtztnTrmsServiceImpl.java,arisuinfo.cm.bbs.vo.BbsUtztnTrmsSearchVO,src/main/java/arisuinfo/cm/bbs/vo/BbsUtztnTrmsSearchVO.java,IN_SCOPE
src/main/java/arisuinfo/cm/bbs/service/impl/BbsUtztnTrmsServiceImpl.java,arisuinfo.cm.bbs.vo.BbsUtztnTrmsVO,src/main/java/arisuinfo/cm/bbs/vo/BbsUtztnTrmsVO.java,IN_SCOPE
src/main/java/arisuinfo/cm/bbs/service/impl/BbsUtztnTrmsServiceImpl.java,arisuinfo.com.enums.RowType,src/main/java/arisuinfo/com/enums/RowType.java,IN_SCOPE
src/main/java/arisuinfo/cm/bbs/service/impl/BbsUtztnTrmsServiceImpl.java,arisuinfo.com.enums.SysSeCd,src/main/java/arisuinfo/com/enums/SysSeCd.java,IN_SCOPE
src/main/java/arisuinfo/cm/bbs/service/impl/BbsUtztnTrmsServiceImpl.java,arisuinfo.common.ria.nexacro.map.DataSetMap,src/main/java/arisuinfo/common/ria/nexacro/map/DataSetMap.java,IN_SCOPE
src/main/java/arisuinfo/cm/bbs/service/impl/BbsUtztnTrmsServiceImpl.java,arisuinfo.common.ria.nexacro.map.DataSetMapConverter,src/main/java/arisuinfo/common/ria/nexacro/map/DataSetMapConverter.java,IN_SCOPE
src/main/java/arisuinfo/cm/bbs/vo/BbsBaseVO.java,arisuinfo.com.service.PageDefaultVO,src/main/java/arisuinfo/com/service/PageDefaultVO.java,IN_SCOPE
src/main/java/arisuinfo/cm/bbs/vo/BbsUtztnTrmsAgreSearchVO.java,arisuinfo.com.bind.BaseVO,src/main/java/arisuinfo/com/bind/BaseVO.java,IN_SCOPE
src/main/java/arisuinfo/cm/bbs/vo/BbsUtztnTrmsAgreVO.java,arisuinfo.com.bind.BaseVO,src/main/java/arisuinfo/com/bind/BaseVO.java,IN_SCOPE
src/main/java/arisuinfo/cm/bbs/vo/BbsUtztnTrmsSearchVO.java,arisuinfo.cm.bbs.enums.UtztnTrmsSeCd,src/main/java/arisuinfo/cm/bbs/enums/UtztnTrmsSeCd.java,IN_SCOPE
src/main/java/arisuinfo/cm/bbs/vo/BbsUtztnTrmsSearchVO.java,arisuinfo.cm.bbs.enums.UtztnTrmsStatusCd,src/main/java/arisuinfo/cm/bbs/enums/UtztnTrmsStatusCd.java,IN_SCOPE
src/main/java/arisuinfo/cm/bbs/vo/BbsUtztnTrmsSearchVO.java,arisuinfo.com.bind.BaseVO,src/main/java/arisuinfo/com/bind/BaseVO.java,IN_SCOPE
src/main/java/arisuinfo/cm/bbs/vo/BbsUtztnTrmsSearchVO.java,arisuinfo.com.enums.SysSeCd,src/main/java/arisuinfo/com/enums/SysSeCd.java,IN_SCOPE
src/main/java/arisuinfo/cm/bbs/vo/BbsUtztnTrmsVO.java,arisuinfo.cm.bbs.enums.UtztnTrmsSeCd,src/main/java/arisuinfo/cm/bbs/enums/UtztnTrmsSeCd.java,IN_SCOPE
src/main/java/arisuinfo/cm/bbs/vo/BbsUtztnTrmsVO.java,arisuinfo.cm.bbs.enums.UtztnTrmsStatusCd,src/main/java/arisuinfo/cm/bbs/enums/UtztnTrmsStatusCd.java,IN_SCOPE
src/main/java/arisuinfo/cm/bbs/vo/BbsUtztnTrmsVO.java,arisuinfo.com.bind.BaseVO,src/main/java/arisuinfo/com/bind/BaseVO.java,IN_SCOPE
src/main/java/arisuinfo/cm/bbs/vo/BbsUtztnTrmsVO.java,arisuinfo.com.enums.SysSeCd,src/main/java/arisuinfo/com/enums/SysSeCd.java,IN_SCOPE
src/main/java/arisuinfo/cm/bbs/web/BbsDocMngController.java,arisuinfo.cm.bbs.service.BbsDocMngService,src/main/java/arisuinfo/cm/bbs/service/BbsDocMngService.java,IN_SCOPE
src/main/java/arisuinfo/cm/bbs/web/BbsDocMngController.java,arisuinfo.com.web.BaseController,src/main/java/arisuinfo/com/web/BaseController.java,IN_SCOPE
src/main/java/arisuinfo/cm/bbs/web/BbsDocMngController.java,arisuinfo.common.ria.nexacro.map.NexacroMapDTO,src/main/java/arisuinfo/common/ria/nexacro/map/NexacroMapDTO.java,IN_SCOPE
src/main/java/arisuinfo/cm/bbs/web/BbsFaqMngController.java,arisuinfo.com.web.BaseController,src/main/java/arisuinfo/com/web/BaseController.java,IN_SCOPE
src/main/java/arisuinfo/cm/bbs/web/BbsFaqMngController.java,arisuinfo.common.ria.nexacro.map.NexacroMapDTO,src/main/java/arisuinfo/common/ria/nexacro/map/NexacroMapDTO.java,IN_SCOPE
src/main/java/arisuinfo/cm/bbs/web/BbsFaqMngController.java,arisuinfo.cm.bbs.service.BbsFaqMngService,src/main/java/arisuinfo/cm/bbs/service/BbsFaqMngService.java,IN_SCOPE
src/main/java/arisuinfo/cm/bbs/web/BbsMngController.java,arisuinfo.cm.bbs.service.BbsMngService,src/main/java/arisuinfo/cm/bbs/service/BbsMngService.java,IN_SCOPE
src/main/java/arisuinfo/cm/bbs/web/BbsMngController.java,arisuinfo.com.web.BaseController,src/main/java/arisuinfo/com/web/BaseController.java,IN_SCOPE
src/main/java/arisuinfo/cm/bbs/web/BbsMngController.java,arisuinfo.common.ria.nexacro.map.NexacroMapDTO,src/main/java/arisuinfo/common/ria/nexacro/map/NexacroMapDTO.java,IN_SCOPE
src/main/java/arisuinfo/cm/bbs/web/BbsNtcMngController.java,arisuinfo.cm.bbs.service.BbsNtcMngService,src/main/java/arisuinfo/cm/bbs/service/BbsNtcMngService.java,IN_SCOPE
src/main/java/arisuinfo/cm/bbs/web/BbsNtcMngController.java,arisuinfo.com.web.BaseController,src/main/java/arisuinfo/com/web/BaseController.java,IN_SCOPE
src/main/java/arisuinfo/cm/bbs/web/BbsNtcMngController.java,arisuinfo.common.ria.nexacro.map.NexacroMapDTO,src/main/java/arisuinfo/common/ria/nexacro/map/NexacroMapDTO.java,IN_SCOPE
src/main/java/arisuinfo/cm/bbs/web/BbsQnaMngController.java,arisuinfo.cm.bbs.service.BbsQnaMngService,src/main/java/arisuinfo/cm/bbs/service/BbsQnaMngService.java,IN_SCOPE
src/main/java/arisuinfo/cm/bbs/web/BbsQnaMngController.java,arisuinfo.com.web.BaseController,src/main/java/arisuinfo/com/web/BaseController.java,IN_SCOPE
src/main/java/arisuinfo/cm/bbs/web/BbsQnaMngController.java,arisuinfo.common.ria.nexacro.map.NexacroMapDTO,src/main/java/arisuinfo/common/ria/nexacro/map/NexacroMapDTO.java,IN_SCOPE
src/main/java/arisuinfo/cm/bbs/web/BbsUtztnTrmsAgreController.java,arisuinfo.cm.bbs.service.BbsUtztnTrmsAgreService,src/main/java/arisuinfo/cm/bbs/service/BbsUtztnTrmsAgreService.java,IN_SCOPE
src/main/java/arisuinfo/cm/bbs/web/BbsUtztnTrmsAgreController.java,arisuinfo.com.web.BaseController,src/main/java/arisuinfo/com/web/BaseController.java,IN_SCOPE
src/main/java/arisuinfo/cm/bbs/web/BbsUtztnTrmsAgreController.java,arisuinfo.common.ria.nexacro.map.NexacroMapDTO,src/main/java/arisuinfo/common/ria/nexacro/map/NexacroMapDTO.java,IN_SCOPE
src/main/java/arisuinfo/cm/bbs/web/BbsUtztnTrmsController.java,arisuinfo.cm.bbs.service.BbsUtztnTrmsService,src/main/java/arisuinfo/cm/bbs/service/BbsUtztnTrmsService.java,IN_SCOPE
src/main/java/arisuinfo/cm/bbs/web/BbsUtztnTrmsController.java,arisuinfo.com.web.BaseController,src/main/java/arisuinfo/com/web/BaseController.java,IN_SCOPE
src/main/java/arisuinfo/cm/bbs/web/BbsUtztnTrmsController.java,arisuinfo.common.ria.nexacro.map.NexacroMapDTO,src/main/java/arisuinfo/common/ria/nexacro/map/NexacroMapDTO.java,IN_SCOPE
src/main/java/arisuinfo/cm/bsis/mapper/BankCdMngMapper.java,arisuinfo.cm.bsis.vo.BankCdMngVO,src/main/java/arisuinfo/cm/bsis/vo/BankCdMngVO.java,IN_SCOPE
src/main/java/arisuinfo/cm/bsis/mapper/BasicChrMsgMngMapper.java,arisuinfo.cm.bsis.vo.BasicChrMsgMngVO,src/main/java/arisuinfo/cm/bsis/vo/BasicChrMsgMngVO.java,IN_SCOPE
src/main/java/arisuinfo/cm/bsis/mapper/BasicChrMsgMngMapper.java,arisuinfo.cm.bsis.vo.BasicChrMsgSearchVO,src/main/java/arisuinfo/cm/bsis/vo/BasicChrMsgSearchVO.java,IN_SCOPE
src/main/java/arisuinfo/cm/bsis/mapper/CdValMngMapper.java,arisuinfo.cm.bsis.vo.CdValMngVO,src/main/java/arisuinfo/cm/bsis/vo/CdValMngVO.java,IN_SCOPE
src/main/java/arisuinfo/cm/bsis/mapper/CgStdInfoMngMapper.java,arisuinfo.cm.bsis.vo.CgRdInfoMngVO,src/main/java/arisuinfo/cm/bsis/vo/CgRdInfoMngVO.java,IN_SCOPE
src/main/java/arisuinfo/cm/bsis/mapper/CgStdInfoMngMapper.java,arisuinfo.cm.bsis.vo.CgStdInfoMngSearchVO,src/main/java/arisuinfo/cm/bsis/vo/CgStdInfoMngSearchVO.java,IN_SCOPE
src/main/java/arisuinfo/cm/bsis/mapper/CgStdInfoMngMapper.java,arisuinfo.cm.bsis.vo.CgStdInfoMngVO,src/main/java/arisuinfo/cm/bsis/vo/CgStdInfoMngVO.java,IN_SCOPE
src/main/java/arisuinfo/cm/bsis/mapper/CmCdMngMapper.java,arisuinfo.cm.bsis.vo.CmCdMngVO,src/main/java/arisuinfo/cm/bsis/vo/CmCdMngVO.java,IN_SCOPE
src/main/java/arisuinfo/cm/bsis/mapper/CsCdMngMapper.java,arisuinfo.cm.bsis.vo.CsCdMngVO,src/main/java/arisuinfo/cm/bsis/vo/CsCdMngVO.java,IN_SCOPE
src/main/java/arisuinfo/cm/bsis/mapper/HgyeSmokArvMngMapper.java,arisuinfo.cm.bsis.vo.HgyeSmokArvMngVO,src/main/java/arisuinfo/cm/bsis/vo/HgyeSmokArvMngVO.java,IN_SCOPE
src/main/java/arisuinfo/cm/bsis/mapper/HolidayMngMapper.java,arisuinfo.cm.bsis.vo.HolidayMngVO,src/main/java/arisuinfo/cm/bsis/vo/HolidayMngVO.java,IN_SCOPE
src/main/java/arisuinfo/cm/bsis/mapper/InsttCdMngMapper.java,arisuinfo.cm.bsis.vo.InsttCdMngVO,src/main/java/arisuinfo/cm/bsis/vo/InsttCdMngVO.java,IN_SCOPE
src/main/java/arisuinfo/cm/bsis/mapper/OfficeMngMapper.java,arisuinfo.cm.bsis.vo.OfficeMngVO,src/main/java/arisuinfo/cm/bsis/vo/OfficeMngVO.java,IN_SCOPE
src/main/java/arisuinfo/cm/bsis/mapper/PrintCnMngMapper.java,arisuinfo.cm.bsis.vo.PrintCnMngVO,src/main/java/arisuinfo/cm/bsis/vo/PrintCnMngVO.java,IN_SCOPE
src/main/java/arisuinfo/cm/bsis/mapper/PrmtMngMapper.java,arisuinfo.cm.bsis.vo.PrmtMngVO,src/main/java/arisuinfo/cm/bsis/vo/PrmtMngVO.java,IN_SCOPE
src/main/java/arisuinfo/cm/bsis/mapper/WorkDayMngMapper.java,arisuinfo.cm.bsis.vo.WorkDayMngVO,src/main/java/arisuinfo/cm/bsis/vo/WorkDayMngVO.java,IN_SCOPE
src/main/java/arisuinfo/cm/bsis/service/BankCdMngService.java,arisuinfo.common.ria.nexacro.map.DataSetMap,src/main/java/arisuinfo/common/ria/nexacro/map/DataSetMap.java,IN_SCOPE
src/main/java/arisuinfo/cm/bsis/service/BasicChrMsgMngService.java,arisuinfo.common.ria.nexacro.map.DataSetMap,src/main/java/arisuinfo/common/ria/nexacro/map/DataSetMap.java,IN_SCOPE
src/main/java/arisuinfo/cm/bsis/service/CdValMngService.java,arisuinfo.common.ria.nexacro.map.DataSetMap,src/main/java/arisuinfo/common/ria/nexacro/map/DataSetMap.java,IN_SCOPE
src/main/java/arisuinfo/cm/bsis/service/CgStdInfoMngService.java,arisuinfo.common.ria.nexacro.map.DataSetMap,src/main/java/arisuinfo/common/ria/nexacro/map/DataSetMap.java,IN_SCOPE
src/main/java/arisuinfo/cm/bsis/service/CmCdMngService.java,arisuinfo.common.ria.nexacro.map.DataSetMap,src/main/java/arisuinfo/common/ria/nexacro/map/DataSetMap.java,IN_SCOPE
src/main/java/arisuinfo/cm/bsis/service/CsCdMngService.java,arisuinfo.common.ria.nexacro.map.DataSetMap,src/main/java/arisuinfo/common/ria/nexacro/map/DataSetMap.java,IN_SCOPE
src/main/java/arisuinfo/cm/bsis/service/HgyeSmokArvMngService.java,arisuinfo.common.ria.nexacro.map.DataSetMap,src/main/java/arisuinfo/common/ria/nexacro/map/DataSetMap.java,IN_SCOPE
src/main/java/arisuinfo/cm/bsis/service/HolidayMngService.java,arisuinfo.common.ria.nexacro.map.DataSetMap,src/main/java/arisuinfo/common/ria/nexacro/map/DataSetMap.java,IN_SCOPE
src/main/java/arisuinfo/cm/bsis/service/impl/BankCdMngServiceImpl.java,arisuinfo.cm.bsis.mapper.BankCdMngMapper,src/main/java/arisuinfo/cm/bsis/mapper/BankCdMngMapper.java,IN_SCOPE
src/main/java/arisuinfo/cm/bsis/service/impl/BankCdMngServiceImpl.java,arisuinfo.cm.bsis.service.BankCdMngService,src/main/java/arisuinfo/cm/bsis/service/BankCdMngService.java,IN_SCOPE
src/main/java/arisuinfo/cm/bsis/service/impl/BankCdMngServiceImpl.java,arisuinfo.cm.bsis.vo.BankCdMngVO,src/main/java/arisuinfo/cm/bsis/vo/BankCdMngVO.java,IN_SCOPE
src/main/java/arisuinfo/cm/bsis/service/impl/BankCdMngServiceImpl.java,arisuinfo.com.util.SessionUtil,src/main/java/arisuinfo/com/util/SessionUtil.java,IN_SCOPE
src/main/java/arisuinfo/cm/bsis/service/impl/BankCdMngServiceImpl.java,arisuinfo.common.ria.nexacro.map.DataSetMap,src/main/java/arisuinfo/common/ria/nexacro/map/DataSetMap.java,IN_SCOPE
src/main/java/arisuinfo/cm/bsis/service/impl/BasicChrMsgMngServiceImpl.java,arisuinfo.cm.bsis.mapper.BasicChrMsgMngMapper,src/main/java/arisuinfo/cm/bsis/mapper/BasicChrMsgMngMapper.java,IN_SCOPE
src/main/java/arisuinfo/cm/bsis/service/impl/BasicChrMsgMngServiceImpl.java,arisuinfo.cm.bsis.service.BasicChrMsgMngService,src/main/java/arisuinfo/cm/bsis/service/BasicChrMsgMngService.java,IN_SCOPE
src/main/java/arisuinfo/cm/bsis/service/impl/BasicChrMsgMngServiceImpl.java,arisuinfo.cm.bsis.vo.BasicChrMsgMngVO,src/main/java/arisuinfo/cm/bsis/vo/BasicChrMsgMngVO.java,IN_SCOPE
src/main/java/arisuinfo/cm/bsis/service/impl/BasicChrMsgMngServiceImpl.java,arisuinfo.cm.bsis.vo.BasicChrMsgSearchVO,src/main/java/arisuinfo/cm/bsis/vo/BasicChrMsgSearchVO.java,IN_SCOPE
src/main/java/arisuinfo/cm/bsis/service/impl/BasicChrMsgMngServiceImpl.java,arisuinfo.com.enums.RowType,src/main/java/arisuinfo/com/enums/RowType.java,IN_SCOPE
src/main/java/arisuinfo/cm/bsis/service/impl/BasicChrMsgMngServiceImpl.java,arisuinfo.com.util.CommonUtil,src/main/java/arisuinfo/com/util/CommonUtil.java,IN_SCOPE
src/main/java/arisuinfo/cm/bsis/service/impl/BasicChrMsgMngServiceImpl.java,arisuinfo.common.ria.nexacro.map.DataSetMap,src/main/java/arisuinfo/common/ria/nexacro/map/DataSetMap.java,IN_SCOPE
src/main/java/arisuinfo/cm/bsis/service/impl/BasicChrMsgMngServiceImpl.java,arisuinfo.common.ria.nexacro.map.DataSetMapConverter,src/main/java/arisuinfo/common/ria/nexacro/map/DataSetMapConverter.java,IN_SCOPE
src/main/java/arisuinfo/cm/bsis/service/impl/CdValMngServiceImpl.java,arisuinfo.cm.bsis.mapper.CdValMngMapper,src/main/java/arisuinfo/cm/bsis/mapper/CdValMngMapper.java,IN_SCOPE
src/main/java/arisuinfo/cm/bsis/service/impl/CdValMngServiceImpl.java,arisuinfo.cm.bsis.service.CdValMngService,src/main/java/arisuinfo/cm/bsis/service/CdValMngService.java,IN_SCOPE
src/main/java/arisuinfo/cm/bsis/service/impl/CdValMngServiceImpl.java,arisuinfo.cm.bsis.service.CmCdMngService,src/main/java/arisuinfo/cm/bsis/service/CmCdMngService.java,IN_SCOPE
src/main/java/arisuinfo/cm/bsis/service/impl/CdValMngServiceImpl.java,arisuinfo.cm.bsis.vo.CdValMngVO,src/main/java/arisuinfo/cm/bsis/vo/CdValMngVO.java,IN_SCOPE
src/main/java/arisuinfo/cm/bsis/service/impl/CdValMngServiceImpl.java,arisuinfo.com.util.SessionUtil,src/main/java/arisuinfo/com/util/SessionUtil.java,IN_SCOPE
src/main/java/arisuinfo/cm/bsis/service/impl/CdValMngServiceImpl.java,arisuinfo.common.ria.nexacro.map.DataSetMap,src/main/java/arisuinfo/common/ria/nexacro/map/DataSetMap.java,IN_SCOPE
src/main/java/arisuinfo/cm/bsis/service/impl/CgStdInfoMngServiceImpl.java,arisuinfo.cm.bsis.mapper.CgStdInfoMngMapper,src/main/java/arisuinfo/cm/bsis/mapper/CgStdInfoMngMapper.java,IN_SCOPE
src/main/java/arisuinfo/cm/bsis/service/impl/CgStdInfoMngServiceImpl.java,arisuinfo.cm.bsis.service.CgStdInfoMngService,src/main/java/arisuinfo/cm/bsis/service/CgStdInfoMngService.java,IN_SCOPE
src/main/java/arisuinfo/cm/bsis/service/impl/CgStdInfoMngServiceImpl.java,arisuinfo.cm.bsis.vo.CgRdInfoMngVO,src/main/java/arisuinfo/cm/bsis/vo/CgRdInfoMngVO.java,IN_SCOPE
src/main/java/arisuinfo/cm/bsis/service/impl/CgStdInfoMngServiceImpl.java,arisuinfo.cm.bsis.vo.CgStdInfoMngSearchVO,src/main/java/arisuinfo/cm/bsis/vo/CgStdInfoMngSearchVO.java,IN_SCOPE
src/main/java/arisuinfo/cm/bsis/service/impl/CgStdInfoMngServiceImpl.java,arisuinfo.cm.bsis.vo.CgStdInfoMngVO,src/main/java/arisuinfo/cm/bsis/vo/CgStdInfoMngVO.java,IN_SCOPE
src/main/java/arisuinfo/cm/bsis/service/impl/CgStdInfoMngServiceImpl.java,arisuinfo.com.enums.RowType,src/main/java/arisuinfo/com/enums/RowType.java,IN_SCOPE
src/main/java/arisuinfo/cm/bsis/service/impl/CgStdInfoMngServiceImpl.java,arisuinfo.com.exception.BizException,src/main/java/arisuinfo/com/exception/BizException.java,IN_SCOPE
src/main/java/arisuinfo/cm/bsis/service/impl/CgStdInfoMngServiceImpl.java,arisuinfo.com.util.CommonUtil,src/main/java/arisuinfo/com/util/CommonUtil.java,IN_SCOPE
src/main/java/arisuinfo/cm/bsis/service/impl/CgStdInfoMngServiceImpl.java,arisuinfo.common.ria.nexacro.map.DataSetMap,src/main/java/arisuinfo/common/ria/nexacro/map/DataSetMap.java,IN_SCOPE
src/main/java/arisuinfo/cm/bsis/service/impl/CgStdInfoMngServiceImpl.java,arisuinfo.common.ria.nexacro.map.DataSetMapConverter,src/main/java/arisuinfo/common/ria/nexacro/map/DataSetMapConverter.java,IN_SCOPE
src/main/java/arisuinfo/cm/bsis/service/impl/CmCdMngServiceImpl.java,arisuinfo.com.util.StringUtil,src/main/java/arisuinfo/com/util/StringUtil.java,IN_SCOPE
src/main/java/arisuinfo/cm/bsis/service/impl/CmCdMngServiceImpl.java,arisuinfo.cm.bsis.mapper.CmCdMngMapper,src/main/java/arisuinfo/cm/bsis/mapper/CmCdMngMapper.java,IN_SCOPE
src/main/java/arisuinfo/cm/bsis/service/impl/CmCdMngServiceImpl.java,arisuinfo.cm.bsis.service.CmCdMngService,src/main/java/arisuinfo/cm/bsis/service/CmCdMngService.java,IN_SCOPE
src/main/java/arisuinfo/cm/bsis/service/impl/CmCdMngServiceImpl.java,arisuinfo.cm.bsis.vo.CmCdMngVO,src/main/java/arisuinfo/cm/bsis/vo/CmCdMngVO.java,IN_SCOPE
src/main/java/arisuinfo/cm/bsis/service/impl/CmCdMngServiceImpl.java,arisuinfo.com.util.SessionUtil,src/main/java/arisuinfo/com/util/SessionUtil.java,IN_SCOPE
src/main/java/arisuinfo/cm/bsis/service/impl/CmCdMngServiceImpl.java,arisuinfo.common.ria.nexacro.map.DataSetMap,src/main/java/arisuinfo/common/ria/nexacro/map/DataSetMap.java,IN_SCOPE
src/main/java/arisuinfo/cm/bsis/service/impl/CsCdMngServiceImpl.java,arisuinfo.com.util.SessionUtil,src/main/java/arisuinfo/com/util/SessionUtil.java,IN_SCOPE
src/main/java/arisuinfo/cm/bsis/service/impl/CsCdMngServiceImpl.java,arisuinfo.cm.bsis.mapper.CsCdMngMapper,src/main/java/arisuinfo/cm/bsis/mapper/CsCdMngMapper.java,IN_SCOPE
src/main/java/arisuinfo/cm/bsis/service/impl/CsCdMngServiceImpl.java,arisuinfo.cm.bsis.service.CsCdMngService,src/main/java/arisuinfo/cm/bsis/service/CsCdMngService.java,IN_SCOPE
src/main/java/arisuinfo/cm/bsis/service/impl/CsCdMngServiceImpl.java,arisuinfo.cm.bsis.vo.CsCdMngVO,src/main/java/arisuinfo/cm/bsis/vo/CsCdMngVO.java,IN_SCOPE
src/main/java/arisuinfo/cm/bsis/service/impl/CsCdMngServiceImpl.java,arisuinfo.common.ria.nexacro.map.DataSetMap,src/main/java/arisuinfo/common/ria/nexacro/map/DataSetMap.java,IN_SCOPE
src/main/java/arisuinfo/cm/bsis/service/impl/HgyeSmokArvMngServiceImpl.java,arisuinfo.cm.bsis.mapper.HgyeSmokArvMngMapper,src/main/java/arisuinfo/cm/bsis/mapper/HgyeSmokArvMngMapper.java,IN_SCOPE
src/main/java/arisuinfo/cm/bsis/service/impl/HgyeSmokArvMngServiceImpl.java,arisuinfo.cm.bsis.service.HgyeSmokArvMngService,src/main/java/arisuinfo/cm/bsis/service/HgyeSmokArvMngService.java,IN_SCOPE
src/main/java/arisuinfo/cm/bsis/service/impl/HgyeSmokArvMngServiceImpl.java,arisuinfo.cm.bsis.vo.HgyeSmokArvMngVO,src/main/java/arisuinfo/cm/bsis/vo/HgyeSmokArvMngVO.java,IN_SCOPE
src/main/java/arisuinfo/cm/bsis/service/impl/HgyeSmokArvMngServiceImpl.java,arisuinfo.com.util.SessionUtil,src/main/java/arisuinfo/com/util/SessionUtil.java,IN_SCOPE
src/main/java/arisuinfo/cm/bsis/service/impl/HgyeSmokArvMngServiceImpl.java,arisuinfo.common.ria.nexacro.map.DataSetMap,src/main/java/arisuinfo/common/ria/nexacro/map/DataSetMap.java,IN_SCOPE
src/main/java/arisuinfo/cm/bsis/service/impl/HolidayMngServiceImpl.java,arisuinfo.com.util.StringUtil,src/main/java/arisuinfo/com/util/StringUtil.java,IN_SCOPE
src/main/java/arisuinfo/cm/bsis/service/impl/HolidayMngServiceImpl.java,arisuinfo.cm.bsis.mapper.HolidayMngMapper,src/main/java/arisuinfo/cm/bsis/mapper/HolidayMngMapper.java,IN_SCOPE
src/main/java/arisuinfo/cm/bsis/service/impl/HolidayMngServiceImpl.java,arisuinfo.cm.bsis.service.HolidayMngService,src/main/java/arisuinfo/cm/bsis/service/HolidayMngService.java,IN_SCOPE
src/main/java/arisuinfo/cm/bsis/service/impl/HolidayMngServiceImpl.java,arisuinfo.cm.bsis.vo.HolidayMngVO,src/main/java/arisuinfo/cm/bsis/vo/HolidayMngVO.java,IN_SCOPE
src/main/java/arisuinfo/cm/bsis/service/impl/HolidayMngServiceImpl.java,arisuinfo.cm.bsis.web.KoreanLunarCalendar,src/main/java/arisuinfo/cm/bsis/web/KoreanLunarCalendar.java,IN_SCOPE
src/main/java/arisuinfo/cm/bsis/service/impl/HolidayMngServiceImpl.java,arisuinfo.com.util.SessionUtil,src/main/java/arisuinfo/com/util/SessionUtil.java,IN_SCOPE
src/main/java/arisuinfo/cm/bsis/service/impl/HolidayMngServiceImpl.java,arisuinfo.common.ria.nexacro.map.DataSetMap,src/main/java/arisuinfo/common/ria/nexacro/map/DataSetMap.java,IN_SCOPE
src/main/java/arisuinfo/cm/bsis/service/impl/InsttCdMngServiceImpl.java,arisuinfo.cm.bsis.mapper.InsttCdMngMapper,src/main/java/arisuinfo/cm/bsis/mapper/InsttCdMngMapper.java,IN_SCOPE
src/main/java/arisuinfo/cm/bsis/service/impl/InsttCdMngServiceImpl.java,arisuinfo.cm.bsis.service.InsttCdMngService,src/main/java/arisuinfo/cm/bsis/service/InsttCdMngService.java,IN_SCOPE
src/main/java/arisuinfo/cm/bsis/service/impl/InsttCdMngServiceImpl.java,arisuinfo.cm.bsis.vo.InsttCdMngVO,src/main/java/arisuinfo/cm/bsis/vo/InsttCdMngVO.java,IN_SCOPE
src/main/java/arisuinfo/cm/bsis/service/impl/InsttCdMngServiceImpl.java,arisuinfo.com.util.SessionUtil,src/main/java/arisuinfo/com/util/SessionUtil.java,IN_SCOPE
src/main/java/arisuinfo/cm/bsis/service/impl/InsttCdMngServiceImpl.java,arisuinfo.common.ria.nexacro.map.DataSetMap,src/main/java/arisuinfo/common/ria/nexacro/map/DataSetMap.java,IN_SCOPE
src/main/java/arisuinfo/cm/bsis/service/impl/OfficeMngServiceImpl.java,arisuinfo.com.util.StringUtil,src/main/java/arisuinfo/com/util/StringUtil.java,IN_SCOPE
src/main/java/arisuinfo/cm/bsis/service/impl/OfficeMngServiceImpl.java,arisuinfo.cm.bsis.mapper.OfficeMngMapper,src/main/java/arisuinfo/cm/bsis/mapper/OfficeMngMapper.java,IN_SCOPE
src/main/java/arisuinfo/cm/bsis/service/impl/OfficeMngServiceImpl.java,arisuinfo.cm.bsis.service.OfficeMngService,src/main/java/arisuinfo/cm/bsis/service/OfficeMngService.java,IN_SCOPE
src/main/java/arisuinfo/cm/bsis/service/impl/OfficeMngServiceImpl.java,arisuinfo.cm.bsis.vo.OfficeMngVO,src/main/java/arisuinfo/cm/bsis/vo/OfficeMngVO.java,IN_SCOPE
src/main/java/arisuinfo/cm/bsis/service/impl/OfficeMngServiceImpl.java,arisuinfo.com.util.SessionUtil,src/main/java/arisuinfo/com/util/SessionUtil.java,IN_SCOPE
src/main/java/arisuinfo/cm/bsis/service/impl/OfficeMngServiceImpl.java,arisuinfo.common.ria.nexacro.map.DataSetMap,src/main/java/arisuinfo/common/ria/nexacro/map/DataSetMap.java,IN_SCOPE
src/main/java/arisuinfo/cm/bsis/service/impl/PrintCnMngServiceImpl.java,arisuinfo.cm.bsis.mapper.PrintCnMngMapper,src/main/java/arisuinfo/cm/bsis/mapper/PrintCnMngMapper.java,IN_SCOPE
src/main/java/arisuinfo/cm/bsis/service/impl/PrintCnMngServiceImpl.java,arisuinfo.cm.bsis.service.PrintCnMngService,src/main/java/arisuinfo/cm/bsis/service/PrintCnMngService.java,IN_SCOPE
src/main/java/arisuinfo/cm/bsis/service/impl/PrintCnMngServiceImpl.java,arisuinfo.cm.bsis.vo.PrintCnMngVO,src/main/java/arisuinfo/cm/bsis/vo/PrintCnMngVO.java,IN_SCOPE
src/main/java/arisuinfo/cm/bsis/service/impl/PrintCnMngServiceImpl.java,arisuinfo.com.util.SessionUtil,src/main/java/arisuinfo/com/util/SessionUtil.java,IN_SCOPE
src/main/java/arisuinfo/cm/bsis/service/impl/PrintCnMngServiceImpl.java,arisuinfo.common.ria.nexacro.map.DataSetMap,src/main/java/arisuinfo/common/ria/nexacro/map/DataSetMap.java,IN_SCOPE
src/main/java/arisuinfo/cm/bsis/service/impl/PrmtMngServiceImpl.java,arisuinfo.cm.bsis.mapper.PrmtMngMapper,src/main/java/arisuinfo/cm/bsis/mapper/PrmtMngMapper.java,IN_SCOPE
src/main/java/arisuinfo/cm/bsis/service/impl/PrmtMngServiceImpl.java,arisuinfo.cm.bsis.service.PrmtMngService,src/main/java/arisuinfo/cm/bsis/service/PrmtMngService.java,IN_SCOPE
src/main/java/arisuinfo/cm/bsis/service/impl/PrmtMngServiceImpl.java,arisuinfo.cm.bsis.vo.PrmtMngVO,src/main/java/arisuinfo/cm/bsis/vo/PrmtMngVO.java,IN_SCOPE
src/main/java/arisuinfo/cm/bsis/service/impl/PrmtMngServiceImpl.java,arisuinfo.com.util.SessionUtil,src/main/java/arisuinfo/com/util/SessionUtil.java,IN_SCOPE
src/main/java/arisuinfo/cm/bsis/service/impl/PrmtMngServiceImpl.java,arisuinfo.common.ria.nexacro.map.DataSetMap,src/main/java/arisuinfo/common/ria/nexacro/map/DataSetMap.java,IN_SCOPE
src/main/java/arisuinfo/cm/bsis/service/impl/WorkDayMngServiceImpl.java,arisuinfo.cm.bbs.mapper.BbsMngMapper,src/main/java/arisuinfo/cm/bbs/mapper/BbsMngMapper.java,IN_SCOPE
src/main/java/arisuinfo/cm/bsis/service/impl/WorkDayMngServiceImpl.java,arisuinfo.cm.bsis.mapper.WorkDayMngMapper,src/main/java/arisuinfo/cm/bsis/mapper/WorkDayMngMapper.java,IN_SCOPE
src/main/java/arisuinfo/cm/bsis/service/impl/WorkDayMngServiceImpl.java,arisuinfo.cm.bsis.service.WorkDayMngService,src/main/java/arisuinfo/cm/bsis/service/WorkDayMngService.java,IN_SCOPE
src/main/java/arisuinfo/cm/bsis/service/impl/WorkDayMngServiceImpl.java,arisuinfo.cm.bsis.vo.WorkDayMngVO,src/main/java/arisuinfo/cm/bsis/vo/WorkDayMngVO.java,IN_SCOPE
src/main/java/arisuinfo/cm/bsis/service/impl/WorkDayMngServiceImpl.java,arisuinfo.cm.oper.service.impl.BatchMngServiceImpl,src/main/java/arisuinfo/cm/oper/service/impl/BatchMngServiceImpl.java,IN_SCOPE
src/main/java/arisuinfo/cm/bsis/service/impl/WorkDayMngServiceImpl.java,arisuinfo.com.batch.mapper.BatchMapper,src/main/java/arisuinfo/com/batch/mapper/BatchMapper.java,IN_SCOPE
src/main/java/arisuinfo/cm/bsis/service/impl/WorkDayMngServiceImpl.java,arisuinfo.com.util.SessionUtil,src/main/java/arisuinfo/com/util/SessionUtil.java,IN_SCOPE
src/main/java/arisuinfo/cm/bsis/service/impl/WorkDayMngServiceImpl.java,arisuinfo.com.util.StringUtil,src/main/java/arisuinfo/com/util/StringUtil.java,IN_SCOPE
src/main/java/arisuinfo/cm/bsis/service/impl/WorkDayMngServiceImpl.java,arisuinfo.common.ria.nexacro.map.DataSetMap,src/main/java/arisuinfo/common/ria/nexacro/map/DataSetMap.java,IN_SCOPE
src/main/java/arisuinfo/cm/bsis/service/InsttCdMngService.java,arisuinfo.common.ria.nexacro.map.DataSetMap,src/main/java/arisuinfo/common/ria/nexacro/map/DataSetMap.java,IN_SCOPE
src/main/java/arisuinfo/cm/bsis/service/OfficeMngService.java,arisuinfo.common.ria.nexacro.map.DataSetMap,src/main/java/arisuinfo/common/ria/nexacro/map/DataSetMap.java,IN_SCOPE
src/main/java/arisuinfo/cm/bsis/service/PrintCnMngService.java,arisuinfo.common.ria.nexacro.map.DataSetMap,src/main/java/arisuinfo/common/ria/nexacro/map/DataSetMap.java,IN_SCOPE
src/main/java/arisuinfo/cm/bsis/service/PrmtMngService.java,arisuinfo.common.ria.nexacro.map.DataSetMap,src/main/java/arisuinfo/common/ria/nexacro/map/DataSetMap.java,IN_SCOPE
src/main/java/arisuinfo/cm/bsis/service/WorkDayMngService.java,arisuinfo.common.ria.nexacro.map.DataSetMap,src/main/java/arisuinfo/common/ria/nexacro/map/DataSetMap.java,IN_SCOPE
src/main/java/arisuinfo/cm/bsis/vo/BankCdMngVO.java,arisuinfo.com.bind.BaseVO,src/main/java/arisuinfo/com/bind/BaseVO.java,IN_SCOPE
src/main/java/arisuinfo/cm/bsis/vo/BasicChrMsgMngVO.java,arisuinfo.com.bind.BaseVO,src/main/java/arisuinfo/com/bind/BaseVO.java,IN_SCOPE
src/main/java/arisuinfo/cm/bsis/vo/BasicChrMsgSearchVO.java,arisuinfo.com.bind.BaseVO,src/main/java/arisuinfo/com/bind/BaseVO.java,IN_SCOPE
src/main/java/arisuinfo/cm/bsis/vo/CgRdInfoMngVO.java,arisuinfo.com.bind.BaseVO,src/main/java/arisuinfo/com/bind/BaseVO.java,IN_SCOPE
src/main/java/arisuinfo/cm/bsis/vo/CgRdInfoMngVO.java,arisuinfo.com.util.DateUtil,src/main/java/arisuinfo/com/util/DateUtil.java,IN_SCOPE
src/main/java/arisuinfo/cm/bsis/vo/CgStdInfoMngSearchVO.java,arisuinfo.com.bind.BaseVO,src/main/java/arisuinfo/com/bind/BaseVO.java,IN_SCOPE
src/main/java/arisuinfo/cm/bsis/vo/CgStdInfoMngVO.java,arisuinfo.com.bind.BaseVO,src/main/java/arisuinfo/com/bind/BaseVO.java,IN_SCOPE
src/main/java/arisuinfo/cm/bsis/vo/CgStdInfoMngVO.java,arisuinfo.com.util.DateUtil,src/main/java/arisuinfo/com/util/DateUtil.java,IN_SCOPE
src/main/java/arisuinfo/cm/bsis/vo/HgyeSmokArvMngVO.java,arisuinfo.com.service.PageDefaultVO,src/main/java/arisuinfo/com/service/PageDefaultVO.java,IN_SCOPE
src/main/java/arisuinfo/cm/bsis/vo/HolidayMngVO.java,arisuinfo.com.bind.BaseVO,src/main/java/arisuinfo/com/bind/BaseVO.java,IN_SCOPE
src/main/java/arisuinfo/cm/bsis/vo/InsttCdMngVO.java,arisuinfo.com.service.PageDefaultVO,src/main/java/arisuinfo/com/service/PageDefaultVO.java,IN_SCOPE
src/main/java/arisuinfo/cm/bsis/vo/OfficeMngVO.java,arisuinfo.com.service.PageDefaultVO,src/main/java/arisuinfo/com/service/PageDefaultVO.java,IN_SCOPE
src/main/java/arisuinfo/cm/bsis/vo/WorkDayMngVO.java,arisuinfo.com.service.PageDefaultVO,src/main/java/arisuinfo/com/service/PageDefaultVO.java,IN_SCOPE
src/main/java/arisuinfo/cm/bsis/web/BankCdMngController.java,arisuinfo.cm.bsis.service.BankCdMngService,src/main/java/arisuinfo/cm/bsis/service/BankCdMngService.java,IN_SCOPE
src/main/java/arisuinfo/cm/bsis/web/BankCdMngController.java,arisuinfo.com.web.BaseController,src/main/java/arisuinfo/com/web/BaseController.java,IN_SCOPE
src/main/java/arisuinfo/cm/bsis/web/BankCdMngController.java,arisuinfo.common.ria.nexacro.map.NexacroMapDTO,src/main/java/arisuinfo/common/ria/nexacro/map/NexacroMapDTO.java,IN_SCOPE
src/main/java/arisuinfo/cm/bsis/web/BasicChrMsgMngController.java,arisuinfo.cm.bsis.service.BasicChrMsgMngService,src/main/java/arisuinfo/cm/bsis/service/BasicChrMsgMngService.java,IN_SCOPE
src/main/java/arisuinfo/cm/bsis/web/BasicChrMsgMngController.java,arisuinfo.com.web.BaseController,src/main/java/arisuinfo/com/web/BaseController.java,IN_SCOPE
src/main/java/arisuinfo/cm/bsis/web/BasicChrMsgMngController.java,arisuinfo.common.ria.nexacro.map.NexacroMapDTO,src/main/java/arisuinfo/common/ria/nexacro/map/NexacroMapDTO.java,IN_SCOPE
src/main/java/arisuinfo/cm/bsis/web/CdValMngController.java,arisuinfo.cm.bsis.service.CdValMngService,src/main/java/arisuinfo/cm/bsis/service/CdValMngService.java,IN_SCOPE
src/main/java/arisuinfo/cm/bsis/web/CdValMngController.java,arisuinfo.com.web.BaseController,src/main/java/arisuinfo/com/web/BaseController.java,IN_SCOPE
src/main/java/arisuinfo/cm/bsis/web/CdValMngController.java,arisuinfo.common.ria.nexacro.NexacroConstant,src/main/java/arisuinfo/common/ria/nexacro/NexacroConstant.java,IN_SCOPE
src/main/java/arisuinfo/cm/bsis/web/CdValMngController.java,arisuinfo.common.ria.nexacro.map.DataSetMap,src/main/java/arisuinfo/common/ria/nexacro/map/DataSetMap.java,IN_SCOPE
src/main/java/arisuinfo/cm/bsis/web/CdValMngController.java,arisuinfo.common.ria.nexacro.map.NexacroMapDTO,src/main/java/arisuinfo/common/ria/nexacro/map/NexacroMapDTO.java,IN_SCOPE
src/main/java/arisuinfo/cm/bsis/web/CgStdInfoMngController.java,arisuinfo.cm.bsis.service.CgStdInfoMngService,src/main/java/arisuinfo/cm/bsis/service/CgStdInfoMngService.java,IN_SCOPE
src/main/java/arisuinfo/cm/bsis/web/CgStdInfoMngController.java,arisuinfo.com.web.BaseController,src/main/java/arisuinfo/com/web/BaseController.java,IN_SCOPE
src/main/java/arisuinfo/cm/bsis/web/CgStdInfoMngController.java,arisuinfo.common.ria.nexacro.map.NexacroMapDTO,src/main/java/arisuinfo/common/ria/nexacro/map/NexacroMapDTO.java,IN_SCOPE
src/main/java/arisuinfo/cm/bsis/web/CmCdMngController.java,arisuinfo.cm.bsis.service.CmCdMngService,src/main/java/arisuinfo/cm/bsis/service/CmCdMngService.java,IN_SCOPE
src/main/java/arisuinfo/cm/bsis/web/CmCdMngController.java,arisuinfo.com.web.BaseController,src/main/java/arisuinfo/com/web/BaseController.java,IN_SCOPE
src/main/java/arisuinfo/cm/bsis/web/CmCdMngController.java,arisuinfo.common.ria.nexacro.NexacroConstant,src/main/java/arisuinfo/common/ria/nexacro/NexacroConstant.java,IN_SCOPE
src/main/java/arisuinfo/cm/bsis/web/CmCdMngController.java,arisuinfo.common.ria.nexacro.map.DataSetMap,src/main/java/arisuinfo/common/ria/nexacro/map/DataSetMap.java,IN_SCOPE
src/main/java/arisuinfo/cm/bsis/web/CmCdMngController.java,arisuinfo.common.ria.nexacro.map.NexacroMapDTO,src/main/java/arisuinfo/common/ria/nexacro/map/NexacroMapDTO.java,IN_SCOPE
src/main/java/arisuinfo/cm/bsis/web/CsCdMngController.java,arisuinfo.cm.bsis.service.CsCdMngService,src/main/java/arisuinfo/cm/bsis/service/CsCdMngService.java,IN_SCOPE
src/main/java/arisuinfo/cm/bsis/web/CsCdMngController.java,arisuinfo.com.web.BaseController,src/main/java/arisuinfo/com/web/BaseController.java,IN_SCOPE
src/main/java/arisuinfo/cm/bsis/web/CsCdMngController.java,arisuinfo.common.ria.nexacro.map.NexacroMapDTO,src/main/java/arisuinfo/common/ria/nexacro/map/NexacroMapDTO.java,IN_SCOPE
src/main/java/arisuinfo/cm/bsis/web/HgyeSmokArvMngController.java,arisuinfo.cm.bsis.service.HgyeSmokArvMngService,src/main/java/arisuinfo/cm/bsis/service/HgyeSmokArvMngService.java,IN_SCOPE
src/main/java/arisuinfo/cm/bsis/web/HgyeSmokArvMngController.java,arisuinfo.com.web.BaseController,src/main/java/arisuinfo/com/web/BaseController.java,IN_SCOPE
src/main/java/arisuinfo/cm/bsis/web/HgyeSmokArvMngController.java,arisuinfo.common.ria.nexacro.NexacroConstant,src/main/java/arisuinfo/common/ria/nexacro/NexacroConstant.java,IN_SCOPE
src/main/java/arisuinfo/cm/bsis/web/HgyeSmokArvMngController.java,arisuinfo.common.ria.nexacro.map.DataSetMap,src/main/java/arisuinfo/common/ria/nexacro/map/DataSetMap.java,IN_SCOPE
src/main/java/arisuinfo/cm/bsis/web/HgyeSmokArvMngController.java,arisuinfo.common.ria.nexacro.map.NexacroMapDTO,src/main/java/arisuinfo/common/ria/nexacro/map/NexacroMapDTO.java,IN_SCOPE
src/main/java/arisuinfo/cm/bsis/web/HolidayMngController.java,arisuinfo.cm.bsis.service.HolidayMngService,src/main/java/arisuinfo/cm/bsis/service/HolidayMngService.java,IN_SCOPE
src/main/java/arisuinfo/cm/bsis/web/HolidayMngController.java,arisuinfo.com.web.BaseController,src/main/java/arisuinfo/com/web/BaseController.java,IN_SCOPE
src/main/java/arisuinfo/cm/bsis/web/HolidayMngController.java,arisuinfo.common.ria.nexacro.map.NexacroMapDTO,src/main/java/arisuinfo/common/ria/nexacro/map/NexacroMapDTO.java,IN_SCOPE
src/main/java/arisuinfo/cm/bsis/web/InsttCdMngController.java,arisuinfo.cm.bsis.service.InsttCdMngService,src/main/java/arisuinfo/cm/bsis/service/InsttCdMngService.java,IN_SCOPE
src/main/java/arisuinfo/cm/bsis/web/InsttCdMngController.java,arisuinfo.com.web.BaseController,src/main/java/arisuinfo/com/web/BaseController.java,IN_SCOPE
src/main/java/arisuinfo/cm/bsis/web/InsttCdMngController.java,arisuinfo.common.ria.nexacro.map.NexacroMapDTO,src/main/java/arisuinfo/common/ria/nexacro/map/NexacroMapDTO.java,IN_SCOPE
src/main/java/arisuinfo/cm/bsis/web/OfficeMngController.java,arisuinfo.cm.bsis.service.OfficeMngService,src/main/java/arisuinfo/cm/bsis/service/OfficeMngService.java,IN_SCOPE
src/main/java/arisuinfo/cm/bsis/web/OfficeMngController.java,arisuinfo.com.web.BaseController,src/main/java/arisuinfo/com/web/BaseController.java,IN_SCOPE
src/main/java/arisuinfo/cm/bsis/web/OfficeMngController.java,arisuinfo.common.ria.nexacro.map.NexacroMapDTO,src/main/java/arisuinfo/common/ria/nexacro/map/NexacroMapDTO.java,IN_SCOPE
src/main/java/arisuinfo/cm/bsis/web/PrintCnMngController.java,arisuinfo.cm.bsis.service.PrintCnMngService,src/main/java/arisuinfo/cm/bsis/service/PrintCnMngService.java,IN_SCOPE
src/main/java/arisuinfo/cm/bsis/web/PrintCnMngController.java,arisuinfo.com.web.BaseController,src/main/java/arisuinfo/com/web/BaseController.java,IN_SCOPE
src/main/java/arisuinfo/cm/bsis/web/PrintCnMngController.java,arisuinfo.common.ria.nexacro.map.NexacroMapDTO,src/main/java/arisuinfo/common/ria/nexacro/map/NexacroMapDTO.java,IN_SCOPE
src/main/java/arisuinfo/cm/bsis/web/PrmtMngController.java,arisuinfo.cm.bsis.service.PrmtMngService,src/main/java/arisuinfo/cm/bsis/service/PrmtMngService.java,IN_SCOPE
src/main/java/arisuinfo/cm/bsis/web/PrmtMngController.java,arisuinfo.com.web.BaseController,src/main/java/arisuinfo/com/web/BaseController.java,IN_SCOPE
src/main/java/arisuinfo/cm/bsis/web/PrmtMngController.java,arisuinfo.common.ria.nexacro.map.NexacroMapDTO,src/main/java/arisuinfo/common/ria/nexacro/map/NexacroMapDTO.java,IN_SCOPE
src/main/java/arisuinfo/cm/bsis/web/WorkDayMngController.java,arisuinfo.cm.bsis.service.WorkDayMngService,src/main/java/arisuinfo/cm/bsis/service/WorkDayMngService.java,IN_SCOPE
src/main/java/arisuinfo/cm/bsis/web/WorkDayMngController.java,arisuinfo.com.web.BaseController,src/main/java/arisuinfo/com/web/BaseController.java,IN_SCOPE
src/main/java/arisuinfo/cm/bsis/web/WorkDayMngController.java,arisuinfo.common.ria.nexacro.map.NexacroMapDTO,src/main/java/arisuinfo/common/ria/nexacro/map/NexacroMapDTO.java,IN_SCOPE
src/main/java/arisuinfo/cm/cmPop/mapper/AddrMapper.java,arisuinfo.cm.cmPop.vo.AddrVO,src/main/java/arisuinfo/cm/cmPop/vo/AddrVO.java,IN_SCOPE
src/main/java/arisuinfo/cm/cmPop/mapper/CmCdMapper.java,arisuinfo.cm.bsis.vo.CmCdMngVO,src/main/java/arisuinfo/cm/bsis/vo/CmCdMngVO.java,IN_SCOPE
src/main/java/arisuinfo/cm/cmPop/mapper/CmFileReqMapper.java,arisuinfo.cm.cmPop.vo.CmFileReqVO,src/main/java/arisuinfo/cm/cmPop/vo/CmFileReqVO.java,IN_SCOPE
src/main/java/arisuinfo/cm/cmPop/service/AddrService.java,arisuinfo.common.ria.nexacro.map.DataSetMap,src/main/java/arisuinfo/common/ria/nexacro/map/DataSetMap.java,IN_SCOPE
src/main/java/arisuinfo/cm/cmPop/service/CmCdService.java,arisuinfo.common.ria.nexacro.map.DataSetMap,src/main/java/arisuinfo/common/ria/nexacro/map/DataSetMap.java,IN_SCOPE
src/main/java/arisuinfo/cm/cmPop/service/CmFileReqService.java,arisuinfo.common.ria.nexacro.map.DataSetMap,src/main/java/arisuinfo/common/ria/nexacro/map/DataSetMap.java,IN_SCOPE
src/main/java/arisuinfo/cm/cmPop/service/CmSmsSndngService.java,arisuinfo.common.ria.nexacro.map.DataSetMap,src/main/java/arisuinfo/common/ria/nexacro/map/DataSetMap.java,IN_SCOPE
src/main/java/arisuinfo/cm/cmPop/service/impl/AddrServiceImpl.java,arisuinfo.cm.cmPop.mapper.AddrMapper,src/main/java/arisuinfo/cm/cmPop/mapper/AddrMapper.java,IN_SCOPE
src/main/java/arisuinfo/cm/cmPop/service/impl/AddrServiceImpl.java,arisuinfo.cm.cmPop.service.AddrService,src/main/java/arisuinfo/cm/cmPop/service/AddrService.java,IN_SCOPE
src/main/java/arisuinfo/cm/cmPop/service/impl/AddrServiceImpl.java,arisuinfo.cm.cmPop.vo.AddrVO,src/main/java/arisuinfo/cm/cmPop/vo/AddrVO.java,IN_SCOPE
src/main/java/arisuinfo/cm/cmPop/service/impl/AddrServiceImpl.java,arisuinfo.common.ria.nexacro.map.DataSetMap,src/main/java/arisuinfo/common/ria/nexacro/map/DataSetMap.java,IN_SCOPE
src/main/java/arisuinfo/cm/cmPop/service/impl/CmCdServiceImpl.java,arisuinfo.cm.bsis.vo.CmCdMngVO,src/main/java/arisuinfo/cm/bsis/vo/CmCdMngVO.java,IN_SCOPE
src/main/java/arisuinfo/cm/cmPop/service/impl/CmCdServiceImpl.java,arisuinfo.cm.cmPop.mapper.CmCdMapper,src/main/java/arisuinfo/cm/cmPop/mapper/CmCdMapper.java,IN_SCOPE
src/main/java/arisuinfo/cm/cmPop/service/impl/CmCdServiceImpl.java,arisuinfo.cm.cmPop.service.CmCdService,src/main/java/arisuinfo/cm/cmPop/service/CmCdService.java,IN_SCOPE
src/main/java/arisuinfo/cm/cmPop/service/impl/CmCdServiceImpl.java,arisuinfo.common.ria.nexacro.map.DataSetMap,src/main/java/arisuinfo/common/ria/nexacro/map/DataSetMap.java,IN_SCOPE
src/main/java/arisuinfo/cm/cmPop/service/impl/CmFileReqServiceImpl.java,arisuinfo.cm.cmPop.mapper.CmFileReqMapper,src/main/java/arisuinfo/cm/cmPop/mapper/CmFileReqMapper.java,IN_SCOPE
src/main/java/arisuinfo/cm/cmPop/service/impl/CmFileReqServiceImpl.java,arisuinfo.cm.cmPop.service.CmFileReqService,src/main/java/arisuinfo/cm/cmPop/service/CmFileReqService.java,IN_SCOPE
src/main/java/arisuinfo/cm/cmPop/service/impl/CmFileReqServiceImpl.java,arisuinfo.cm.cmPop.vo.CmFileReqVO,src/main/java/arisuinfo/cm/cmPop/vo/CmFileReqVO.java,IN_SCOPE
src/main/java/arisuinfo/cm/cmPop/service/impl/CmFileReqServiceImpl.java,arisuinfo.com.exception.BizException,src/main/java/arisuinfo/com/exception/BizException.java,IN_SCOPE
src/main/java/arisuinfo/cm/cmPop/service/impl/CmFileReqServiceImpl.java,arisuinfo.com.fileUpload.service.FileUploadService,src/main/java/arisuinfo/com/fileUpload/service/FileUploadService.java,IN_SCOPE
src/main/java/arisuinfo/cm/cmPop/service/impl/CmFileReqServiceImpl.java,arisuinfo.com.util.SessionUtil,src/main/java/arisuinfo/com/util/SessionUtil.java,IN_SCOPE
src/main/java/arisuinfo/cm/cmPop/service/impl/CmFileReqServiceImpl.java,arisuinfo.com.util.StringUtil,src/main/java/arisuinfo/com/util/StringUtil.java,IN_SCOPE
src/main/java/arisuinfo/cm/cmPop/service/impl/CmFileReqServiceImpl.java,arisuinfo.com.util.UmsUtil,src/main/java/arisuinfo/com/util/UmsUtil.java,IN_SCOPE
src/main/java/arisuinfo/cm/cmPop/service/impl/CmFileReqServiceImpl.java,arisuinfo.common.ria.nexacro.map.DataSetMap,src/main/java/arisuinfo/common/ria/nexacro/map/DataSetMap.java,IN_SCOPE
src/main/java/arisuinfo/cm/cmPop/service/impl/CmSmsSndngServiceImpl.java,arisuinfo.cm.cmPop.mapper.CmSmsSndngMapper,src/main/java/arisuinfo/cm/cmPop/mapper/CmSmsSndngMapper.java,IN_SCOPE
src/main/java/arisuinfo/cm/cmPop/service/impl/CmSmsSndngServiceImpl.java,arisuinfo.cm.cmPop.service.CmSmsSndngService,src/main/java/arisuinfo/cm/cmPop/service/CmSmsSndngService.java,IN_SCOPE
src/main/java/arisuinfo/cm/cmPop/service/impl/CmSmsSndngServiceImpl.java,arisuinfo.common.ria.nexacro.map.DataSetMap,src/main/java/arisuinfo/common/ria/nexacro/map/DataSetMap.java,IN_SCOPE
src/main/java/arisuinfo/cm/cmPop/vo/CmFileReqVO.java,arisuinfo.com.bind.BaseVO,src/main/java/arisuinfo/com/bind/BaseVO.java,IN_SCOPE
src/main/java/arisuinfo/cm/cmPop/web/AddrController.java,arisuinfo.cm.cmPop.service.AddrService,src/main/java/arisuinfo/cm/cmPop/service/AddrService.java,IN_SCOPE
src/main/java/arisuinfo/cm/cmPop/web/AddrController.java,arisuinfo.com.web.BaseController,src/main/java/arisuinfo/com/web/BaseController.java,IN_SCOPE
src/main/java/arisuinfo/cm/cmPop/web/AddrController.java,arisuinfo.common.ria.nexacro.NexacroConstant,src/main/java/arisuinfo/common/ria/nexacro/NexacroConstant.java,IN_SCOPE
src/main/java/arisuinfo/cm/cmPop/web/AddrController.java,arisuinfo.common.ria.nexacro.map.DataSetMap,src/main/java/arisuinfo/common/ria/nexacro/map/DataSetMap.java,IN_SCOPE
src/main/java/arisuinfo/cm/cmPop/web/AddrController.java,arisuinfo.common.ria.nexacro.map.NexacroMapDTO,src/main/java/arisuinfo/common/ria/nexacro/map/NexacroMapDTO.java,IN_SCOPE
src/main/java/arisuinfo/cm/cmPop/web/CmCdController.java,arisuinfo.cm.cmPop.service.CmCdService,src/main/java/arisuinfo/cm/cmPop/service/CmCdService.java,IN_SCOPE
src/main/java/arisuinfo/cm/cmPop/web/CmCdController.java,arisuinfo.common.ria.nexacro.NexacroConstant,src/main/java/arisuinfo/common/ria/nexacro/NexacroConstant.java,IN_SCOPE
src/main/java/arisuinfo/cm/cmPop/web/CmCdController.java,arisuinfo.common.ria.nexacro.map.DataSetMap,src/main/java/arisuinfo/common/ria/nexacro/map/DataSetMap.java,IN_SCOPE
src/main/java/arisuinfo/cm/cmPop/web/CmCdController.java,arisuinfo.common.ria.nexacro.map.NexacroMapDTO,src/main/java/arisuinfo/common/ria/nexacro/map/NexacroMapDTO.java,IN_SCOPE
src/main/java/arisuinfo/cm/cmPop/web/CmFileReqController.java,arisuinfo.cm.cmPop.service.CmFileReqService,src/main/java/arisuinfo/cm/cmPop/service/CmFileReqService.java,IN_SCOPE
src/main/java/arisuinfo/cm/cmPop/web/CmFileReqController.java,arisuinfo.com.web.BaseController,src/main/java/arisuinfo/com/web/BaseController.java,IN_SCOPE
src/main/java/arisuinfo/cm/cmPop/web/CmFileReqController.java,arisuinfo.common.ria.nexacro.map.NexacroMapDTO,src/main/java/arisuinfo/common/ria/nexacro/map/NexacroMapDTO.java,IN_SCOPE
src/main/java/arisuinfo/cm/cmPop/web/CmSmsSndngController.java,arisuinfo.cm.cmPop.service.CmSmsSndngService,src/main/java/arisuinfo/cm/cmPop/service/CmSmsSndngService.java,IN_SCOPE
src/main/java/arisuinfo/cm/cmPop/web/CmSmsSndngController.java,arisuinfo.com.web.BaseController,src/main/java/arisuinfo/com/web/BaseController.java,IN_SCOPE
src/main/java/arisuinfo/cm/cmPop/web/CmSmsSndngController.java,arisuinfo.common.ria.nexacro.map.NexacroMapDTO,src/main/java/arisuinfo/common/ria/nexacro/map/NexacroMapDTO.java,IN_SCOPE
src/main/java/arisuinfo/cm/cntc/mapper/EMailSndngMapper.java,arisuinfo.cm.cntc.vo.EMailAttachFileVO,src/main/java/arisuinfo/cm/cntc/vo/EMailAttachFileVO.java,IN_SCOPE
src/main/java/arisuinfo/cm/cntc/mapper/EMailSndngMapper.java,arisuinfo.cm.cntc.vo.EMailAuxVO,src/main/java/arisuinfo/cm/cntc/vo/EMailAuxVO.java,IN_SCOPE
src/main/java/arisuinfo/cm/cntc/mapper/EMailSndngMapper.java,arisuinfo.cm.cntc.vo.EMailSndngVO,src/main/java/arisuinfo/cm/cntc/vo/EMailSndngVO.java,IN_SCOPE
src/main/java/arisuinfo/cm/cntc/mapper/UmsSndngMapper.java,arisuinfo.cm.cntc.vo.UmsSndngVO,src/main/java/arisuinfo/cm/cntc/vo/UmsSndngVO.java,IN_SCOPE
src/main/java/arisuinfo/cm/cntc/mapper/UmsSndngMapper.java,arisuinfo.cm.oper.vo.UmsSndngHstVO,src/main/java/arisuinfo/cm/oper/vo/UmsSndngHstVO.java,IN_SCOPE
src/main/java/arisuinfo/cm/hp/mapper/HpGuideMngMapper.java,arisuinfo.cm.hp.vo.HpGuideMngVO,src/main/java/arisuinfo/cm/hp/vo/HpGuideMngVO.java,IN_SCOPE
src/main/java/arisuinfo/cm/hp/service/HpGuideMngService.java,arisuinfo.common.ria.nexacro.map.DataSetMap,src/main/java/arisuinfo/common/ria/nexacro/map/DataSetMap.java,IN_SCOPE
src/main/java/arisuinfo/cm/hp/service/impl/HpGuideMngServiceImpl.java,arisuinfo.cm.hp.mapper.HpGuideMngMapper,src/main/java/arisuinfo/cm/hp/mapper/HpGuideMngMapper.java,IN_SCOPE
src/main/java/arisuinfo/cm/hp/service/impl/HpGuideMngServiceImpl.java,arisuinfo.cm.hp.service.HpGuideMngService,src/main/java/arisuinfo/cm/hp/service/HpGuideMngService.java,IN_SCOPE
src/main/java/arisuinfo/cm/hp/service/impl/HpGuideMngServiceImpl.java,arisuinfo.cm.hp.vo.HpGuideMngVO,src/main/java/arisuinfo/cm/hp/vo/HpGuideMngVO.java,IN_SCOPE
src/main/java/arisuinfo/cm/hp/service/impl/HpGuideMngServiceImpl.java,arisuinfo.com.fileUpload.mapper.FileUploadMapper,src/main/java/arisuinfo/com/fileUpload/mapper/FileUploadMapper.java,IN_SCOPE
src/main/java/arisuinfo/cm/hp/service/impl/HpGuideMngServiceImpl.java,arisuinfo.com.fileUpload.service.FileUploadVO,src/main/java/arisuinfo/com/fileUpload/service/FileUploadVO.java,IN_SCOPE
src/main/java/arisuinfo/cm/hp/service/impl/HpGuideMngServiceImpl.java,arisuinfo.com.exception.BizException,src/main/java/arisuinfo/com/exception/BizException.java,IN_SCOPE
src/main/java/arisuinfo/cm/hp/service/impl/HpGuideMngServiceImpl.java,arisuinfo.com.util.SessionUtil,src/main/java/arisuinfo/com/util/SessionUtil.java,IN_SCOPE
src/main/java/arisuinfo/cm/hp/service/impl/HpGuideMngServiceImpl.java,arisuinfo.common.ria.nexacro.map.DataSetMap,src/main/java/arisuinfo/common/ria/nexacro/map/DataSetMap.java,IN_SCOPE
src/main/java/arisuinfo/cm/hp/service/impl/HpGuideMngServiceImpl.java,arisuinfo.com.util.StringUtil,src/main/java/arisuinfo/com/util/StringUtil.java,IN_SCOPE
src/main/java/arisuinfo/cm/hp/vo/HpGuideMngVO.java,arisuinfo.com.service.PageDefaultVO,src/main/java/arisuinfo/com/service/PageDefaultVO.java,IN_SCOPE
src/main/java/arisuinfo/cm/hp/web/HpGuideMngController.java,arisuinfo.cm.hp.service.HpGuideMngService,src/main/java/arisuinfo/cm/hp/service/HpGuideMngService.java,IN_SCOPE
src/main/java/arisuinfo/cm/hp/web/HpGuideMngController.java,arisuinfo.common.ria.nexacro.map.NexacroMapDTO,src/main/java/arisuinfo/common/ria/nexacro/map/NexacroMapDTO.java,IN_SCOPE
src/main/java/arisuinfo/cm/hp/web/HpGuideMngController.java,arisuinfo.com.web.BaseController,src/main/java/arisuinfo/com/web/BaseController.java,IN_SCOPE
src/main/java/arisuinfo/cm/login/mapper/LoginMapper.java,arisuinfo.cm.login.vo.TempLoginVO,src/main/java/arisuinfo/cm/login/vo/TempLoginVO.java,IN_SCOPE
src/main/java/arisuinfo/cm/login/mapper/LoginMapper.java,arisuinfo.cm.main.vo.MainMngVO,src/main/java/arisuinfo/cm/main/vo/MainMngVO.java,IN_SCOPE
src/main/java/arisuinfo/cm/login/mapper/LoginMapper.java,arisuinfo.com.service.LoginVO,src/main/java/arisuinfo/com/service/LoginVO.java,IN_SCOPE
src/main/java/arisuinfo/cm/login/service/impl/LoginServiceImpl.java,arisuinfo.cm.login.mapper.LoginMapper,src/main/java/arisuinfo/cm/login/mapper/LoginMapper.java,IN_SCOPE
src/main/java/arisuinfo/cm/login/service/impl/LoginServiceImpl.java,arisuinfo.cm.login.service.LoginService,src/main/java/arisuinfo/cm/login/service/LoginService.java,IN_SCOPE
src/main/java/arisuinfo/cm/login/service/impl/LoginServiceImpl.java,arisuinfo.cm.login.vo.TempLoginVO,src/main/java/arisuinfo/cm/login/vo/TempLoginVO.java,IN_SCOPE
src/main/java/arisuinfo/cm/login/service/impl/LoginServiceImpl.java,arisuinfo.cm.main.mapper.MainMngMapper,src/main/java/arisuinfo/cm/main/mapper/MainMngMapper.java,IN_SCOPE
src/main/java/arisuinfo/cm/login/service/impl/LoginServiceImpl.java,arisuinfo.cm.main.vo.MainMngVO,src/main/java/arisuinfo/cm/main/vo/MainMngVO.java,IN_SCOPE
src/main/java/arisuinfo/cm/login/service/impl/LoginServiceImpl.java,arisuinfo.com.exception.BizException,src/main/java/arisuinfo/com/exception/BizException.java,IN_SCOPE
src/main/java/arisuinfo/cm/login/service/impl/LoginServiceImpl.java,arisuinfo.com.service.LoginVO,src/main/java/arisuinfo/com/service/LoginVO.java,IN_SCOPE
src/main/java/arisuinfo/cm/login/service/impl/LoginServiceImpl.java,arisuinfo.com.util.SessionUtil,src/main/java/arisuinfo/com/util/SessionUtil.java,IN_SCOPE
src/main/java/arisuinfo/cm/login/service/impl/LoginServiceImpl.java,arisuinfo.com.util.StringUtil,src/main/java/arisuinfo/com/util/StringUtil.java,IN_SCOPE
src/main/java/arisuinfo/cm/login/service/impl/LoginServiceImpl.java,arisuinfo.common.ria.nexacro.map.DataSetMap,src/main/java/arisuinfo/common/ria/nexacro/map/DataSetMap.java,IN_SCOPE
src/main/java/arisuinfo/cm/login/service/LoginService.java,arisuinfo.cm.login.vo.TempLoginVO,src/main/java/arisuinfo/cm/login/vo/TempLoginVO.java,IN_SCOPE
src/main/java/arisuinfo/cm/login/service/LoginService.java,arisuinfo.cm.main.vo.MainMngVO,src/main/java/arisuinfo/cm/main/vo/MainMngVO.java,IN_SCOPE
src/main/java/arisuinfo/cm/login/service/LoginService.java,arisuinfo.com.service.LoginVO,src/main/java/arisuinfo/com/service/LoginVO.java,IN_SCOPE
src/main/java/arisuinfo/cm/login/service/LoginService.java,arisuinfo.common.ria.nexacro.map.DataSetMap,src/main/java/arisuinfo/common/ria/nexacro/map/DataSetMap.java,IN_SCOPE
src/main/java/arisuinfo/cm/login/vo/TempLoginVO.java,arisuinfo.com.bind.BaseVO,src/main/java/arisuinfo/com/bind/BaseVO.java,IN_SCOPE
src/main/java/arisuinfo/cm/login/web/LoginController.java,arisuinfo.cm.login.service.LoginService,src/main/java/arisuinfo/cm/login/service/LoginService.java,IN_SCOPE
src/main/java/arisuinfo/cm/login/web/LoginController.java,arisuinfo.cm.login.vo.TempLoginVO,src/main/java/arisuinfo/cm/login/vo/TempLoginVO.java,IN_SCOPE
src/main/java/arisuinfo/cm/login/web/LoginController.java,arisuinfo.com.web.BaseController,src/main/java/arisuinfo/com/web/BaseController.java,IN_SCOPE
src/main/java/arisuinfo/cm/login/web/LoginController.java,arisuinfo.common.ria.nexacro.map.NexacroMapDTO,src/main/java/arisuinfo/common/ria/nexacro/map/NexacroMapDTO.java,IN_SCOPE
src/main/java/arisuinfo/cm/main/mapper/CmCdListMapper.java,arisuinfo.cm.main.vo.CmCdListVO,src/main/java/arisuinfo/cm/main/vo/CmCdListVO.java,IN_SCOPE
src/main/java/arisuinfo/cm/main/mapper/DeptListMapper.java,arisuinfo.cm.main.vo.DeptListVO,src/main/java/arisuinfo/cm/main/vo/DeptListVO.java,IN_SCOPE
src/main/java/arisuinfo/cm/main/mapper/IseMenuListMapper.java,arisuinfo.cm.main.vo.IseMenuVO,src/main/java/arisuinfo/cm/main/vo/IseMenuVO.java,IN_SCOPE
src/main/java/arisuinfo/cm/main/mapper/MainMngMapper.java,arisuinfo.cm.main.vo.MainMngVO,src/main/java/arisuinfo/cm/main/vo/MainMngVO.java,IN_SCOPE
src/main/java/arisuinfo/cm/main/mapper/MainMngMapper.java,arisuinfo.cm.main.vo.UsrPgmUseHistVO,src/main/java/arisuinfo/cm/main/vo/UsrPgmUseHistVO.java,IN_SCOPE
src/main/java/arisuinfo/cm/main/mapper/OfficeListMapper.java,arisuinfo.cm.main.vo.OfficeListVO,src/main/java/arisuinfo/cm/main/vo/OfficeListVO.java,IN_SCOPE
src/main/java/arisuinfo/cm/main/service/AuthListService.java,arisuinfo.common.ria.nexacro.map.DataSetMap,src/main/java/arisuinfo/common/ria/nexacro/map/DataSetMap.java,IN_SCOPE
src/main/java/arisuinfo/cm/main/service/CmCdListService.java,arisuinfo.common.ria.nexacro.map.DataSetMap,src/main/java/arisuinfo/common/ria/nexacro/map/DataSetMap.java,IN_SCOPE
src/main/java/arisuinfo/cm/main/service/DeptListService.java,arisuinfo.common.ria.nexacro.map.DataSetMap,src/main/java/arisuinfo/common/ria/nexacro/map/DataSetMap.java,IN_SCOPE
src/main/java/arisuinfo/cm/main/service/impl/AuthListServiceImpl.java,arisuinfo.cm.auth.auth.service.AuthMenuService,src/main/java/arisuinfo/cm/auth/auth/service/AuthMenuService.java,IN_SCOPE
src/main/java/arisuinfo/cm/main/service/impl/AuthListServiceImpl.java,arisuinfo.cm.auth.auth.service.AuthUserService,src/main/java/arisuinfo/cm/auth/auth/service/AuthUserService.java,IN_SCOPE
src/main/java/arisuinfo/cm/main/service/impl/AuthListServiceImpl.java,arisuinfo.cm.auth.auth.vo.menu.AuthMenuTreeVO,src/main/java/arisuinfo/cm/auth/auth/vo/menu/AuthMenuTreeVO.java,IN_SCOPE
src/main/java/arisuinfo/cm/main/service/impl/AuthListServiceImpl.java,arisuinfo.cm.auth.auth.vo.user.AuthUsrVO,src/main/java/arisuinfo/cm/auth/auth/vo/user/AuthUsrVO.java,IN_SCOPE
src/main/java/arisuinfo/cm/main/service/impl/AuthListServiceImpl.java,arisuinfo.cm.main.service.AuthListService,src/main/java/arisuinfo/cm/main/service/AuthListService.java,IN_SCOPE
src/main/java/arisuinfo/cm/main/service/impl/AuthListServiceImpl.java,arisuinfo.com.util.SessionUtil,src/main/java/arisuinfo/com/util/SessionUtil.java,IN_SCOPE
src/main/java/arisuinfo/cm/main/service/impl/AuthListServiceImpl.java,arisuinfo.common.ria.nexacro.map.DataSetMap,src/main/java/arisuinfo/common/ria/nexacro/map/DataSetMap.java,IN_SCOPE
src/main/java/arisuinfo/cm/main/service/impl/AuthListServiceImpl.java,arisuinfo.common.ria.nexacro.map.DataSetMapConverter,src/main/java/arisuinfo/common/ria/nexacro/map/DataSetMapConverter.java,IN_SCOPE
src/main/java/arisuinfo/cm/main/service/impl/CmCdListServiceImpl.java,arisuinfo.cm.main.mapper.CmCdListMapper,src/main/java/arisuinfo/cm/main/mapper/CmCdListMapper.java,IN_SCOPE
src/main/java/arisuinfo/cm/main/service/impl/CmCdListServiceImpl.java,arisuinfo.cm.main.service.CmCdListService,src/main/java/arisuinfo/cm/main/service/CmCdListService.java,IN_SCOPE
src/main/java/arisuinfo/cm/main/service/impl/CmCdListServiceImpl.java,arisuinfo.cm.main.vo.CmCdListVO,src/main/java/arisuinfo/cm/main/vo/CmCdListVO.java,IN_SCOPE
src/main/java/arisuinfo/cm/main/service/impl/CmCdListServiceImpl.java,arisuinfo.common.ria.nexacro.map.DataSetMap,src/main/java/arisuinfo/common/ria/nexacro/map/DataSetMap.java,IN_SCOPE
src/main/java/arisuinfo/cm/main/service/impl/DeptListServiceImpl.java,arisuinfo.cm.main.mapper.DeptListMapper,src/main/java/arisuinfo/cm/main/mapper/DeptListMapper.java,IN_SCOPE
src/main/java/arisuinfo/cm/main/service/impl/DeptListServiceImpl.java,arisuinfo.cm.main.service.DeptListService,src/main/java/arisuinfo/cm/main/service/DeptListService.java,IN_SCOPE
src/main/java/arisuinfo/cm/main/service/impl/DeptListServiceImpl.java,arisuinfo.cm.main.vo.DeptListVO,src/main/java/arisuinfo/cm/main/vo/DeptListVO.java,IN_SCOPE
src/main/java/arisuinfo/cm/main/service/impl/DeptListServiceImpl.java,arisuinfo.common.ria.nexacro.map.DataSetMap,src/main/java/arisuinfo/common/ria/nexacro/map/DataSetMap.java,IN_SCOPE
src/main/java/arisuinfo/cm/main/service/impl/IseMenuListServiceImpl.java,arisuinfo.cm.main.mapper.IseMenuListMapper,src/main/java/arisuinfo/cm/main/mapper/IseMenuListMapper.java,IN_SCOPE
src/main/java/arisuinfo/cm/main/service/impl/IseMenuListServiceImpl.java,arisuinfo.cm.main.service.IseMenuListService,src/main/java/arisuinfo/cm/main/service/IseMenuListService.java,IN_SCOPE
src/main/java/arisuinfo/cm/main/service/impl/IseMenuListServiceImpl.java,arisuinfo.cm.main.vo.IseMenuVO,src/main/java/arisuinfo/cm/main/vo/IseMenuVO.java,IN_SCOPE
src/main/java/arisuinfo/cm/main/service/impl/IseMenuListServiceImpl.java,arisuinfo.com.util.SessionUtil,src/main/java/arisuinfo/com/util/SessionUtil.java,IN_SCOPE
src/main/java/arisuinfo/cm/main/service/impl/IseMenuListServiceImpl.java,arisuinfo.common.ria.nexacro.map.DataSetMap,src/main/java/arisuinfo/common/ria/nexacro/map/DataSetMap.java,IN_SCOPE
src/main/java/arisuinfo/cm/main/service/impl/IseMenuListServiceImpl.java,arisuinfo.common.ria.nexacro.map.DataSetMapConverter,src/main/java/arisuinfo/common/ria/nexacro/map/DataSetMapConverter.java,IN_SCOPE
src/main/java/arisuinfo/cm/main/service/impl/MainMngServiceImpl.java,arisuinfo.com.util.StringUtil,src/main/java/arisuinfo/com/util/StringUtil.java,IN_SCOPE
src/main/java/arisuinfo/cm/main/service/impl/MainMngServiceImpl.java,arisuinfo.com.exception.BizException,src/main/java/arisuinfo/com/exception/BizException.java,IN_SCOPE
src/main/java/arisuinfo/cm/main/service/impl/MainMngServiceImpl.java,arisuinfo.common.crypto.SmartGcTokenUtil,src/main/java/arisuinfo/common/crypto/SmartGcTokenUtil.java,IN_SCOPE
src/main/java/arisuinfo/cm/main/service/impl/MainMngServiceImpl.java,arisuinfo.cm.main.mapper.MainMngMapper,src/main/java/arisuinfo/cm/main/mapper/MainMngMapper.java,IN_SCOPE
src/main/java/arisuinfo/cm/main/service/impl/MainMngServiceImpl.java,arisuinfo.cm.main.service.MainMngService,src/main/java/arisuinfo/cm/main/service/MainMngService.java,IN_SCOPE
src/main/java/arisuinfo/cm/main/service/impl/MainMngServiceImpl.java,arisuinfo.cm.main.vo.MainMngVO,src/main/java/arisuinfo/cm/main/vo/MainMngVO.java,IN_SCOPE
src/main/java/arisuinfo/cm/main/service/impl/MainMngServiceImpl.java,arisuinfo.cm.main.vo.UsrPgmUseHistVO,src/main/java/arisuinfo/cm/main/vo/UsrPgmUseHistVO.java,IN_SCOPE
src/main/java/arisuinfo/cm/main/service/impl/MainMngServiceImpl.java,arisuinfo.cm.usr.service.UsrJobMngService,src/main/java/arisuinfo/cm/usr/service/UsrJobMngService.java,IN_SCOPE
src/main/java/arisuinfo/cm/main/service/impl/MainMngServiceImpl.java,arisuinfo.cm.usr.vo.UsrJobVO,src/main/java/arisuinfo/cm/usr/vo/UsrJobVO.java,IN_SCOPE
src/main/java/arisuinfo/cm/main/service/impl/MainMngServiceImpl.java,arisuinfo.com.service.LoginVO,src/main/java/arisuinfo/com/service/LoginVO.java,IN_SCOPE
src/main/java/arisuinfo/cm/main/service/impl/MainMngServiceImpl.java,arisuinfo.com.util.SessionUtil,src/main/java/arisuinfo/com/util/SessionUtil.java,IN_SCOPE
src/main/java/arisuinfo/cm/main/service/impl/MainMngServiceImpl.java,arisuinfo.common.ria.nexacro.map.DataSetMap,src/main/java/arisuinfo/common/ria/nexacro/map/DataSetMap.java,IN_SCOPE
src/main/java/arisuinfo/cm/main/service/impl/OfficeListServiceImpl.java,arisuinfo.cm.main.mapper.OfficeListMapper,src/main/java/arisuinfo/cm/main/mapper/OfficeListMapper.java,IN_SCOPE
src/main/java/arisuinfo/cm/main/service/impl/OfficeListServiceImpl.java,arisuinfo.cm.main.service.OfficeListService,src/main/java/arisuinfo/cm/main/service/OfficeListService.java,IN_SCOPE
src/main/java/arisuinfo/cm/main/service/impl/OfficeListServiceImpl.java,arisuinfo.cm.main.vo.OfficeListVO,src/main/java/arisuinfo/cm/main/vo/OfficeListVO.java,IN_SCOPE
src/main/java/arisuinfo/cm/main/service/impl/OfficeListServiceImpl.java,arisuinfo.common.ria.nexacro.map.DataSetMap,src/main/java/arisuinfo/common/ria/nexacro/map/DataSetMap.java,IN_SCOPE
src/main/java/arisuinfo/cm/main/service/IseMenuListService.java,arisuinfo.common.ria.nexacro.map.DataSetMap,src/main/java/arisuinfo/common/ria/nexacro/map/DataSetMap.java,IN_SCOPE
src/main/java/arisuinfo/cm/main/service/MainMngService.java,arisuinfo.common.ria.nexacro.map.DataSetMap,src/main/java/arisuinfo/common/ria/nexacro/map/DataSetMap.java,IN_SCOPE
src/main/java/arisuinfo/cm/main/service/OfficeListService.java,arisuinfo.common.ria.nexacro.map.DataSetMap,src/main/java/arisuinfo/common/ria/nexacro/map/DataSetMap.java,IN_SCOPE
src/main/java/arisuinfo/cm/main/vo/IseMenuVO.java,arisuinfo.com.bind.BaseVO,src/main/java/arisuinfo/com/bind/BaseVO.java,IN_SCOPE
src/main/java/arisuinfo/cm/main/vo/UsrPgmUseHistVO.java,arisuinfo.com.bind.BaseVO,src/main/java/arisuinfo/com/bind/BaseVO.java,IN_SCOPE
src/main/java/arisuinfo/cm/main/web/IseMenuListController.java,arisuinfo.cm.main.service.IseMenuListService,src/main/java/arisuinfo/cm/main/service/IseMenuListService.java,IN_SCOPE
src/main/java/arisuinfo/cm/main/web/IseMenuListController.java,arisuinfo.com.web.BaseController,src/main/java/arisuinfo/com/web/BaseController.java,IN_SCOPE
src/main/java/arisuinfo/cm/main/web/IseMenuListController.java,arisuinfo.common.ria.nexacro.map.NexacroMapDTO,src/main/java/arisuinfo/common/ria/nexacro/map/NexacroMapDTO.java,IN_SCOPE
src/main/java/arisuinfo/cm/main/web/LogStreamController.java,arisuinfo.com.util.StringUtil,src/main/java/arisuinfo/com/util/StringUtil.java,IN_SCOPE
src/main/java/arisuinfo/cm/main/web/MainMngController.java,arisuinfo.ar.main.service.ArMainService,,EXTERNAL_REVIEW
src/main/java/arisuinfo/cm/main/web/MainMngController.java,arisuinfo.cm.auth.menu.service.MenuService,src/main/java/arisuinfo/cm/auth/menu/service/MenuService.java,IN_SCOPE
src/main/java/arisuinfo/cm/main/web/MainMngController.java,arisuinfo.cm.bsis.service.OfficeMngService,src/main/java/arisuinfo/cm/bsis/service/OfficeMngService.java,IN_SCOPE
src/main/java/arisuinfo/cm/main/web/MainMngController.java,arisuinfo.cm.main.service.AuthListService,src/main/java/arisuinfo/cm/main/service/AuthListService.java,IN_SCOPE
src/main/java/arisuinfo/cm/main/web/MainMngController.java,arisuinfo.cm.main.service.CmCdListService,src/main/java/arisuinfo/cm/main/service/CmCdListService.java,IN_SCOPE
src/main/java/arisuinfo/cm/main/web/MainMngController.java,arisuinfo.cm.main.service.DeptListService,src/main/java/arisuinfo/cm/main/service/DeptListService.java,IN_SCOPE
src/main/java/arisuinfo/cm/main/web/MainMngController.java,arisuinfo.cm.main.service.MainMngService,src/main/java/arisuinfo/cm/main/service/MainMngService.java,IN_SCOPE
src/main/java/arisuinfo/cm/main/web/MainMngController.java,arisuinfo.cm.main.service.OfficeListService,src/main/java/arisuinfo/cm/main/service/OfficeListService.java,IN_SCOPE
src/main/java/arisuinfo/cm/main/web/MainMngController.java,arisuinfo.cm.usr.service.UsrRgnService,src/main/java/arisuinfo/cm/usr/service/UsrRgnService.java,IN_SCOPE
src/main/java/arisuinfo/cm/main/web/MainMngController.java,arisuinfo.com.message.service.MessageService,src/main/java/arisuinfo/com/message/service/MessageService.java,IN_SCOPE
src/main/java/arisuinfo/cm/main/web/MainMngController.java,arisuinfo.com.web.BaseController,src/main/java/arisuinfo/com/web/BaseController.java,IN_SCOPE
src/main/java/arisuinfo/cm/main/web/MainMngController.java,arisuinfo.common.nxkey.NxkeyUtil,src/main/java/arisuinfo/common/nxkey/NxkeyUtil.java,IN_SCOPE
src/main/java/arisuinfo/cm/main/web/MainMngController.java,arisuinfo.common.ria.nexacro.NexacroConstant,src/main/java/arisuinfo/common/ria/nexacro/NexacroConstant.java,IN_SCOPE
src/main/java/arisuinfo/cm/main/web/MainMngController.java,arisuinfo.common.ria.nexacro.map.DataSetMap,src/main/java/arisuinfo/common/ria/nexacro/map/DataSetMap.java,IN_SCOPE
src/main/java/arisuinfo/cm/main/web/MainMngController.java,arisuinfo.common.ria.nexacro.map.NexacroMapDTO,src/main/java/arisuinfo/common/ria/nexacro/map/NexacroMapDTO.java,IN_SCOPE
src/main/java/arisuinfo/cm/main/web/MainMngController.java,arisuinfo.cs.csMng.service.RdcxptTgCorrectionService,,EXTERNAL_REVIEW
src/main/java/arisuinfo/cm/main/web/MainMngController.java,arisuinfo.cs.csOptapMng.service.GisOpenNoticeMngService,,EXTERNAL_REVIEW
src/main/java/arisuinfo/cm/main/web/MainMngController.java,arisuinfo.gc.gcJdgmn.service.GcJdgmnService,,EXTERNAL_REVIEW
src/main/java/arisuinfo/cm/main/web/MainMngController.java,arisuinfo.rc.sm.service.SunapUnprocessedService,,EXTERNAL_REVIEW
src/main/java/arisuinfo/cm/main/web/MainMngController.java,arisuinfo.ti.adj.service.AdjAnactMngService,,EXTERNAL_REVIEW
src/main/java/arisuinfo/cm/myPage/mapper/JobProcHistMapper.java,arisuinfo.cm.oper.vo.UmsSndngHstSrchVO,src/main/java/arisuinfo/cm/oper/vo/UmsSndngHstSrchVO.java,IN_SCOPE
src/main/java/arisuinfo/cm/myPage/mapper/JobProcHistMapper.java,arisuinfo.cs.csSvc.service.CsCvplSvcVO,,EXTERNAL_REVIEW
src/main/java/arisuinfo/cm/myPage/mapper/MkeyHistMapper.java,arisuinfo.cm.myPage.vo.MkeyHistVO,src/main/java/arisuinfo/cm/myPage/vo/MkeyHistVO.java,IN_SCOPE
src/main/java/arisuinfo/cm/myPage/mapper/UsrSchdulMngMapper.java,arisuinfo.cm.myPage.vo.UsrSchdulVO,src/main/java/arisuinfo/cm/myPage/vo/UsrSchdulVO.java,IN_SCOPE
src/main/java/arisuinfo/cm/myPage/service/impl/JobProcHistServiceImpl.java,arisuinfo.cm.cntc.vo.EMailSndngVO,src/main/java/arisuinfo/cm/cntc/vo/EMailSndngVO.java,IN_SCOPE
src/main/java/arisuinfo/cm/myPage/service/impl/JobProcHistServiceImpl.java,arisuinfo.cm.cntc.vo.UmsSndngVO,src/main/java/arisuinfo/cm/cntc/vo/UmsSndngVO.java,IN_SCOPE
src/main/java/arisuinfo/cm/myPage/service/impl/JobProcHistServiceImpl.java,arisuinfo.cm.myPage.mapper.JobProcHistMapper,src/main/java/arisuinfo/cm/myPage/mapper/JobProcHistMapper.java,IN_SCOPE
src/main/java/arisuinfo/cm/myPage/service/impl/JobProcHistServiceImpl.java,arisuinfo.cm.myPage.service.JobProcHistService,src/main/java/arisuinfo/cm/myPage/service/JobProcHistService.java,IN_SCOPE
src/main/java/arisuinfo/cm/myPage/service/impl/JobProcHistServiceImpl.java,arisuinfo.cm.oper.mapper.UmsSndngHstMapper,src/main/java/arisuinfo/cm/oper/mapper/UmsSndngHstMapper.java,IN_SCOPE
src/main/java/arisuinfo/cm/myPage/service/impl/JobProcHistServiceImpl.java,arisuinfo.cm.oper.vo.UmsSndngHstSrchVO,src/main/java/arisuinfo/cm/oper/vo/UmsSndngHstSrchVO.java,IN_SCOPE
src/main/java/arisuinfo/cm/myPage/service/impl/JobProcHistServiceImpl.java,arisuinfo.com.util.DateUtil,src/main/java/arisuinfo/com/util/DateUtil.java,IN_SCOPE
src/main/java/arisuinfo/cm/myPage/service/impl/JobProcHistServiceImpl.java,arisuinfo.com.util.EMailUtil,src/main/java/arisuinfo/com/util/EMailUtil.java,IN_SCOPE
src/main/java/arisuinfo/cm/myPage/service/impl/JobProcHistServiceImpl.java,arisuinfo.com.util.SessionUtil,src/main/java/arisuinfo/com/util/SessionUtil.java,IN_SCOPE
src/main/java/arisuinfo/cm/myPage/service/impl/JobProcHistServiceImpl.java,arisuinfo.com.util.UmsUtil,src/main/java/arisuinfo/com/util/UmsUtil.java,IN_SCOPE
src/main/java/arisuinfo/cm/myPage/service/impl/JobProcHistServiceImpl.java,arisuinfo.common.ria.nexacro.map.DataSetMap,src/main/java/arisuinfo/common/ria/nexacro/map/DataSetMap.java,IN_SCOPE
src/main/java/arisuinfo/cm/myPage/service/impl/JobProcHistServiceImpl.java,arisuinfo.cs.csSvc.service.CsCvplSvcVO,,EXTERNAL_REVIEW
src/main/java/arisuinfo/cm/myPage/service/impl/MkeyHistServiceImpl.java,arisuinfo.cm.myPage.mapper.MkeyHistMapper,src/main/java/arisuinfo/cm/myPage/mapper/MkeyHistMapper.java,IN_SCOPE
src/main/java/arisuinfo/cm/myPage/service/impl/MkeyHistServiceImpl.java,arisuinfo.cm.myPage.service.MkeyHistService,src/main/java/arisuinfo/cm/myPage/service/MkeyHistService.java,IN_SCOPE
src/main/java/arisuinfo/cm/myPage/service/impl/MkeyHistServiceImpl.java,arisuinfo.cm.myPage.vo.MkeyHistVO,src/main/java/arisuinfo/cm/myPage/vo/MkeyHistVO.java,IN_SCOPE
src/main/java/arisuinfo/cm/myPage/service/impl/MkeyHistServiceImpl.java,arisuinfo.com.util.SessionUtil,src/main/java/arisuinfo/com/util/SessionUtil.java,IN_SCOPE
src/main/java/arisuinfo/cm/myPage/service/impl/MkeyHistServiceImpl.java,arisuinfo.common.ria.nexacro.map.DataSetMap,src/main/java/arisuinfo/common/ria/nexacro/map/DataSetMap.java,IN_SCOPE
src/main/java/arisuinfo/cm/myPage/service/impl/UsrSchdulMngServiceImpl.java,arisuinfo.cm.myPage.mapper.UsrSchdulMngMapper,src/main/java/arisuinfo/cm/myPage/mapper/UsrSchdulMngMapper.java,IN_SCOPE
src/main/java/arisuinfo/cm/myPage/service/impl/UsrSchdulMngServiceImpl.java,arisuinfo.cm.myPage.service.UsrSchdulMngService,src/main/java/arisuinfo/cm/myPage/service/UsrSchdulMngService.java,IN_SCOPE
src/main/java/arisuinfo/cm/myPage/service/impl/UsrSchdulMngServiceImpl.java,arisuinfo.cm.myPage.vo.UsrSchdulVO,src/main/java/arisuinfo/cm/myPage/vo/UsrSchdulVO.java,IN_SCOPE
src/main/java/arisuinfo/cm/myPage/service/impl/UsrSchdulMngServiceImpl.java,arisuinfo.com.util.SessionUtil,src/main/java/arisuinfo/com/util/SessionUtil.java,IN_SCOPE
src/main/java/arisuinfo/cm/myPage/service/impl/UsrSchdulMngServiceImpl.java,arisuinfo.com.util.StringUtil,src/main/java/arisuinfo/com/util/StringUtil.java,IN_SCOPE
src/main/java/arisuinfo/cm/myPage/service/impl/UsrSchdulMngServiceImpl.java,arisuinfo.common.ria.nexacro.NexacroConstant,src/main/java/arisuinfo/common/ria/nexacro/NexacroConstant.java,IN_SCOPE
src/main/java/arisuinfo/cm/myPage/service/impl/UsrSchdulMngServiceImpl.java,arisuinfo.common.ria.nexacro.map.DataSetMap,src/main/java/arisuinfo/common/ria/nexacro/map/DataSetMap.java,IN_SCOPE
src/main/java/arisuinfo/cm/myPage/service/JobProcHistService.java,arisuinfo.common.ria.nexacro.map.DataSetMap,src/main/java/arisuinfo/common/ria/nexacro/map/DataSetMap.java,IN_SCOPE
src/main/java/arisuinfo/cm/myPage/service/MkeyHistService.java,arisuinfo.common.ria.nexacro.map.DataSetMap,src/main/java/arisuinfo/common/ria/nexacro/map/DataSetMap.java,IN_SCOPE
src/main/java/arisuinfo/cm/myPage/service/UsrSchdulMngService.java,arisuinfo.common.ria.nexacro.map.DataSetMap,src/main/java/arisuinfo/common/ria/nexacro/map/DataSetMap.java,IN_SCOPE
src/main/java/arisuinfo/cm/myPage/web/JobAlrmController.java,arisuinfo.ar.main.service.ArMainService,,EXTERNAL_REVIEW
src/main/java/arisuinfo/cm/myPage/web/JobAlrmController.java,arisuinfo.com.web.BaseController,src/main/java/arisuinfo/com/web/BaseController.java,IN_SCOPE
src/main/java/arisuinfo/cm/myPage/web/JobAlrmController.java,arisuinfo.common.ria.nexacro.map.NexacroMapDTO,src/main/java/arisuinfo/common/ria/nexacro/map/NexacroMapDTO.java,IN_SCOPE
src/main/java/arisuinfo/cm/myPage/web/JobAlrmController.java,arisuinfo.pda.pdaGcMng.service.JobDrctMngService,,EXTERNAL_REVIEW
src/main/java/arisuinfo/cm/myPage/web/JobProcHistController.java,arisuinfo.cm.myPage.service.JobProcHistService,src/main/java/arisuinfo/cm/myPage/service/JobProcHistService.java,IN_SCOPE
src/main/java/arisuinfo/cm/myPage/web/JobProcHistController.java,arisuinfo.com.web.BaseController,src/main/java/arisuinfo/com/web/BaseController.java,IN_SCOPE
src/main/java/arisuinfo/cm/myPage/web/JobProcHistController.java,arisuinfo.common.ria.nexacro.map.NexacroMapDTO,src/main/java/arisuinfo/common/ria/nexacro/map/NexacroMapDTO.java,IN_SCOPE
src/main/java/arisuinfo/cm/myPage/web/MkeyHistController.java,arisuinfo.cm.myPage.service.MkeyHistService,src/main/java/arisuinfo/cm/myPage/service/MkeyHistService.java,IN_SCOPE
src/main/java/arisuinfo/cm/myPage/web/MkeyHistController.java,arisuinfo.com.web.BaseController,src/main/java/arisuinfo/com/web/BaseController.java,IN_SCOPE
src/main/java/arisuinfo/cm/myPage/web/MkeyHistController.java,arisuinfo.common.ria.nexacro.map.NexacroMapDTO,src/main/java/arisuinfo/common/ria/nexacro/map/NexacroMapDTO.java,IN_SCOPE
src/main/java/arisuinfo/cm/myPage/web/UsrSchdulMngController.java,arisuinfo.cm.myPage.service.UsrSchdulMngService,src/main/java/arisuinfo/cm/myPage/service/UsrSchdulMngService.java,IN_SCOPE
src/main/java/arisuinfo/cm/myPage/web/UsrSchdulMngController.java,arisuinfo.com.web.BaseController,src/main/java/arisuinfo/com/web/BaseController.java,IN_SCOPE
src/main/java/arisuinfo/cm/myPage/web/UsrSchdulMngController.java,arisuinfo.common.ria.nexacro.map.NexacroMapDTO,src/main/java/arisuinfo/common/ria/nexacro/map/NexacroMapDTO.java,IN_SCOPE
src/main/java/arisuinfo/cm/oper/mapper/BillFormHistMapper.java,arisuinfo.cm.oper.vo.BillFormHistVO,src/main/java/arisuinfo/cm/oper/vo/BillFormHistVO.java,IN_SCOPE
src/main/java/arisuinfo/cm/oper/mapper/CntcMngMapper.java,arisuinfo.cm.oper.vo.CntcMngVO,src/main/java/arisuinfo/cm/oper/vo/CntcMngVO.java,IN_SCOPE
src/main/java/arisuinfo/cm/oper/mapper/EltNtHstMapper.java,arisuinfo.cm.bsis.vo.BasicChrMsgMngVO,src/main/java/arisuinfo/cm/bsis/vo/BasicChrMsgMngVO.java,IN_SCOPE
src/main/java/arisuinfo/cm/oper/mapper/EltNtHstMapper.java,arisuinfo.cm.oper.vo.EltNtHstSearchVO,src/main/java/arisuinfo/cm/oper/vo/EltNtHstSearchVO.java,IN_SCOPE
src/main/java/arisuinfo/cm/oper/mapper/EltNtHstMapper.java,arisuinfo.cm.oper.vo.EltNtHstVO,src/main/java/arisuinfo/cm/oper/vo/EltNtHstVO.java,IN_SCOPE
src/main/java/arisuinfo/cm/oper/mapper/EltSanctnMngMapper.java,arisuinfo.cm.oper.service.EltSanctnMngVO,src/main/java/arisuinfo/cm/oper/service/EltSanctnMngVO.java,IN_SCOPE
src/main/java/arisuinfo/cm/oper/mapper/EltSanctnMngMapper.java,arisuinfo.com.eltSanctn.service.EltSanctnVO,src/main/java/arisuinfo/com/eltSanctn/service/EltSanctnVO.java,IN_SCOPE
src/main/java/arisuinfo/cm/oper/mapper/ExcDwnLogMngMapper.java,arisuinfo.cm.oper.vo.ExcDwnLogMngVO,src/main/java/arisuinfo/cm/oper/vo/ExcDwnLogMngVO.java,IN_SCOPE
src/main/java/arisuinfo/cm/oper/mapper/IssueMngMapper.java,arisuinfo.cm.oper.vo.IssueMngVO,src/main/java/arisuinfo/cm/oper/vo/IssueMngVO.java,IN_SCOPE
src/main/java/arisuinfo/cm/oper/mapper/ProcSchdulMngMapper.java,arisuinfo.cm.oper.vo.ProcSchdulMngVO,src/main/java/arisuinfo/cm/oper/vo/ProcSchdulMngVO.java,IN_SCOPE
src/main/java/arisuinfo/cm/oper/mapper/TaskMngMapper.java,arisuinfo.cm.oper.vo.TaskMngVO,src/main/java/arisuinfo/cm/oper/vo/TaskMngVO.java,IN_SCOPE
src/main/java/arisuinfo/cm/oper/mapper/UmsSndngHstMapper.java,arisuinfo.cm.oper.vo.UmsSndngHstSrchVO,src/main/java/arisuinfo/cm/oper/vo/UmsSndngHstSrchVO.java,IN_SCOPE
src/main/java/arisuinfo/cm/oper/service/BatchMngService.java,arisuinfo.common.ria.nexacro.map.DataSetMap,src/main/java/arisuinfo/common/ria/nexacro/map/DataSetMap.java,IN_SCOPE
src/main/java/arisuinfo/cm/oper/service/BillFormHistService.java,arisuinfo.common.ria.nexacro.map.DataSetMap,src/main/java/arisuinfo/common/ria/nexacro/map/DataSetMap.java,IN_SCOPE
src/main/java/arisuinfo/cm/oper/service/CntcMngService.java,arisuinfo.common.ria.nexacro.map.DataSetMap,src/main/java/arisuinfo/common/ria/nexacro/map/DataSetMap.java,IN_SCOPE
src/main/java/arisuinfo/cm/oper/service/EltNtHstService.java,arisuinfo.common.ria.nexacro.map.DataSetMap,src/main/java/arisuinfo/common/ria/nexacro/map/DataSetMap.java,IN_SCOPE
src/main/java/arisuinfo/cm/oper/service/EltSanctnMngService.java,arisuinfo.common.ria.nexacro.map.DataSetMap,src/main/java/arisuinfo/common/ria/nexacro/map/DataSetMap.java,IN_SCOPE
src/main/java/arisuinfo/cm/oper/service/EltSanctnMngVO.java,arisuinfo.com.service.PageDefaultVO,src/main/java/arisuinfo/com/service/PageDefaultVO.java,IN_SCOPE
src/main/java/arisuinfo/cm/oper/service/ExcDwnLogMngService.java,arisuinfo.common.ria.nexacro.map.DataSetMap,src/main/java/arisuinfo/common/ria/nexacro/map/DataSetMap.java,IN_SCOPE
src/main/java/arisuinfo/cm/oper/service/impl/BatchMngServiceImpl.java,arisuinfo.cm.oper.service.BatchMngService,src/main/java/arisuinfo/cm/oper/service/BatchMngService.java,IN_SCOPE
src/main/java/arisuinfo/cm/oper/service/impl/BatchMngServiceImpl.java,arisuinfo.com.batch.mapper.BatchMapper,src/main/java/arisuinfo/com/batch/mapper/BatchMapper.java,IN_SCOPE
src/main/java/arisuinfo/cm/oper/service/impl/BatchMngServiceImpl.java,arisuinfo.com.batch.quartz.QuartzDynamicLoader,src/main/java/arisuinfo/com/batch/quartz/QuartzDynamicLoader.java,IN_SCOPE
src/main/java/arisuinfo/cm/oper/service/impl/BatchMngServiceImpl.java,arisuinfo.com.batch.vo.BatchVO,src/main/java/arisuinfo/com/batch/vo/BatchVO.java,IN_SCOPE
src/main/java/arisuinfo/cm/oper/service/impl/BatchMngServiceImpl.java,arisuinfo.com.util.CommonUtil,src/main/java/arisuinfo/com/util/CommonUtil.java,IN_SCOPE
src/main/java/arisuinfo/cm/oper/service/impl/BatchMngServiceImpl.java,arisuinfo.com.util.DateUtil,src/main/java/arisuinfo/com/util/DateUtil.java,IN_SCOPE
src/main/java/arisuinfo/cm/oper/service/impl/BatchMngServiceImpl.java,arisuinfo.com.util.SessionUtil,src/main/java/arisuinfo/com/util/SessionUtil.java,IN_SCOPE
src/main/java/arisuinfo/cm/oper/service/impl/BatchMngServiceImpl.java,arisuinfo.com.util.StringUtil,src/main/java/arisuinfo/com/util/StringUtil.java,IN_SCOPE
src/main/java/arisuinfo/cm/oper/service/impl/BatchMngServiceImpl.java,arisuinfo.common.ria.nexacro.map.DataSetMap,src/main/java/arisuinfo/common/ria/nexacro/map/DataSetMap.java,IN_SCOPE
src/main/java/arisuinfo/cm/oper/service/impl/BillFormHistServiceImpl.java,arisuinfo.com.util.StringUtil,src/main/java/arisuinfo/com/util/StringUtil.java,IN_SCOPE
src/main/java/arisuinfo/cm/oper/service/impl/BillFormHistServiceImpl.java,arisuinfo.cm.oper.mapper.BillFormHistMapper,src/main/java/arisuinfo/cm/oper/mapper/BillFormHistMapper.java,IN_SCOPE
src/main/java/arisuinfo/cm/oper/service/impl/BillFormHistServiceImpl.java,arisuinfo.cm.oper.service.BillFormHistService,src/main/java/arisuinfo/cm/oper/service/BillFormHistService.java,IN_SCOPE
src/main/java/arisuinfo/cm/oper/service/impl/BillFormHistServiceImpl.java,arisuinfo.cm.oper.vo.BillFormHistVO,src/main/java/arisuinfo/cm/oper/vo/BillFormHistVO.java,IN_SCOPE
src/main/java/arisuinfo/cm/oper/service/impl/BillFormHistServiceImpl.java,arisuinfo.com.exception.BizException,src/main/java/arisuinfo/com/exception/BizException.java,IN_SCOPE
src/main/java/arisuinfo/cm/oper/service/impl/BillFormHistServiceImpl.java,arisuinfo.com.fileUpload.mapper.FileUploadMapper,src/main/java/arisuinfo/com/fileUpload/mapper/FileUploadMapper.java,IN_SCOPE
src/main/java/arisuinfo/cm/oper/service/impl/BillFormHistServiceImpl.java,arisuinfo.com.fileUpload.service.FileUploadVO,src/main/java/arisuinfo/com/fileUpload/service/FileUploadVO.java,IN_SCOPE
src/main/java/arisuinfo/cm/oper/service/impl/BillFormHistServiceImpl.java,arisuinfo.com.util.SessionUtil,src/main/java/arisuinfo/com/util/SessionUtil.java,IN_SCOPE
src/main/java/arisuinfo/cm/oper/service/impl/BillFormHistServiceImpl.java,arisuinfo.common.ria.nexacro.map.DataSetMap,src/main/java/arisuinfo/common/ria/nexacro/map/DataSetMap.java,IN_SCOPE
src/main/java/arisuinfo/cm/oper/service/impl/CntcMngServiceImpl.java,arisuinfo.cm.oper.mapper.CntcMngMapper,src/main/java/arisuinfo/cm/oper/mapper/CntcMngMapper.java,IN_SCOPE
src/main/java/arisuinfo/cm/oper/service/impl/CntcMngServiceImpl.java,arisuinfo.cm.oper.service.CntcMngService,src/main/java/arisuinfo/cm/oper/service/CntcMngService.java,IN_SCOPE
src/main/java/arisuinfo/cm/oper/service/impl/CntcMngServiceImpl.java,arisuinfo.cm.oper.vo.CntcMngVO,src/main/java/arisuinfo/cm/oper/vo/CntcMngVO.java,IN_SCOPE
src/main/java/arisuinfo/cm/oper/service/impl/CntcMngServiceImpl.java,arisuinfo.com.util.SessionUtil,src/main/java/arisuinfo/com/util/SessionUtil.java,IN_SCOPE
src/main/java/arisuinfo/cm/oper/service/impl/CntcMngServiceImpl.java,arisuinfo.common.ria.nexacro.map.DataSetMap,src/main/java/arisuinfo/common/ria/nexacro/map/DataSetMap.java,IN_SCOPE
src/main/java/arisuinfo/cm/oper/service/impl/EltNtHstServiceImpl.java,arisuinfo.com.util.StringUtil,src/main/java/arisuinfo/com/util/StringUtil.java,IN_SCOPE
src/main/java/arisuinfo/cm/oper/service/impl/EltNtHstServiceImpl.java,arisuinfo.cm.bsis.vo.BasicChrMsgMngVO,src/main/java/arisuinfo/cm/bsis/vo/BasicChrMsgMngVO.java,IN_SCOPE
src/main/java/arisuinfo/cm/oper/service/impl/EltNtHstServiceImpl.java,arisuinfo.cm.cntc.vo.EMailSndngVO,src/main/java/arisuinfo/cm/cntc/vo/EMailSndngVO.java,IN_SCOPE
src/main/java/arisuinfo/cm/oper/service/impl/EltNtHstServiceImpl.java,arisuinfo.cm.cntc.vo.UmsSndngVO,src/main/java/arisuinfo/cm/cntc/vo/UmsSndngVO.java,IN_SCOPE
src/main/java/arisuinfo/cm/oper/service/impl/EltNtHstServiceImpl.java,arisuinfo.cm.oper.mapper.EltNtHstMapper,src/main/java/arisuinfo/cm/oper/mapper/EltNtHstMapper.java,IN_SCOPE
src/main/java/arisuinfo/cm/oper/service/impl/EltNtHstServiceImpl.java,arisuinfo.cm.oper.service.EltNtHstService,src/main/java/arisuinfo/cm/oper/service/EltNtHstService.java,IN_SCOPE
src/main/java/arisuinfo/cm/oper/service/impl/EltNtHstServiceImpl.java,arisuinfo.cm.oper.vo.EltNtHstSearchVO,src/main/java/arisuinfo/cm/oper/vo/EltNtHstSearchVO.java,IN_SCOPE
src/main/java/arisuinfo/cm/oper/service/impl/EltNtHstServiceImpl.java,arisuinfo.cm.oper.vo.EltNtHstVO,src/main/java/arisuinfo/cm/oper/vo/EltNtHstVO.java,IN_SCOPE
src/main/java/arisuinfo/cm/oper/service/impl/EltNtHstServiceImpl.java,arisuinfo.com.util.DateUtil,src/main/java/arisuinfo/com/util/DateUtil.java,IN_SCOPE
src/main/java/arisuinfo/cm/oper/service/impl/EltNtHstServiceImpl.java,arisuinfo.com.util.EMailUtil,src/main/java/arisuinfo/com/util/EMailUtil.java,IN_SCOPE
src/main/java/arisuinfo/cm/oper/service/impl/EltNtHstServiceImpl.java,arisuinfo.com.util.SessionUtil,src/main/java/arisuinfo/com/util/SessionUtil.java,IN_SCOPE
src/main/java/arisuinfo/cm/oper/service/impl/EltNtHstServiceImpl.java,arisuinfo.com.util.UmsUtil,src/main/java/arisuinfo/com/util/UmsUtil.java,IN_SCOPE
src/main/java/arisuinfo/cm/oper/service/impl/EltNtHstServiceImpl.java,arisuinfo.common.ria.nexacro.map.DataSetMap,src/main/java/arisuinfo/common/ria/nexacro/map/DataSetMap.java,IN_SCOPE
src/main/java/arisuinfo/cm/oper/service/impl/EltNtHstServiceImpl.java,arisuinfo.common.ria.nexacro.map.DataSetMapConverter,src/main/java/arisuinfo/common/ria/nexacro/map/DataSetMapConverter.java,IN_SCOPE
src/main/java/arisuinfo/cm/oper/service/impl/EltSanctnMngServiceImpl.java,arisuinfo.cm.oper.mapper.EltSanctnMngMapper,src/main/java/arisuinfo/cm/oper/mapper/EltSanctnMngMapper.java,IN_SCOPE
src/main/java/arisuinfo/cm/oper/service/impl/EltSanctnMngServiceImpl.java,arisuinfo.cm.oper.service.EltSanctnMngService,src/main/java/arisuinfo/cm/oper/service/EltSanctnMngService.java,IN_SCOPE
src/main/java/arisuinfo/cm/oper/service/impl/EltSanctnMngServiceImpl.java,arisuinfo.cm.oper.service.EltSanctnMngVO,src/main/java/arisuinfo/cm/oper/service/EltSanctnMngVO.java,IN_SCOPE
src/main/java/arisuinfo/cm/oper/service/impl/EltSanctnMngServiceImpl.java,arisuinfo.com.eltSanctn.process.EltSanctnServiceProcess,src/main/java/arisuinfo/com/eltSanctn/process/EltSanctnServiceProcess.java,IN_SCOPE
src/main/java/arisuinfo/cm/oper/service/impl/EltSanctnMngServiceImpl.java,arisuinfo.com.eltSanctn.service.EltSanctnVO,src/main/java/arisuinfo/com/eltSanctn/service/EltSanctnVO.java,IN_SCOPE
src/main/java/arisuinfo/cm/oper/service/impl/EltSanctnMngServiceImpl.java,arisuinfo.com.eltSanctn.service.Status,src/main/java/arisuinfo/com/eltSanctn/service/Status.java,IN_SCOPE
src/main/java/arisuinfo/cm/oper/service/impl/EltSanctnMngServiceImpl.java,arisuinfo.com.util.SessionUtil,src/main/java/arisuinfo/com/util/SessionUtil.java,IN_SCOPE
src/main/java/arisuinfo/cm/oper/service/impl/EltSanctnMngServiceImpl.java,arisuinfo.common.ria.nexacro.map.DataSetMap,src/main/java/arisuinfo/common/ria/nexacro/map/DataSetMap.java,IN_SCOPE
src/main/java/arisuinfo/cm/oper/service/impl/ExcDwnLogMngServiceImpl.java,arisuinfo.cm.oper.mapper.ExcDwnLogMngMapper,src/main/java/arisuinfo/cm/oper/mapper/ExcDwnLogMngMapper.java,IN_SCOPE
src/main/java/arisuinfo/cm/oper/service/impl/ExcDwnLogMngServiceImpl.java,arisuinfo.cm.oper.service.ExcDwnLogMngService,src/main/java/arisuinfo/cm/oper/service/ExcDwnLogMngService.java,IN_SCOPE
src/main/java/arisuinfo/cm/oper/service/impl/ExcDwnLogMngServiceImpl.java,arisuinfo.com.exception.BizException,src/main/java/arisuinfo/com/exception/BizException.java,IN_SCOPE
src/main/java/arisuinfo/cm/oper/service/impl/ExcDwnLogMngServiceImpl.java,arisuinfo.com.util.SessionUtil,src/main/java/arisuinfo/com/util/SessionUtil.java,IN_SCOPE
src/main/java/arisuinfo/cm/oper/service/impl/ExcDwnLogMngServiceImpl.java,arisuinfo.common.ria.nexacro.map.DataSetMap,src/main/java/arisuinfo/common/ria/nexacro/map/DataSetMap.java,IN_SCOPE
src/main/java/arisuinfo/cm/oper/service/impl/IssueMngServiceImpl.java,arisuinfo.cm.oper.mapper.IssueMngMapper,src/main/java/arisuinfo/cm/oper/mapper/IssueMngMapper.java,IN_SCOPE
src/main/java/arisuinfo/cm/oper/service/impl/IssueMngServiceImpl.java,arisuinfo.cm.oper.service.IssueMngService,src/main/java/arisuinfo/cm/oper/service/IssueMngService.java,IN_SCOPE
src/main/java/arisuinfo/cm/oper/service/impl/IssueMngServiceImpl.java,arisuinfo.cm.oper.vo.IssueMngVO,src/main/java/arisuinfo/cm/oper/vo/IssueMngVO.java,IN_SCOPE
src/main/java/arisuinfo/cm/oper/service/impl/IssueMngServiceImpl.java,arisuinfo.com.exception.BizException,src/main/java/arisuinfo/com/exception/BizException.java,IN_SCOPE
src/main/java/arisuinfo/cm/oper/service/impl/IssueMngServiceImpl.java,arisuinfo.com.fileUpload.mapper.FileUploadMapper,src/main/java/arisuinfo/com/fileUpload/mapper/FileUploadMapper.java,IN_SCOPE
src/main/java/arisuinfo/cm/oper/service/impl/IssueMngServiceImpl.java,arisuinfo.com.fileUpload.service.FileUploadVO,src/main/java/arisuinfo/com/fileUpload/service/FileUploadVO.java,IN_SCOPE
src/main/java/arisuinfo/cm/oper/service/impl/IssueMngServiceImpl.java,arisuinfo.com.util.SessionUtil,src/main/java/arisuinfo/com/util/SessionUtil.java,IN_SCOPE
src/main/java/arisuinfo/cm/oper/service/impl/IssueMngServiceImpl.java,arisuinfo.common.ria.nexacro.map.DataSetMap,src/main/java/arisuinfo/common/ria/nexacro/map/DataSetMap.java,IN_SCOPE
src/main/java/arisuinfo/cm/oper/service/impl/ProcSchdulMngServiceImpl.java,arisuinfo.cm.oper.service.ProcSchdulMngService,src/main/java/arisuinfo/cm/oper/service/ProcSchdulMngService.java,IN_SCOPE
src/main/java/arisuinfo/cm/oper/service/impl/ProcSchdulMngServiceImpl.java,arisuinfo.cm.oper.vo.ProcSchdulMngVO,src/main/java/arisuinfo/cm/oper/vo/ProcSchdulMngVO.java,IN_SCOPE
src/main/java/arisuinfo/cm/oper/service/impl/ProcSchdulMngServiceImpl.java,arisuinfo.com.util.StringUtil,src/main/java/arisuinfo/com/util/StringUtil.java,IN_SCOPE
src/main/java/arisuinfo/cm/oper/service/impl/ProcSchdulMngServiceImpl.java,arisuinfo.cm.oper.mapper.ProcSchdulMngMapper,src/main/java/arisuinfo/cm/oper/mapper/ProcSchdulMngMapper.java,IN_SCOPE
src/main/java/arisuinfo/cm/oper/service/impl/ProcSchdulMngServiceImpl.java,arisuinfo.common.ria.nexacro.map.DataSetMap,src/main/java/arisuinfo/common/ria/nexacro/map/DataSetMap.java,IN_SCOPE
src/main/java/arisuinfo/cm/oper/service/impl/TaskMngServiceImpl.java,arisuinfo.cm.oper.mapper.TaskMngMapper,src/main/java/arisuinfo/cm/oper/mapper/TaskMngMapper.java,IN_SCOPE
src/main/java/arisuinfo/cm/oper/service/impl/TaskMngServiceImpl.java,arisuinfo.cm.oper.service.TaskMngService,src/main/java/arisuinfo/cm/oper/service/TaskMngService.java,IN_SCOPE
src/main/java/arisuinfo/cm/oper/service/impl/TaskMngServiceImpl.java,arisuinfo.cm.oper.vo.TaskMngVO,src/main/java/arisuinfo/cm/oper/vo/TaskMngVO.java,IN_SCOPE
src/main/java/arisuinfo/cm/oper/service/impl/TaskMngServiceImpl.java,arisuinfo.com.fileUpload.mapper.FileUploadMapper,src/main/java/arisuinfo/com/fileUpload/mapper/FileUploadMapper.java,IN_SCOPE
src/main/java/arisuinfo/cm/oper/service/impl/TaskMngServiceImpl.java,arisuinfo.com.util.SessionUtil,src/main/java/arisuinfo/com/util/SessionUtil.java,IN_SCOPE
src/main/java/arisuinfo/cm/oper/service/impl/TaskMngServiceImpl.java,arisuinfo.com.util.StringUtil,src/main/java/arisuinfo/com/util/StringUtil.java,IN_SCOPE
src/main/java/arisuinfo/cm/oper/service/impl/TaskMngServiceImpl.java,arisuinfo.common.ria.nexacro.map.DataSetMap,src/main/java/arisuinfo/common/ria/nexacro/map/DataSetMap.java,IN_SCOPE
src/main/java/arisuinfo/cm/oper/service/impl/UmsSndngHstServiceImpl.java,arisuinfo.cm.oper.mapper.UmsSndngHstMapper,src/main/java/arisuinfo/cm/oper/mapper/UmsSndngHstMapper.java,IN_SCOPE
src/main/java/arisuinfo/cm/oper/service/impl/UmsSndngHstServiceImpl.java,arisuinfo.cm.oper.service.UmsSndngHstService,src/main/java/arisuinfo/cm/oper/service/UmsSndngHstService.java,IN_SCOPE
src/main/java/arisuinfo/cm/oper/service/impl/UmsSndngHstServiceImpl.java,arisuinfo.cm.oper.vo.UmsSndngHstSrchVO,src/main/java/arisuinfo/cm/oper/vo/UmsSndngHstSrchVO.java,IN_SCOPE
src/main/java/arisuinfo/cm/oper/service/impl/UmsSndngHstServiceImpl.java,arisuinfo.common.ria.nexacro.map.DataSetMap,src/main/java/arisuinfo/common/ria/nexacro/map/DataSetMap.java,IN_SCOPE
src/main/java/arisuinfo/cm/oper/service/IssueMngService.java,arisuinfo.common.ria.nexacro.map.DataSetMap,src/main/java/arisuinfo/common/ria/nexacro/map/DataSetMap.java,IN_SCOPE
src/main/java/arisuinfo/cm/oper/service/ProcSchdulMngService.java,arisuinfo.common.ria.nexacro.map.DataSetMap,src/main/java/arisuinfo/common/ria/nexacro/map/DataSetMap.java,IN_SCOPE
src/main/java/arisuinfo/cm/oper/service/TaskMngService.java,arisuinfo.common.ria.nexacro.map.DataSetMap,src/main/java/arisuinfo/common/ria/nexacro/map/DataSetMap.java,IN_SCOPE
src/main/java/arisuinfo/cm/oper/service/UmsSndngHstService.java,arisuinfo.common.ria.nexacro.map.DataSetMap,src/main/java/arisuinfo/common/ria/nexacro/map/DataSetMap.java,IN_SCOPE
src/main/java/arisuinfo/cm/oper/vo/BillFormHistVO.java,arisuinfo.com.service.PageDefaultVO,src/main/java/arisuinfo/com/service/PageDefaultVO.java,IN_SCOPE
src/main/java/arisuinfo/cm/oper/vo/EltNtHstSearchVO.java,arisuinfo.com.bind.BaseVO,src/main/java/arisuinfo/com/bind/BaseVO.java,IN_SCOPE
src/main/java/arisuinfo/cm/oper/vo/EltNtHstVO.java,arisuinfo.com.bind.BaseVO,src/main/java/arisuinfo/com/bind/BaseVO.java,IN_SCOPE
src/main/java/arisuinfo/cm/oper/vo/ExcDwnLogMngVO.java,arisuinfo.com.service.PageDefaultVO,src/main/java/arisuinfo/com/service/PageDefaultVO.java,IN_SCOPE
src/main/java/arisuinfo/cm/oper/vo/IssueMngVO.java,arisuinfo.com.service.PageDefaultVO,src/main/java/arisuinfo/com/service/PageDefaultVO.java,IN_SCOPE
src/main/java/arisuinfo/cm/oper/vo/ProcSchdulMngVO.java,arisuinfo.com.service.PageDefaultVO,src/main/java/arisuinfo/com/service/PageDefaultVO.java,IN_SCOPE
src/main/java/arisuinfo/cm/oper/vo/UmsSndngHstSrchVO.java,arisuinfo.com.bind.BaseVO,src/main/java/arisuinfo/com/bind/BaseVO.java,IN_SCOPE
src/main/java/arisuinfo/cm/oper/vo/UmsSndngHstVO.java,arisuinfo.com.service.PageDefaultVO,src/main/java/arisuinfo/com/service/PageDefaultVO.java,IN_SCOPE
src/main/java/arisuinfo/cm/oper/web/BatchMngController.java,arisuinfo.cm.oper.service.BatchMngService,src/main/java/arisuinfo/cm/oper/service/BatchMngService.java,IN_SCOPE
src/main/java/arisuinfo/cm/oper/web/BatchMngController.java,arisuinfo.com.batch.quartz.QuartzDynamicLoader,src/main/java/arisuinfo/com/batch/quartz/QuartzDynamicLoader.java,IN_SCOPE
src/main/java/arisuinfo/cm/oper/web/BatchMngController.java,arisuinfo.com.batch.vo.BatchVO,src/main/java/arisuinfo/com/batch/vo/BatchVO.java,IN_SCOPE
src/main/java/arisuinfo/cm/oper/web/BatchMngController.java,arisuinfo.com.util.CommonUtil,src/main/java/arisuinfo/com/util/CommonUtil.java,IN_SCOPE
src/main/java/arisuinfo/cm/oper/web/BatchMngController.java,arisuinfo.com.util.StringUtil,src/main/java/arisuinfo/com/util/StringUtil.java,IN_SCOPE
src/main/java/arisuinfo/cm/oper/web/BatchMngController.java,arisuinfo.com.web.BaseController,src/main/java/arisuinfo/com/web/BaseController.java,IN_SCOPE
src/main/java/arisuinfo/cm/oper/web/BatchMngController.java,arisuinfo.common.ria.nexacro.NexacroConstant,src/main/java/arisuinfo/common/ria/nexacro/NexacroConstant.java,IN_SCOPE
src/main/java/arisuinfo/cm/oper/web/BatchMngController.java,arisuinfo.common.ria.nexacro.map.DataSetMap,src/main/java/arisuinfo/common/ria/nexacro/map/DataSetMap.java,IN_SCOPE
src/main/java/arisuinfo/cm/oper/web/BatchMngController.java,arisuinfo.common.ria.nexacro.map.NexacroMapDTO,src/main/java/arisuinfo/common/ria/nexacro/map/NexacroMapDTO.java,IN_SCOPE
src/main/java/arisuinfo/cm/oper/web/BillFormHistController.java,arisuinfo.cm.oper.service.BillFormHistService,src/main/java/arisuinfo/cm/oper/service/BillFormHistService.java,IN_SCOPE
src/main/java/arisuinfo/cm/oper/web/BillFormHistController.java,arisuinfo.com.web.BaseController,src/main/java/arisuinfo/com/web/BaseController.java,IN_SCOPE
src/main/java/arisuinfo/cm/oper/web/BillFormHistController.java,arisuinfo.common.ria.nexacro.map.NexacroMapDTO,src/main/java/arisuinfo/common/ria/nexacro/map/NexacroMapDTO.java,IN_SCOPE
src/main/java/arisuinfo/cm/oper/web/CntcMngController.java,arisuinfo.cm.oper.service.CntcMngService,src/main/java/arisuinfo/cm/oper/service/CntcMngService.java,IN_SCOPE
src/main/java/arisuinfo/cm/oper/web/CntcMngController.java,arisuinfo.com.web.BaseController,src/main/java/arisuinfo/com/web/BaseController.java,IN_SCOPE
src/main/java/arisuinfo/cm/oper/web/CntcMngController.java,arisuinfo.common.ria.nexacro.map.NexacroMapDTO,src/main/java/arisuinfo/common/ria/nexacro/map/NexacroMapDTO.java,IN_SCOPE
src/main/java/arisuinfo/cm/oper/web/EltNtHstController.java,arisuinfo.cm.oper.service.EltNtHstService,src/main/java/arisuinfo/cm/oper/service/EltNtHstService.java,IN_SCOPE
src/main/java/arisuinfo/cm/oper/web/EltNtHstController.java,arisuinfo.com.web.BaseController,src/main/java/arisuinfo/com/web/BaseController.java,IN_SCOPE
src/main/java/arisuinfo/cm/oper/web/EltNtHstController.java,arisuinfo.common.ria.nexacro.map.NexacroMapDTO,src/main/java/arisuinfo/common/ria/nexacro/map/NexacroMapDTO.java,IN_SCOPE
src/main/java/arisuinfo/cm/oper/web/EltSanctnMngController.java,arisuinfo.cm.oper.service.BatchMngService,src/main/java/arisuinfo/cm/oper/service/BatchMngService.java,IN_SCOPE
src/main/java/arisuinfo/cm/oper/web/EltSanctnMngController.java,arisuinfo.cm.oper.service.EltSanctnMngService,src/main/java/arisuinfo/cm/oper/service/EltSanctnMngService.java,IN_SCOPE
src/main/java/arisuinfo/cm/oper/web/EltSanctnMngController.java,arisuinfo.com.web.BaseController,src/main/java/arisuinfo/com/web/BaseController.java,IN_SCOPE
src/main/java/arisuinfo/cm/oper/web/EltSanctnMngController.java,arisuinfo.common.ria.nexacro.map.DataSetMap,src/main/java/arisuinfo/common/ria/nexacro/map/DataSetMap.java,IN_SCOPE
src/main/java/arisuinfo/cm/oper/web/EltSanctnMngController.java,arisuinfo.common.ria.nexacro.map.NexacroMapDTO,src/main/java/arisuinfo/common/ria/nexacro/map/NexacroMapDTO.java,IN_SCOPE
src/main/java/arisuinfo/cm/oper/web/ExcDwnLogMngController.java,arisuinfo.cm.oper.service.ExcDwnLogMngService,src/main/java/arisuinfo/cm/oper/service/ExcDwnLogMngService.java,IN_SCOPE
src/main/java/arisuinfo/cm/oper/web/ExcDwnLogMngController.java,arisuinfo.com.web.BaseController,src/main/java/arisuinfo/com/web/BaseController.java,IN_SCOPE
src/main/java/arisuinfo/cm/oper/web/ExcDwnLogMngController.java,arisuinfo.common.ria.nexacro.map.NexacroMapDTO,src/main/java/arisuinfo/common/ria/nexacro/map/NexacroMapDTO.java,IN_SCOPE
src/main/java/arisuinfo/cm/oper/web/IssueMngController.java,arisuinfo.cm.oper.service.IssueMngService,src/main/java/arisuinfo/cm/oper/service/IssueMngService.java,IN_SCOPE
src/main/java/arisuinfo/cm/oper/web/IssueMngController.java,arisuinfo.com.web.BaseController,src/main/java/arisuinfo/com/web/BaseController.java,IN_SCOPE
src/main/java/arisuinfo/cm/oper/web/IssueMngController.java,arisuinfo.common.ria.nexacro.map.NexacroMapDTO,src/main/java/arisuinfo/common/ria/nexacro/map/NexacroMapDTO.java,IN_SCOPE
src/main/java/arisuinfo/cm/oper/web/ProcSchdulMngController.java,arisuinfo.cm.oper.service.BatchMngService,src/main/java/arisuinfo/cm/oper/service/BatchMngService.java,IN_SCOPE
src/main/java/arisuinfo/cm/oper/web/ProcSchdulMngController.java,arisuinfo.cm.oper.service.ProcSchdulMngService,src/main/java/arisuinfo/cm/oper/service/ProcSchdulMngService.java,IN_SCOPE
src/main/java/arisuinfo/cm/oper/web/ProcSchdulMngController.java,arisuinfo.com.web.BaseController,src/main/java/arisuinfo/com/web/BaseController.java,IN_SCOPE
src/main/java/arisuinfo/cm/oper/web/ProcSchdulMngController.java,arisuinfo.common.ria.nexacro.NexacroConstant,src/main/java/arisuinfo/common/ria/nexacro/NexacroConstant.java,IN_SCOPE
src/main/java/arisuinfo/cm/oper/web/ProcSchdulMngController.java,arisuinfo.common.ria.nexacro.map.DataSetMap,src/main/java/arisuinfo/common/ria/nexacro/map/DataSetMap.java,IN_SCOPE
src/main/java/arisuinfo/cm/oper/web/ProcSchdulMngController.java,arisuinfo.common.ria.nexacro.map.NexacroMapDTO,src/main/java/arisuinfo/common/ria/nexacro/map/NexacroMapDTO.java,IN_SCOPE
src/main/java/arisuinfo/cm/oper/web/TaskMngController.java,arisuinfo.cm.oper.service.TaskMngService,src/main/java/arisuinfo/cm/oper/service/TaskMngService.java,IN_SCOPE
src/main/java/arisuinfo/cm/oper/web/TaskMngController.java,arisuinfo.com.web.BaseController,src/main/java/arisuinfo/com/web/BaseController.java,IN_SCOPE
src/main/java/arisuinfo/cm/oper/web/TaskMngController.java,arisuinfo.common.ria.nexacro.map.NexacroMapDTO,src/main/java/arisuinfo/common/ria/nexacro/map/NexacroMapDTO.java,IN_SCOPE
src/main/java/arisuinfo/cm/oper/web/UmsSndngHstController.java,arisuinfo.cm.oper.service.UmsSndngHstService,src/main/java/arisuinfo/cm/oper/service/UmsSndngHstService.java,IN_SCOPE
src/main/java/arisuinfo/cm/oper/web/UmsSndngHstController.java,arisuinfo.com.web.BaseController,src/main/java/arisuinfo/com/web/BaseController.java,IN_SCOPE
src/main/java/arisuinfo/cm/oper/web/UmsSndngHstController.java,arisuinfo.common.ria.nexacro.map.NexacroMapDTO,src/main/java/arisuinfo/common/ria/nexacro/map/NexacroMapDTO.java,IN_SCOPE
src/main/java/arisuinfo/cm/pdaImage/service/ImageUploadService.java,arisuinfo.common.ria.nexacro.map.DataSetMap,src/main/java/arisuinfo/common/ria/nexacro/map/DataSetMap.java,IN_SCOPE
src/main/java/arisuinfo/cm/pdaImage/service/impl/ImageUploadServiceImpl.java,arisuinfo.common.ria.nexacro.map.DataSetMap,src/main/java/arisuinfo/common/ria/nexacro/map/DataSetMap.java,IN_SCOPE
src/main/java/arisuinfo/cm/pdaImage/service/impl/ImageUploadServiceImpl.java,arisuinfo.cm.pdaImage.service.ImageUploadService,src/main/java/arisuinfo/cm/pdaImage/service/ImageUploadService.java,IN_SCOPE
src/main/java/arisuinfo/cm/pdaImage/web/ImageUploadController.java,arisuinfo.com.web.BaseController,src/main/java/arisuinfo/com/web/BaseController.java,IN_SCOPE
src/main/java/arisuinfo/cm/pdaImage/web/ImageUploadController.java,arisuinfo.common.ria.nexacro.map.NexacroMapDTO,src/main/java/arisuinfo/common/ria/nexacro/map/NexacroMapDTO.java,IN_SCOPE
src/main/java/arisuinfo/cm/pdaImage/web/ImageUploadController.java,arisuinfo.cm.pdaImage.service.ImageUploadService,src/main/java/arisuinfo/cm/pdaImage/service/ImageUploadService.java,IN_SCOPE
src/main/java/arisuinfo/cm/usr/mapper/JobChrgerMngMapper.java,arisuinfo.cm.usr.vo.JobChrgerMngVO,src/main/java/arisuinfo/cm/usr/vo/JobChrgerMngVO.java,IN_SCOPE
src/main/java/arisuinfo/cm/usr/mapper/MyInfoMapper.java,arisuinfo.cm.auth.auth.vo.user.AuthUsrVO,src/main/java/arisuinfo/cm/auth/auth/vo/user/AuthUsrVO.java,IN_SCOPE
src/main/java/arisuinfo/cm/usr/mapper/MyInfoMapper.java,arisuinfo.cm.usr.vo.AuthMndtVO,src/main/java/arisuinfo/cm/usr/vo/AuthMndtVO.java,IN_SCOPE
src/main/java/arisuinfo/cm/usr/mapper/MyInfoMapper.java,arisuinfo.cm.usr.vo.MyInfoVO,src/main/java/arisuinfo/cm/usr/vo/MyInfoVO.java,IN_SCOPE
src/main/java/arisuinfo/cm/usr/mapper/UsrJobMngMapper.java,arisuinfo.cm.usr.vo.UsrJobVO,src/main/java/arisuinfo/cm/usr/vo/UsrJobVO.java,IN_SCOPE
src/main/java/arisuinfo/cm/usr/mapper/UsrMngMapper.java,arisuinfo.cm.auth.auth.vo.user.AuthUsrVO,src/main/java/arisuinfo/cm/auth/auth/vo/user/AuthUsrVO.java,IN_SCOPE
src/main/java/arisuinfo/cm/usr/mapper/UsrMngMapper.java,arisuinfo.cm.usr.vo.UsrMngSearchVO,src/main/java/arisuinfo/cm/usr/vo/UsrMngSearchVO.java,IN_SCOPE
src/main/java/arisuinfo/cm/usr/mapper/UsrMngMapper.java,arisuinfo.cm.usr.vo.UsrMngVO,src/main/java/arisuinfo/cm/usr/vo/UsrMngVO.java,IN_SCOPE
src/main/java/arisuinfo/cm/usr/mapper/UsrMntrngMapper.java,arisuinfo.cm.usr.vo.UsrMenuHstSearchVO,src/main/java/arisuinfo/cm/usr/vo/UsrMenuHstSearchVO.java,IN_SCOPE
src/main/java/arisuinfo/cm/usr/mapper/UsrMntrngMapper.java,arisuinfo.cm.usr.vo.UsrMenuHstVO,src/main/java/arisuinfo/cm/usr/vo/UsrMenuHstVO.java,IN_SCOPE
src/main/java/arisuinfo/cm/usr/mapper/UsrMntrngMapper.java,arisuinfo.cm.usr.vo.UsrMntrngVO,src/main/java/arisuinfo/cm/usr/vo/UsrMntrngVO.java,IN_SCOPE
src/main/java/arisuinfo/cm/usr/mapper/UsrRgnMapper.java,arisuinfo.cm.usr.vo.UsrRgnVO,src/main/java/arisuinfo/cm/usr/vo/UsrRgnVO.java,IN_SCOPE
src/main/java/arisuinfo/cm/usr/service/impl/JobChrgerMngServiceImpl.java,arisuinfo.com.util.StringUtil,src/main/java/arisuinfo/com/util/StringUtil.java,IN_SCOPE
src/main/java/arisuinfo/cm/usr/service/impl/JobChrgerMngServiceImpl.java,arisuinfo.cm.usr.mapper.JobChrgerMngMapper,src/main/java/arisuinfo/cm/usr/mapper/JobChrgerMngMapper.java,IN_SCOPE
src/main/java/arisuinfo/cm/usr/service/impl/JobChrgerMngServiceImpl.java,arisuinfo.cm.usr.service.JobChrgerMngService,src/main/java/arisuinfo/cm/usr/service/JobChrgerMngService.java,IN_SCOPE
src/main/java/arisuinfo/cm/usr/service/impl/JobChrgerMngServiceImpl.java,arisuinfo.cm.usr.vo.JobChrgerMngVO,src/main/java/arisuinfo/cm/usr/vo/JobChrgerMngVO.java,IN_SCOPE
src/main/java/arisuinfo/cm/usr/service/impl/JobChrgerMngServiceImpl.java,arisuinfo.com.util.SessionUtil,src/main/java/arisuinfo/com/util/SessionUtil.java,IN_SCOPE
src/main/java/arisuinfo/cm/usr/service/impl/JobChrgerMngServiceImpl.java,arisuinfo.common.ria.nexacro.map.DataSetMap,src/main/java/arisuinfo/common/ria/nexacro/map/DataSetMap.java,IN_SCOPE
src/main/java/arisuinfo/cm/usr/service/impl/MyInfoServiceImpl.java,arisuinfo.com.util.StringUtil,src/main/java/arisuinfo/com/util/StringUtil.java,IN_SCOPE
src/main/java/arisuinfo/cm/usr/service/impl/MyInfoServiceImpl.java,arisuinfo.cm.auth.auth.service.AuthUserService,src/main/java/arisuinfo/cm/auth/auth/service/AuthUserService.java,IN_SCOPE
src/main/java/arisuinfo/cm/usr/service/impl/MyInfoServiceImpl.java,arisuinfo.cm.auth.auth.vo.user.AuthUsrVO,src/main/java/arisuinfo/cm/auth/auth/vo/user/AuthUsrVO.java,IN_SCOPE
src/main/java/arisuinfo/cm/usr/service/impl/MyInfoServiceImpl.java,arisuinfo.com.exception.BizException,src/main/java/arisuinfo/com/exception/BizException.java,IN_SCOPE
src/main/java/arisuinfo/cm/usr/service/impl/MyInfoServiceImpl.java,arisuinfo.cm.usr.mapper.MyInfoMapper,src/main/java/arisuinfo/cm/usr/mapper/MyInfoMapper.java,IN_SCOPE
src/main/java/arisuinfo/cm/usr/service/impl/MyInfoServiceImpl.java,arisuinfo.cm.usr.service.MyInfoService,src/main/java/arisuinfo/cm/usr/service/MyInfoService.java,IN_SCOPE
src/main/java/arisuinfo/cm/usr/service/impl/MyInfoServiceImpl.java,arisuinfo.cm.usr.service.UsrJobMngService,src/main/java/arisuinfo/cm/usr/service/UsrJobMngService.java,IN_SCOPE
src/main/java/arisuinfo/cm/usr/service/impl/MyInfoServiceImpl.java,arisuinfo.cm.usr.vo.AuthMndtVO,src/main/java/arisuinfo/cm/usr/vo/AuthMndtVO.java,IN_SCOPE
src/main/java/arisuinfo/cm/usr/service/impl/MyInfoServiceImpl.java,arisuinfo.cm.usr.vo.MyInfoVO,src/main/java/arisuinfo/cm/usr/vo/MyInfoVO.java,IN_SCOPE
src/main/java/arisuinfo/cm/usr/service/impl/MyInfoServiceImpl.java,arisuinfo.cm.usr.vo.UsrJobVO,src/main/java/arisuinfo/cm/usr/vo/UsrJobVO.java,IN_SCOPE
src/main/java/arisuinfo/cm/usr/service/impl/MyInfoServiceImpl.java,arisuinfo.com.util.DateUtil,src/main/java/arisuinfo/com/util/DateUtil.java,IN_SCOPE
src/main/java/arisuinfo/cm/usr/service/impl/MyInfoServiceImpl.java,arisuinfo.com.util.SessionUtil,src/main/java/arisuinfo/com/util/SessionUtil.java,IN_SCOPE
src/main/java/arisuinfo/cm/usr/service/impl/MyInfoServiceImpl.java,arisuinfo.common.ria.nexacro.map.DataSetMap,src/main/java/arisuinfo/common/ria/nexacro/map/DataSetMap.java,IN_SCOPE
src/main/java/arisuinfo/cm/usr/service/impl/MyInfoServiceImpl.java,arisuinfo.common.ria.nexacro.map.DataSetMapConverter,src/main/java/arisuinfo/common/ria/nexacro/map/DataSetMapConverter.java,IN_SCOPE
src/main/java/arisuinfo/cm/usr/service/impl/UsrJobMngServiceImpl.java,arisuinfo.cm.usr.mapper.UsrJobMngMapper,src/main/java/arisuinfo/cm/usr/mapper/UsrJobMngMapper.java,IN_SCOPE
src/main/java/arisuinfo/cm/usr/service/impl/UsrJobMngServiceImpl.java,arisuinfo.cm.usr.service.UsrJobMngService,src/main/java/arisuinfo/cm/usr/service/UsrJobMngService.java,IN_SCOPE
src/main/java/arisuinfo/cm/usr/service/impl/UsrJobMngServiceImpl.java,arisuinfo.cm.usr.vo.UsrJobVO,src/main/java/arisuinfo/cm/usr/vo/UsrJobVO.java,IN_SCOPE
src/main/java/arisuinfo/cm/usr/service/impl/UsrMngServiceImpl.java,arisuinfo.cm.auth.auth.enums.ProcStatusCd,src/main/java/arisuinfo/cm/auth/auth/enums/ProcStatusCd.java,IN_SCOPE
src/main/java/arisuinfo/cm/usr/service/impl/UsrMngServiceImpl.java,arisuinfo.cm.auth.auth.enums.ReqSeCd,src/main/java/arisuinfo/cm/auth/auth/enums/ReqSeCd.java,IN_SCOPE
src/main/java/arisuinfo/cm/usr/service/impl/UsrMngServiceImpl.java,arisuinfo.cm.auth.auth.service.AuthUserService,src/main/java/arisuinfo/cm/auth/auth/service/AuthUserService.java,IN_SCOPE
src/main/java/arisuinfo/cm/usr/service/impl/UsrMngServiceImpl.java,arisuinfo.cm.auth.auth.vo.AuthAplyVO,src/main/java/arisuinfo/cm/auth/auth/vo/AuthAplyVO.java,IN_SCOPE
src/main/java/arisuinfo/cm/usr/service/impl/UsrMngServiceImpl.java,arisuinfo.cm.auth.auth.vo.user.AuthUsrSearchVO,src/main/java/arisuinfo/cm/auth/auth/vo/user/AuthUsrSearchVO.java,IN_SCOPE
src/main/java/arisuinfo/cm/usr/service/impl/UsrMngServiceImpl.java,arisuinfo.cm.auth.auth.vo.user.AuthUsrVO,src/main/java/arisuinfo/cm/auth/auth/vo/user/AuthUsrVO.java,IN_SCOPE
src/main/java/arisuinfo/cm/usr/service/impl/UsrMngServiceImpl.java,arisuinfo.cm.usr.mapper.UsrMngMapper,src/main/java/arisuinfo/cm/usr/mapper/UsrMngMapper.java,IN_SCOPE
src/main/java/arisuinfo/cm/usr/service/impl/UsrMngServiceImpl.java,arisuinfo.cm.usr.mapper.UsrMntrngMapper,src/main/java/arisuinfo/cm/usr/mapper/UsrMntrngMapper.java,IN_SCOPE
src/main/java/arisuinfo/cm/usr/service/impl/UsrMngServiceImpl.java,arisuinfo.cm.usr.service.UsrMngService,src/main/java/arisuinfo/cm/usr/service/UsrMngService.java,IN_SCOPE
src/main/java/arisuinfo/cm/usr/service/impl/UsrMngServiceImpl.java,arisuinfo.cm.usr.vo.UsrMngSearchVO,src/main/java/arisuinfo/cm/usr/vo/UsrMngSearchVO.java,IN_SCOPE
src/main/java/arisuinfo/cm/usr/service/impl/UsrMngServiceImpl.java,arisuinfo.cm.usr.vo.UsrMngVO,src/main/java/arisuinfo/cm/usr/vo/UsrMngVO.java,IN_SCOPE
src/main/java/arisuinfo/cm/usr/service/impl/UsrMngServiceImpl.java,arisuinfo.com.enums.RowType,src/main/java/arisuinfo/com/enums/RowType.java,IN_SCOPE
src/main/java/arisuinfo/cm/usr/service/impl/UsrMngServiceImpl.java,arisuinfo.com.enums.SysSeCd,src/main/java/arisuinfo/com/enums/SysSeCd.java,IN_SCOPE
src/main/java/arisuinfo/cm/usr/service/impl/UsrMngServiceImpl.java,arisuinfo.com.exception.BizException,src/main/java/arisuinfo/com/exception/BizException.java,IN_SCOPE
src/main/java/arisuinfo/cm/usr/service/impl/UsrMngServiceImpl.java,arisuinfo.com.securedb.SecureUtil,src/main/java/arisuinfo/com/securedb/SecureUtil.java,IN_SCOPE
src/main/java/arisuinfo/cm/usr/service/impl/UsrMngServiceImpl.java,arisuinfo.com.security.AuthzService,src/main/java/arisuinfo/com/security/AuthzService.java,IN_SCOPE
src/main/java/arisuinfo/cm/usr/service/impl/UsrMngServiceImpl.java,arisuinfo.com.util.CommonUtil,src/main/java/arisuinfo/com/util/CommonUtil.java,IN_SCOPE
src/main/java/arisuinfo/cm/usr/service/impl/UsrMngServiceImpl.java,arisuinfo.com.util.DateUtil,src/main/java/arisuinfo/com/util/DateUtil.java,IN_SCOPE
src/main/java/arisuinfo/cm/usr/service/impl/UsrMngServiceImpl.java,arisuinfo.com.util.SessionUtil,src/main/java/arisuinfo/com/util/SessionUtil.java,IN_SCOPE
src/main/java/arisuinfo/cm/usr/service/impl/UsrMngServiceImpl.java,arisuinfo.com.util.StringUtil,src/main/java/arisuinfo/com/util/StringUtil.java,IN_SCOPE
src/main/java/arisuinfo/cm/usr/service/impl/UsrMngServiceImpl.java,arisuinfo.common.ria.nexacro.map.DataSetMap,src/main/java/arisuinfo/common/ria/nexacro/map/DataSetMap.java,IN_SCOPE
src/main/java/arisuinfo/cm/usr/service/impl/UsrMngServiceImpl.java,arisuinfo.common.ria.nexacro.map.DataSetMapConverter,src/main/java/arisuinfo/common/ria/nexacro/map/DataSetMapConverter.java,IN_SCOPE
src/main/java/arisuinfo/cm/usr/service/impl/UsrMntrngServiceImpl.java,arisuinfo.cm.usr.mapper.UsrMntrngMapper,src/main/java/arisuinfo/cm/usr/mapper/UsrMntrngMapper.java,IN_SCOPE
src/main/java/arisuinfo/cm/usr/service/impl/UsrMntrngServiceImpl.java,arisuinfo.cm.usr.service.UsrMntrngService,src/main/java/arisuinfo/cm/usr/service/UsrMntrngService.java,IN_SCOPE
src/main/java/arisuinfo/cm/usr/service/impl/UsrMntrngServiceImpl.java,arisuinfo.cm.usr.vo.UsrMenuHstSearchVO,src/main/java/arisuinfo/cm/usr/vo/UsrMenuHstSearchVO.java,IN_SCOPE
src/main/java/arisuinfo/cm/usr/service/impl/UsrMntrngServiceImpl.java,arisuinfo.cm.usr.vo.UsrMenuHstVO,src/main/java/arisuinfo/cm/usr/vo/UsrMenuHstVO.java,IN_SCOPE
src/main/java/arisuinfo/cm/usr/service/impl/UsrMntrngServiceImpl.java,arisuinfo.cm.usr.vo.UsrMngVO,src/main/java/arisuinfo/cm/usr/vo/UsrMngVO.java,IN_SCOPE
src/main/java/arisuinfo/cm/usr/service/impl/UsrMntrngServiceImpl.java,arisuinfo.cm.usr.vo.UsrMntrngVO,src/main/java/arisuinfo/cm/usr/vo/UsrMntrngVO.java,IN_SCOPE
src/main/java/arisuinfo/cm/usr/service/impl/UsrMntrngServiceImpl.java,arisuinfo.common.ria.nexacro.map.DataSetMap,src/main/java/arisuinfo/common/ria/nexacro/map/DataSetMap.java,IN_SCOPE
src/main/java/arisuinfo/cm/usr/service/impl/UsrMntrngServiceImpl.java,arisuinfo.common.ria.nexacro.map.DataSetMapConverter,src/main/java/arisuinfo/common/ria/nexacro/map/DataSetMapConverter.java,IN_SCOPE
src/main/java/arisuinfo/cm/usr/service/impl/UsrRgnServiceImpl.java,arisuinfo.cm.usr.mapper.UsrJobMngMapper,src/main/java/arisuinfo/cm/usr/mapper/UsrJobMngMapper.java,IN_SCOPE
src/main/java/arisuinfo/cm/usr/service/impl/UsrRgnServiceImpl.java,arisuinfo.cm.usr.mapper.UsrRgnMapper,src/main/java/arisuinfo/cm/usr/mapper/UsrRgnMapper.java,IN_SCOPE
src/main/java/arisuinfo/cm/usr/service/impl/UsrRgnServiceImpl.java,arisuinfo.cm.usr.service.UsrRgnService,src/main/java/arisuinfo/cm/usr/service/UsrRgnService.java,IN_SCOPE
src/main/java/arisuinfo/cm/usr/service/impl/UsrRgnServiceImpl.java,arisuinfo.cm.usr.vo.AreaCdListVO,src/main/java/arisuinfo/cm/usr/vo/AreaCdListVO.java,IN_SCOPE
src/main/java/arisuinfo/cm/usr/service/impl/UsrRgnServiceImpl.java,arisuinfo.cm.usr.vo.UsrJobVO,src/main/java/arisuinfo/cm/usr/vo/UsrJobVO.java,IN_SCOPE
src/main/java/arisuinfo/cm/usr/service/impl/UsrRgnServiceImpl.java,arisuinfo.cm.usr.vo.UsrRgnVO,src/main/java/arisuinfo/cm/usr/vo/UsrRgnVO.java,IN_SCOPE
src/main/java/arisuinfo/cm/usr/service/impl/UsrRgnServiceImpl.java,arisuinfo.com.util.SessionUtil,src/main/java/arisuinfo/com/util/SessionUtil.java,IN_SCOPE
src/main/java/arisuinfo/cm/usr/service/impl/UsrRgnServiceImpl.java,arisuinfo.common.ria.nexacro.map.DataSetMap,src/main/java/arisuinfo/common/ria/nexacro/map/DataSetMap.java,IN_SCOPE
src/main/java/arisuinfo/cm/usr/service/impl/UsrRgnServiceImpl.java,arisuinfo.common.ria.nexacro.map.DataSetMapConverter,src/main/java/arisuinfo/common/ria/nexacro/map/DataSetMapConverter.java,IN_SCOPE
src/main/java/arisuinfo/cm/usr/service/JobChrgerMngService.java,arisuinfo.common.ria.nexacro.map.DataSetMap,src/main/java/arisuinfo/common/ria/nexacro/map/DataSetMap.java,IN_SCOPE
src/main/java/arisuinfo/cm/usr/service/MyInfoService.java,arisuinfo.common.ria.nexacro.map.DataSetMap,src/main/java/arisuinfo/common/ria/nexacro/map/DataSetMap.java,IN_SCOPE
src/main/java/arisuinfo/cm/usr/service/UsrJobMngService.java,arisuinfo.cm.usr.vo.UsrJobVO,src/main/java/arisuinfo/cm/usr/vo/UsrJobVO.java,IN_SCOPE
src/main/java/arisuinfo/cm/usr/service/UsrMngService.java,arisuinfo.common.ria.nexacro.map.DataSetMap,src/main/java/arisuinfo/common/ria/nexacro/map/DataSetMap.java,IN_SCOPE
src/main/java/arisuinfo/cm/usr/service/UsrMntrngService.java,arisuinfo.common.ria.nexacro.map.DataSetMap,src/main/java/arisuinfo/common/ria/nexacro/map/DataSetMap.java,IN_SCOPE
src/main/java/arisuinfo/cm/usr/service/UsrRgnService.java,arisuinfo.cm.usr.vo.AreaCdListVO,src/main/java/arisuinfo/cm/usr/vo/AreaCdListVO.java,IN_SCOPE
src/main/java/arisuinfo/cm/usr/service/UsrRgnService.java,arisuinfo.cm.usr.vo.UsrRgnVO,src/main/java/arisuinfo/cm/usr/vo/UsrRgnVO.java,IN_SCOPE
src/main/java/arisuinfo/cm/usr/service/UsrRgnService.java,arisuinfo.common.ria.nexacro.map.DataSetMap,src/main/java/arisuinfo/common/ria/nexacro/map/DataSetMap.java,IN_SCOPE
src/main/java/arisuinfo/cm/usr/vo/AreaCdListVO.java,arisuinfo.com.bind.BaseVO,src/main/java/arisuinfo/com/bind/BaseVO.java,IN_SCOPE
src/main/java/arisuinfo/cm/usr/vo/AuthMndtVO.java,arisuinfo.com.bind.BaseVO,src/main/java/arisuinfo/com/bind/BaseVO.java,IN_SCOPE
src/main/java/arisuinfo/cm/usr/vo/JobChrgerMngVO.java,arisuinfo.com.util.StringUtil,src/main/java/arisuinfo/com/util/StringUtil.java,IN_SCOPE
src/main/java/arisuinfo/cm/usr/vo/JobChrgerMngVO.java,arisuinfo.com.service.PageDefaultVO,src/main/java/arisuinfo/com/service/PageDefaultVO.java,IN_SCOPE
src/main/java/arisuinfo/cm/usr/vo/MyInfoVO.java,arisuinfo.com.bind.BaseVO,src/main/java/arisuinfo/com/bind/BaseVO.java,IN_SCOPE
src/main/java/arisuinfo/cm/usr/vo/UsrJobVO.java,arisuinfo.com.bind.BaseVO,src/main/java/arisuinfo/com/bind/BaseVO.java,IN_SCOPE
src/main/java/arisuinfo/cm/usr/vo/UsrMenuHstSearchVO.java,arisuinfo.com.bind.BaseVO,src/main/java/arisuinfo/com/bind/BaseVO.java,IN_SCOPE
src/main/java/arisuinfo/cm/usr/vo/UsrMenuHstVO.java,arisuinfo.com.bind.BaseVO,src/main/java/arisuinfo/com/bind/BaseVO.java,IN_SCOPE
src/main/java/arisuinfo/cm/usr/vo/UsrMngSearchVO.java,arisuinfo.cm.auth.auth.enums.ProcStatusCd,src/main/java/arisuinfo/cm/auth/auth/enums/ProcStatusCd.java,IN_SCOPE
src/main/java/arisuinfo/cm/usr/vo/UsrMngSearchVO.java,arisuinfo.cm.auth.auth.enums.ReqSeCd,src/main/java/arisuinfo/cm/auth/auth/enums/ReqSeCd.java,IN_SCOPE
src/main/java/arisuinfo/cm/usr/vo/UsrMngSearchVO.java,arisuinfo.com.enums.SysSeCd,src/main/java/arisuinfo/com/enums/SysSeCd.java,IN_SCOPE
src/main/java/arisuinfo/cm/usr/vo/UsrMngVO.java,arisuinfo.cm.auth.auth.enums.ProcStatusCd,src/main/java/arisuinfo/cm/auth/auth/enums/ProcStatusCd.java,IN_SCOPE
src/main/java/arisuinfo/cm/usr/vo/UsrMngVO.java,arisuinfo.cm.auth.auth.enums.ReqSeCd,src/main/java/arisuinfo/cm/auth/auth/enums/ReqSeCd.java,IN_SCOPE
src/main/java/arisuinfo/cm/usr/vo/UsrMngVO.java,arisuinfo.com.bind.BaseVO,src/main/java/arisuinfo/com/bind/BaseVO.java,IN_SCOPE
src/main/java/arisuinfo/cm/usr/vo/UsrMntrngVO.java,arisuinfo.com.bind.BaseVO,src/main/java/arisuinfo/com/bind/BaseVO.java,IN_SCOPE
src/main/java/arisuinfo/cm/usr/vo/UsrRgnVO.java,arisuinfo.com.bind.BaseVO,src/main/java/arisuinfo/com/bind/BaseVO.java,IN_SCOPE
src/main/java/arisuinfo/cm/usr/web/JobChrgerMngController.java,arisuinfo.cm.usr.service.JobChrgerMngService,src/main/java/arisuinfo/cm/usr/service/JobChrgerMngService.java,IN_SCOPE
src/main/java/arisuinfo/cm/usr/web/JobChrgerMngController.java,arisuinfo.com.web.BaseController,src/main/java/arisuinfo/com/web/BaseController.java,IN_SCOPE
src/main/java/arisuinfo/cm/usr/web/JobChrgerMngController.java,arisuinfo.common.ria.nexacro.map.NexacroMapDTO,src/main/java/arisuinfo/common/ria/nexacro/map/NexacroMapDTO.java,IN_SCOPE
src/main/java/arisuinfo/cm/usr/web/MyInfoController.java,arisuinfo.cm.usr.service.MyInfoService,src/main/java/arisuinfo/cm/usr/service/MyInfoService.java,IN_SCOPE
src/main/java/arisuinfo/cm/usr/web/MyInfoController.java,arisuinfo.com.web.BaseController,src/main/java/arisuinfo/com/web/BaseController.java,IN_SCOPE
src/main/java/arisuinfo/cm/usr/web/MyInfoController.java,arisuinfo.common.ria.nexacro.map.NexacroMapDTO,src/main/java/arisuinfo/common/ria/nexacro/map/NexacroMapDTO.java,IN_SCOPE
src/main/java/arisuinfo/cm/usr/web/UsrMngController.java,arisuinfo.cm.usr.service.UsrMngService,src/main/java/arisuinfo/cm/usr/service/UsrMngService.java,IN_SCOPE
src/main/java/arisuinfo/cm/usr/web/UsrMngController.java,arisuinfo.com.web.BaseController,src/main/java/arisuinfo/com/web/BaseController.java,IN_SCOPE
src/main/java/arisuinfo/cm/usr/web/UsrMngController.java,arisuinfo.common.ria.nexacro.map.NexacroMapDTO,src/main/java/arisuinfo/common/ria/nexacro/map/NexacroMapDTO.java,IN_SCOPE
src/main/java/arisuinfo/cm/usr/web/UsrMntrngController.java,arisuinfo.cm.usr.service.UsrMntrngService,src/main/java/arisuinfo/cm/usr/service/UsrMntrngService.java,IN_SCOPE
src/main/java/arisuinfo/cm/usr/web/UsrMntrngController.java,arisuinfo.com.web.BaseController,src/main/java/arisuinfo/com/web/BaseController.java,IN_SCOPE
src/main/java/arisuinfo/cm/usr/web/UsrMntrngController.java,arisuinfo.common.ria.nexacro.map.NexacroMapDTO,src/main/java/arisuinfo/common/ria/nexacro/map/NexacroMapDTO.java,IN_SCOPE
src/main/java/arisuinfo/cm/usr/web/UsrRgnController.java,arisuinfo.cm.usr.service.UsrRgnService,src/main/java/arisuinfo/cm/usr/service/UsrRgnService.java,IN_SCOPE
src/main/java/arisuinfo/cm/usr/web/UsrRgnController.java,arisuinfo.com.web.BaseController,src/main/java/arisuinfo/com/web/BaseController.java,IN_SCOPE
src/main/java/arisuinfo/cm/usr/web/UsrRgnController.java,arisuinfo.common.ria.nexacro.map.NexacroMapDTO,src/main/java/arisuinfo/common/ria/nexacro/map/NexacroMapDTO.java,IN_SCOPE
src/main/java/arisuinfo/com/batch/config/BatchConfig.java,arisuinfo.com.batch.tasklet.ServiceCallTasklet,src/main/java/arisuinfo/com/batch/tasklet/ServiceCallTasklet.java,IN_SCOPE
src/main/java/arisuinfo/com/batch/mapper/BatchMapper.java,arisuinfo.com.batch.vo.BatchVO,src/main/java/arisuinfo/com/batch/vo/BatchVO.java,IN_SCOPE
src/main/java/arisuinfo/com/batch/quartz/QuartzDynamicLoader.java,arisuinfo.com.batch.scheduler.DynamicJobScheduler,src/main/java/arisuinfo/com/batch/scheduler/DynamicJobScheduler.java,IN_SCOPE
src/main/java/arisuinfo/com/batch/quartz/QuartzDynamicLoader.java,arisuinfo.com.batch.trigger.ManualBatchRunner,src/main/java/arisuinfo/com/batch/trigger/ManualBatchRunner.java,IN_SCOPE
src/main/java/arisuinfo/com/batch/quartz/QuartzDynamicLoader.java,arisuinfo.com.batch.vo.BatchVO,src/main/java/arisuinfo/com/batch/vo/BatchVO.java,IN_SCOPE
src/main/java/arisuinfo/com/batch/scheduler/DynamicJobScheduler.java,arisuinfo.com.batch.config.BatchSchedulerConstants,src/main/java/arisuinfo/com/batch/config/BatchSchedulerConstants.java,IN_SCOPE
src/main/java/arisuinfo/com/batch/scheduler/DynamicJobScheduler.java,arisuinfo.com.batch.mapper.BatchMapper,src/main/java/arisuinfo/com/batch/mapper/BatchMapper.java,IN_SCOPE
src/main/java/arisuinfo/com/batch/scheduler/DynamicJobScheduler.java,arisuinfo.com.batch.util.BatchScheduleSyncUtils,src/main/java/arisuinfo/com/batch/util/BatchScheduleSyncUtils.java,IN_SCOPE
src/main/java/arisuinfo/com/batch/scheduler/DynamicJobScheduler.java,arisuinfo.com.batch.vo.BatchVO,src/main/java/arisuinfo/com/batch/vo/BatchVO.java,IN_SCOPE
src/main/java/arisuinfo/com/batch/scheduler/DynamicJobScheduler.java,arisuinfo.com.util.CommonUtil,src/main/java/arisuinfo/com/util/CommonUtil.java,IN_SCOPE
src/main/java/arisuinfo/com/batch/scheduler/ScheduleRefresher.java,arisuinfo.com.batch.config.BatchSchedulerConstants,src/main/java/arisuinfo/com/batch/config/BatchSchedulerConstants.java,IN_SCOPE
src/main/java/arisuinfo/com/batch/service/BatchService.java,arisuinfo.com.batch.vo.BatchVO,src/main/java/arisuinfo/com/batch/vo/BatchVO.java,IN_SCOPE
src/main/java/arisuinfo/com/batch/service/impl/BatchDateMngServiceImpl.java,arisuinfo.com.batch.mapper.BatchMapper,src/main/java/arisuinfo/com/batch/mapper/BatchMapper.java,IN_SCOPE
src/main/java/arisuinfo/com/batch/service/impl/BatchDateMngServiceImpl.java,arisuinfo.com.batch.quartz.QuartzDynamicLoader,src/main/java/arisuinfo/com/batch/quartz/QuartzDynamicLoader.java,IN_SCOPE
src/main/java/arisuinfo/com/batch/service/impl/BatchDateMngServiceImpl.java,arisuinfo.com.batch.service.BatchDateMngService,src/main/java/arisuinfo/com/batch/service/BatchDateMngService.java,IN_SCOPE
src/main/java/arisuinfo/com/batch/service/impl/BatchDateMngServiceImpl.java,arisuinfo.com.batch.vo.BatchVO,src/main/java/arisuinfo/com/batch/vo/BatchVO.java,IN_SCOPE
src/main/java/arisuinfo/com/batch/service/impl/BatchDateMngServiceImpl.java,arisuinfo.com.util.CommonUtil,src/main/java/arisuinfo/com/util/CommonUtil.java,IN_SCOPE
src/main/java/arisuinfo/com/batch/service/impl/BatchDateMngServiceImpl.java,arisuinfo.com.util.DateUtil,src/main/java/arisuinfo/com/util/DateUtil.java,IN_SCOPE
src/main/java/arisuinfo/com/batch/service/impl/BatchDateMngServiceImpl.java,arisuinfo.com.util.StringUtil,src/main/java/arisuinfo/com/util/StringUtil.java,IN_SCOPE
src/main/java/arisuinfo/com/batch/service/impl/BatchServiceImpl.java,arisuinfo.com.util.StringUtil,src/main/java/arisuinfo/com/util/StringUtil.java,IN_SCOPE
src/main/java/arisuinfo/com/batch/service/impl/BatchServiceImpl.java,arisuinfo.com.batch.mapper.BatchMapper,src/main/java/arisuinfo/com/batch/mapper/BatchMapper.java,IN_SCOPE
src/main/java/arisuinfo/com/batch/service/impl/BatchServiceImpl.java,arisuinfo.com.batch.service.BatchService,src/main/java/arisuinfo/com/batch/service/BatchService.java,IN_SCOPE
src/main/java/arisuinfo/com/batch/service/impl/BatchServiceImpl.java,arisuinfo.com.batch.vo.BatchVO,src/main/java/arisuinfo/com/batch/vo/BatchVO.java,IN_SCOPE
src/main/java/arisuinfo/com/batch/tasklet/ServiceCallTasklet.java,arisuinfo.com.batch.service.BatchService,src/main/java/arisuinfo/com/batch/service/BatchService.java,IN_SCOPE
src/main/java/arisuinfo/com/batch/tasklet/ServiceCallTasklet.java,arisuinfo.com.util.StringUtil,src/main/java/arisuinfo/com/util/StringUtil.java,IN_SCOPE
src/main/java/arisuinfo/com/batch/test/BatchTestController.java,arisuinfo.com.batch.quartz.QuartzDynamicLoader,src/main/java/arisuinfo/com/batch/quartz/QuartzDynamicLoader.java,IN_SCOPE
src/main/java/arisuinfo/com/batch/test/BatchTestLogService.java,arisuinfo.com.util.StringUtil,src/main/java/arisuinfo/com/util/StringUtil.java,IN_SCOPE
src/main/java/arisuinfo/com/batch/trigger/ManualBatchRunner.java,arisuinfo.com.batch.config.BatchSchedulerConstants,src/main/java/arisuinfo/com/batch/config/BatchSchedulerConstants.java,IN_SCOPE
src/main/java/arisuinfo/com/batch/trigger/ManualBatchRunner.java,arisuinfo.com.batch.service.BatchService,src/main/java/arisuinfo/com/batch/service/BatchService.java,IN_SCOPE
src/main/java/arisuinfo/com/batch/trigger/ManualBatchRunner.java,arisuinfo.com.util.CommonUtil,src/main/java/arisuinfo/com/util/CommonUtil.java,IN_SCOPE
src/main/java/arisuinfo/com/batch/trigger/ManualBatchRunner.java,arisuinfo.com.util.StringUtil,src/main/java/arisuinfo/com/util/StringUtil.java,IN_SCOPE
src/main/java/arisuinfo/com/batch/util/BatchScheduleSyncUtils.java,arisuinfo.com.util.StringUtil,src/main/java/arisuinfo/com/util/StringUtil.java,IN_SCOPE
src/main/java/arisuinfo/com/batch/vo/BatchVO.java,arisuinfo.com.service.PageDefaultVO,src/main/java/arisuinfo/com/service/PageDefaultVO.java,IN_SCOPE
src/main/java/arisuinfo/com/bind/BaseVO.java,arisuinfo.com.util.SessionUtil,src/main/java/arisuinfo/com/util/SessionUtil.java,IN_SCOPE
src/main/java/arisuinfo/com/eltSanctn/mapper/EltSanctnMapper.java,arisuinfo.com.eltSanctn.service.EltSancInfoVO,src/main/java/arisuinfo/com/eltSanctn/service/EltSancInfoVO.java,IN_SCOPE
src/main/java/arisuinfo/com/eltSanctn/mapper/EltSanctnMapper.java,arisuinfo.com.eltSanctn.service.EltSanctnVO,src/main/java/arisuinfo/com/eltSanctn/service/EltSanctnVO.java,IN_SCOPE
src/main/java/arisuinfo/com/eltSanctn/process/EltSanctnServiceProcess.java,arisuinfo.com.eltSanctn.service.EltSanctnService,src/main/java/arisuinfo/com/eltSanctn/service/EltSanctnService.java,IN_SCOPE
src/main/java/arisuinfo/com/eltSanctn/process/EltSanctnServiceProcess.java,arisuinfo.com.eltSanctn.service.EltSanctnVO,src/main/java/arisuinfo/com/eltSanctn/service/EltSanctnVO.java,IN_SCOPE
src/main/java/arisuinfo/com/eltSanctn/process/EltSanctnServiceProcess.java,arisuinfo.com.eltSanctn.service.Status,src/main/java/arisuinfo/com/eltSanctn/service/Status.java,IN_SCOPE
src/main/java/arisuinfo/com/eltSanctn/process/EltSanctnServiceProcess.java,arisuinfo.com.exception.ArisuBizException,src/main/java/arisuinfo/com/exception/ArisuBizException.java,IN_SCOPE
src/main/java/arisuinfo/com/eltSanctn/process/EltSanctnServiceProcess.java,arisuinfo.com.util.CommonUtil,src/main/java/arisuinfo/com/util/CommonUtil.java,IN_SCOPE
src/main/java/arisuinfo/com/eltSanctn/process/EltSanctnServiceProcess.java,arisuinfo.com.util.SessionUtil,src/main/java/arisuinfo/com/util/SessionUtil.java,IN_SCOPE
src/main/java/arisuinfo/com/eltSanctn/service/impl/EltSanctnServiceImpl.java,arisuinfo.cm.oper.mapper.EltSanctnMngMapper,src/main/java/arisuinfo/cm/oper/mapper/EltSanctnMngMapper.java,IN_SCOPE
src/main/java/arisuinfo/com/eltSanctn/service/impl/EltSanctnServiceImpl.java,arisuinfo.com.eltSanctn.mapper.EltSanctnMapper,src/main/java/arisuinfo/com/eltSanctn/mapper/EltSanctnMapper.java,IN_SCOPE
src/main/java/arisuinfo/com/eltSanctn/service/impl/EltSanctnServiceImpl.java,arisuinfo.com.eltSanctn.service.EltSanctnService,src/main/java/arisuinfo/com/eltSanctn/service/EltSanctnService.java,IN_SCOPE
src/main/java/arisuinfo/com/eltSanctn/service/impl/EltSanctnServiceImpl.java,arisuinfo.com.eltSanctn.service.EltSanctnVO,src/main/java/arisuinfo/com/eltSanctn/service/EltSanctnVO.java,IN_SCOPE
src/main/java/arisuinfo/com/eltSanctn/web/EltSancReceiveController.java,arisuinfo.com.util.StringUtil,src/main/java/arisuinfo/com/util/StringUtil.java,IN_SCOPE
src/main/java/arisuinfo/com/eltSanctn/web/EltSancReceiveController.java,arisuinfo.com.eltSanctn.process.EltSanctnServiceProcess,src/main/java/arisuinfo/com/eltSanctn/process/EltSanctnServiceProcess.java,IN_SCOPE
src/main/java/arisuinfo/com/eltSanctn/web/EltSancReceiveController.java,arisuinfo.com.eltSanctn.service.EltSanctnVO,src/main/java/arisuinfo/com/eltSanctn/service/EltSanctnVO.java,IN_SCOPE
src/main/java/arisuinfo/com/eltSanctn/web/EltSancReceiveController.java,arisuinfo.com.eltSanctn.service.Status,src/main/java/arisuinfo/com/eltSanctn/service/Status.java,IN_SCOPE
src/main/java/arisuinfo/com/eltSanctn/web/EltSancReceiveController.java,arisuinfo.com.eltSanctn.xml.sendingXml.Attachments,src/main/java/arisuinfo/com/eltSanctn/xml/sendingXml/Attachments.java,IN_SCOPE
src/main/java/arisuinfo/com/eltSanctn/web/EltSancReceiveController.java,arisuinfo.com.eltSanctn.xml.sendingXml.DocumentBody,src/main/java/arisuinfo/com/eltSanctn/xml/sendingXml/DocumentBody.java,IN_SCOPE
src/main/java/arisuinfo/com/eltSanctn/web/EltSancReceiveController.java,arisuinfo.com.eltSanctn.xml.sendingXml.DocumentDescription,src/main/java/arisuinfo/com/eltSanctn/xml/sendingXml/DocumentDescription.java,IN_SCOPE
src/main/java/arisuinfo/com/eltSanctn/web/EltSancReceiveController.java,arisuinfo.com.eltSanctn.xml.sendingXml.DocumentInformation,src/main/java/arisuinfo/com/eltSanctn/xml/sendingXml/DocumentInformation.java,IN_SCOPE
src/main/java/arisuinfo/com/eltSanctn/web/EltSancReceiveController.java,arisuinfo.com.eltSanctn.xml.sendingXml.ExchangeableDocument,src/main/java/arisuinfo/com/eltSanctn/xml/sendingXml/ExchangeableDocument.java,IN_SCOPE
src/main/java/arisuinfo/com/eltSanctn/web/EltSancReceiveController.java,arisuinfo.com.eltSanctn.xml.sendingXml.ExtNFSancLineInfo,src/main/java/arisuinfo/com/eltSanctn/xml/sendingXml/ExtNFSancLineInfo.java,IN_SCOPE
src/main/java/arisuinfo/com/eltSanctn/web/EltSancReceiveController.java,arisuinfo.com.eltSanctn.xml.sendingXml.Person,src/main/java/arisuinfo/com/eltSanctn/xml/sendingXml/Person.java,IN_SCOPE
src/main/java/arisuinfo/com/eltSanctn/web/EltSancReceiveController.java,arisuinfo.com.eltSanctn.xml.sendingXml.ProcessInformation,src/main/java/arisuinfo/com/eltSanctn/xml/sendingXml/ProcessInformation.java,IN_SCOPE
src/main/java/arisuinfo/com/eltSanctn/web/EltSancReceiveController.java,arisuinfo.com.eltSanctn.xml.sendingXml.Workflow,src/main/java/arisuinfo/com/eltSanctn/xml/sendingXml/Workflow.java,IN_SCOPE
src/main/java/arisuinfo/com/eltSanctn/web/EltSancReceiveController.java,arisuinfo.com.util.CommonUtil,src/main/java/arisuinfo/com/util/CommonUtil.java,IN_SCOPE
src/main/java/arisuinfo/com/eltSanctn/web/EltSancReceiveController.java,arisuinfo.com.util.DateUtil,src/main/java/arisuinfo/com/util/DateUtil.java,IN_SCOPE
src/main/java/arisuinfo/com/eltSanctn/web/EltSancReceiveController.java,arisuinfo.com.util.SessionUtil,src/main/java/arisuinfo/com/util/SessionUtil.java,IN_SCOPE
src/main/java/arisuinfo/com/eltSanctn/web/EltSancReceiveController.java,arisuinfo.common.annotation.RequestEncoding,src/main/java/arisuinfo/common/annotation/RequestEncoding.java,IN_SCOPE
src/main/java/arisuinfo/com/eltSanctn/web/EltSancReceiveController.java,arisuinfo.common.ria.nexacro.NexacroConstant,src/main/java/arisuinfo/common/ria/nexacro/NexacroConstant.java,IN_SCOPE
src/main/java/arisuinfo/com/eltSanctn/web/EltSancReceiveController.java,arisuinfo.common.ria.nexacro.map.DataSetMap,src/main/java/arisuinfo/common/ria/nexacro/map/DataSetMap.java,IN_SCOPE
src/main/java/arisuinfo/com/eltSanctn/web/EltSancReceiveController.java,arisuinfo.common.ria.nexacro.map.NexacroMapDTO,src/main/java/arisuinfo/common/ria/nexacro/map/NexacroMapDTO.java,IN_SCOPE
src/main/java/arisuinfo/com/eltSanctn/web/EltSancRestController.java,arisuinfo.com.exception.ArisuBizException,src/main/java/arisuinfo/com/exception/ArisuBizException.java,IN_SCOPE
src/main/java/arisuinfo/com/eltSanctn/web/EltSancRestController.java,arisuinfo.com.util.StringUtil,src/main/java/arisuinfo/com/util/StringUtil.java,IN_SCOPE
src/main/java/arisuinfo/com/eltSanctn/web/EltSancRestController.java,arisuinfo.com.eltSanctn.xml.EltSanctnUtil,src/main/java/arisuinfo/com/eltSanctn/xml/EltSanctnUtil.java,IN_SCOPE
src/main/java/arisuinfo/com/eltSanctn/web/EltSancRestController.java,arisuinfo.com.eltSanctn.xml.sendingXml.EltSanctnXmlVO,src/main/java/arisuinfo/com/eltSanctn/xml/sendingXml/EltSanctnXmlVO.java,IN_SCOPE
src/main/java/arisuinfo/com/eltSanctn/web/EltSancRestController.java,arisuinfo.com.fileUpload.service.FileUploadService,src/main/java/arisuinfo/com/fileUpload/service/FileUploadService.java,IN_SCOPE
src/main/java/arisuinfo/com/eltSanctn/xml/EltSanctnUtil.java,arisuinfo.com.util.StringUtil,src/main/java/arisuinfo/com/util/StringUtil.java,IN_SCOPE
src/main/java/arisuinfo/com/eltSanctn/xml/EltSanctnUtil.java,arisuinfo.com.eltSanctn.mapper.EltSanctnMapper,src/main/java/arisuinfo/com/eltSanctn/mapper/EltSanctnMapper.java,IN_SCOPE
src/main/java/arisuinfo/com/eltSanctn/xml/EltSanctnUtil.java,arisuinfo.com.eltSanctn.service.EltSancInfoVO,src/main/java/arisuinfo/com/eltSanctn/service/EltSancInfoVO.java,IN_SCOPE
src/main/java/arisuinfo/com/eltSanctn/xml/EltSanctnUtil.java,arisuinfo.com.eltSanctn.service.EltSanctnVO,src/main/java/arisuinfo/com/eltSanctn/service/EltSanctnVO.java,IN_SCOPE
src/main/java/arisuinfo/com/eltSanctn/xml/EltSanctnUtil.java,arisuinfo.com.eltSanctn.service.Status,src/main/java/arisuinfo/com/eltSanctn/service/Status.java,IN_SCOPE
src/main/java/arisuinfo/com/eltSanctn/xml/EltSanctnUtil.java,arisuinfo.com.eltSanctn.xml.recevingXml.Ndata,src/main/java/arisuinfo/com/eltSanctn/xml/recevingXml/Ndata.java,IN_SCOPE
src/main/java/arisuinfo/com/eltSanctn/xml/EltSanctnUtil.java,arisuinfo.com.eltSanctn.xml.sendingXml.Attachments,src/main/java/arisuinfo/com/eltSanctn/xml/sendingXml/Attachments.java,IN_SCOPE
src/main/java/arisuinfo/com/eltSanctn/xml/EltSanctnUtil.java,arisuinfo.com.eltSanctn.xml.sendingXml.Business,src/main/java/arisuinfo/com/eltSanctn/xml/sendingXml/Business.java,IN_SCOPE
src/main/java/arisuinfo/com/eltSanctn/xml/EltSanctnUtil.java,arisuinfo.com.eltSanctn.xml.sendingXml.DocumentBody,src/main/java/arisuinfo/com/eltSanctn/xml/sendingXml/DocumentBody.java,IN_SCOPE
src/main/java/arisuinfo/com/eltSanctn/xml/EltSanctnUtil.java,arisuinfo.com.eltSanctn.xml.sendingXml.DocumentDescription,src/main/java/arisuinfo/com/eltSanctn/xml/sendingXml/DocumentDescription.java,IN_SCOPE
src/main/java/arisuinfo/com/eltSanctn/xml/EltSanctnUtil.java,arisuinfo.com.eltSanctn.xml.sendingXml.DocumentInformation,src/main/java/arisuinfo/com/eltSanctn/xml/sendingXml/DocumentInformation.java,IN_SCOPE
src/main/java/arisuinfo/com/eltSanctn/xml/EltSanctnUtil.java,arisuinfo.com.eltSanctn.xml.sendingXml.EltSanctnXmlVO,src/main/java/arisuinfo/com/eltSanctn/xml/sendingXml/EltSanctnXmlVO.java,IN_SCOPE
src/main/java/arisuinfo/com/eltSanctn/xml/EltSanctnUtil.java,arisuinfo.com.eltSanctn.xml.sendingXml.ExchangeableDocument,src/main/java/arisuinfo/com/eltSanctn/xml/sendingXml/ExchangeableDocument.java,IN_SCOPE
src/main/java/arisuinfo/com/eltSanctn/xml/EltSanctnUtil.java,arisuinfo.com.eltSanctn.xml.sendingXml.File,src/main/java/arisuinfo/com/eltSanctn/xml/sendingXml/File.java,IN_SCOPE
src/main/java/arisuinfo/com/eltSanctn/xml/EltSanctnUtil.java,arisuinfo.com.eltSanctn.xml.sendingXml.Process,src/main/java/arisuinfo/com/eltSanctn/xml/sendingXml/Process.java,IN_SCOPE
src/main/java/arisuinfo/com/eltSanctn/xml/EltSanctnUtil.java,arisuinfo.com.eltSanctn.xml.sendingXml.ProcessInformation,src/main/java/arisuinfo/com/eltSanctn/xml/sendingXml/ProcessInformation.java,IN_SCOPE
src/main/java/arisuinfo/com/eltSanctn/xml/EltSanctnUtil.java,arisuinfo.com.eltSanctn.xml.sendingXml.Work,src/main/java/arisuinfo/com/eltSanctn/xml/sendingXml/Work.java,IN_SCOPE
src/main/java/arisuinfo/com/eltSanctn/xml/EltSanctnUtil.java,arisuinfo.com.eltSanctn.xml.sendingXml.Work_manage,src/main/java/arisuinfo/com/eltSanctn/xml/sendingXml/Work_manage.java,IN_SCOPE
src/main/java/arisuinfo/com/eltSanctn/xml/EltSanctnUtil.java,arisuinfo.com.eltSanctn.xml.sendingXml.Work_ref,src/main/java/arisuinfo/com/eltSanctn/xml/sendingXml/Work_ref.java,IN_SCOPE
src/main/java/arisuinfo/com/eltSanctn/xml/EltSanctnUtil.java,arisuinfo.com.eltSanctn.xml.sendingXml.Workflow,src/main/java/arisuinfo/com/eltSanctn/xml/sendingXml/Workflow.java,IN_SCOPE
src/main/java/arisuinfo/com/eltSanctn/xml/EltSanctnUtil.java,arisuinfo.com.exception.ArisuBizException,src/main/java/arisuinfo/com/exception/ArisuBizException.java,IN_SCOPE
src/main/java/arisuinfo/com/eltSanctn/xml/EltSanctnUtil.java,arisuinfo.com.fileUpload.mapper.FileUploadMapper,src/main/java/arisuinfo/com/fileUpload/mapper/FileUploadMapper.java,IN_SCOPE
src/main/java/arisuinfo/com/eltSanctn/xml/EltSanctnUtil.java,arisuinfo.com.fileUpload.service.FileUploadVO,src/main/java/arisuinfo/com/fileUpload/service/FileUploadVO.java,IN_SCOPE
src/main/java/arisuinfo/com/eltSanctn/xml/EltSanctnUtil.java,arisuinfo.com.util.SessionUtil,src/main/java/arisuinfo/com/util/SessionUtil.java,IN_SCOPE
src/main/java/arisuinfo/com/fileUpload/mapper/FileUploadMapper.java,arisuinfo.com.fileUpload.service.FileUploadVO,src/main/java/arisuinfo/com/fileUpload/service/FileUploadVO.java,IN_SCOPE
src/main/java/arisuinfo/com/fileUpload/service/FileUploadService.java,arisuinfo.common.ria.nexacro.map.DataSetMap,src/main/java/arisuinfo/common/ria/nexacro/map/DataSetMap.java,IN_SCOPE
src/main/java/arisuinfo/com/fileUpload/service/impl/FileUploadServiceImpl.java,arisuinfo.com.exception.BizException,src/main/java/arisuinfo/com/exception/BizException.java,IN_SCOPE
src/main/java/arisuinfo/com/fileUpload/service/impl/FileUploadServiceImpl.java,arisuinfo.yg.cc.mapper.FileReqMapper,,EXTERNAL_REVIEW
src/main/java/arisuinfo/com/fileUpload/service/impl/FileUploadServiceImpl.java,arisuinfo.com.fileUpload.mapper.FileUploadMapper,src/main/java/arisuinfo/com/fileUpload/mapper/FileUploadMapper.java,IN_SCOPE
src/main/java/arisuinfo/com/fileUpload/service/impl/FileUploadServiceImpl.java,arisuinfo.com.fileUpload.service.FileUploadService,src/main/java/arisuinfo/com/fileUpload/service/FileUploadService.java,IN_SCOPE
src/main/java/arisuinfo/com/fileUpload/service/impl/FileUploadServiceImpl.java,arisuinfo.com.fileUpload.service.FileUploadVO,src/main/java/arisuinfo/com/fileUpload/service/FileUploadVO.java,IN_SCOPE
src/main/java/arisuinfo/com/fileUpload/service/impl/FileUploadServiceImpl.java,arisuinfo.com.util.CommonUtil,src/main/java/arisuinfo/com/util/CommonUtil.java,IN_SCOPE
src/main/java/arisuinfo/com/fileUpload/service/impl/FileUploadServiceImpl.java,arisuinfo.com.util.DateUtil,src/main/java/arisuinfo/com/util/DateUtil.java,IN_SCOPE
src/main/java/arisuinfo/com/fileUpload/service/impl/FileUploadServiceImpl.java,arisuinfo.com.util.SessionUtil,src/main/java/arisuinfo/com/util/SessionUtil.java,IN_SCOPE
src/main/java/arisuinfo/com/fileUpload/service/impl/FileUploadServiceImpl.java,arisuinfo.com.util.StringUtil,src/main/java/arisuinfo/com/util/StringUtil.java,IN_SCOPE
src/main/java/arisuinfo/com/fileUpload/service/impl/FileUploadServiceImpl.java,arisuinfo.common.ria.nexacro.map.DataSetMap,src/main/java/arisuinfo/common/ria/nexacro/map/DataSetMap.java,IN_SCOPE
src/main/java/arisuinfo/com/fileUpload/web/FileUploadController.java,arisuinfo.com.fileUpload.service.FileUploadService,src/main/java/arisuinfo/com/fileUpload/service/FileUploadService.java,IN_SCOPE
src/main/java/arisuinfo/com/fileUpload/web/FileUploadController.java,arisuinfo.com.fileUpload.service.FileUploadVO,src/main/java/arisuinfo/com/fileUpload/service/FileUploadVO.java,IN_SCOPE
src/main/java/arisuinfo/com/fileUpload/web/FileUploadController.java,arisuinfo.com.web.BaseController,src/main/java/arisuinfo/com/web/BaseController.java,IN_SCOPE
src/main/java/arisuinfo/com/fileUpload/web/FileUploadController.java,arisuinfo.common.ria.nexacro.ConvertDataType,src/main/java/arisuinfo/common/ria/nexacro/ConvertDataType.java,IN_SCOPE
src/main/java/arisuinfo/com/fileUpload/web/FileUploadController.java,arisuinfo.common.ria.nexacro.NexacroConstant,src/main/java/arisuinfo/common/ria/nexacro/NexacroConstant.java,IN_SCOPE
src/main/java/arisuinfo/com/fileUpload/web/FileUploadController.java,arisuinfo.common.ria.nexacro.map.DataSetMap,src/main/java/arisuinfo/common/ria/nexacro/map/DataSetMap.java,IN_SCOPE
src/main/java/arisuinfo/com/fileUpload/web/FileUploadController.java,arisuinfo.common.ria.nexacro.map.NexacroMapDTO,src/main/java/arisuinfo/common/ria/nexacro/map/NexacroMapDTO.java,IN_SCOPE
src/main/java/arisuinfo/com/id/ArisuTableIdGnrService.java,arisuinfo.com.exception.BizException,src/main/java/arisuinfo/com/exception/BizException.java,IN_SCOPE
src/main/java/arisuinfo/com/id/ArisuTableIdGnrService.java,arisuinfo.com.id.TableIdGnrServiceFactoryBean.InitCycle,,EXTERNAL_REVIEW
src/main/java/arisuinfo/com/message/service/impl/MessageServiceImpl.java,arisuinfo.com.message.service.MessageService,src/main/java/arisuinfo/com/message/service/MessageService.java,IN_SCOPE
src/main/java/arisuinfo/com/message/service/impl/MessageServiceImpl.java,arisuinfo.common.ria.nexacro.map.DataSetMap,src/main/java/arisuinfo/common/ria/nexacro/map/DataSetMap.java,IN_SCOPE
src/main/java/arisuinfo/com/message/service/MessageService.java,arisuinfo.common.ria.nexacro.map.DataSetMap,src/main/java/arisuinfo/common/ria/nexacro/map/DataSetMap.java,IN_SCOPE
src/main/java/arisuinfo/com/message/web/MessageController.java,arisuinfo.com.message.service.MessageService,src/main/java/arisuinfo/com/message/service/MessageService.java,IN_SCOPE
src/main/java/arisuinfo/com/message/web/MessageController.java,arisuinfo.com.web.BaseController,src/main/java/arisuinfo/com/web/BaseController.java,IN_SCOPE
src/main/java/arisuinfo/com/message/web/MessageController.java,arisuinfo.common.ria.nexacro.map.NexacroMapDTO,src/main/java/arisuinfo/common/ria/nexacro/map/NexacroMapDTO.java,IN_SCOPE
src/main/java/arisuinfo/com/minwon/MinwonUtil.java,arisuinfo.com.util.StringUtil,src/main/java/arisuinfo/com/util/StringUtil.java,IN_SCOPE
src/main/java/arisuinfo/com/miomMtr/MiomMtrUtil.java,arisuinfo.com.miomMtr.mapper.MiomMtrMapper,src/main/java/arisuinfo/com/miomMtr/mapper/MiomMtrMapper.java,IN_SCOPE
src/main/java/arisuinfo/com/miomMtr/MiomMtrUtil.java,arisuinfo.com.util.SessionUtil,src/main/java/arisuinfo/com/util/SessionUtil.java,IN_SCOPE
src/main/java/arisuinfo/com/miomMtr/MiomMtrUtil.java,arisuinfo.com.util.StringUtil,src/main/java/arisuinfo/com/util/StringUtil.java,IN_SCOPE
src/main/java/arisuinfo/com/rest/web/OxmController.java,arisuinfo.com.rest.oxm.CarVO,src/main/java/arisuinfo/com/rest/oxm/CarVO.java,IN_SCOPE
src/main/java/arisuinfo/com/rest/web/OxmController.java,arisuinfo.com.rest.oxm.Result,src/main/java/arisuinfo/com/rest/oxm/Result.java,IN_SCOPE
src/main/java/arisuinfo/com/rest/web/RestfulController.java,arisuinfo.com.rest.oxm.CustomerListVO,src/main/java/arisuinfo/com/rest/oxm/CustomerListVO.java,IN_SCOPE
src/main/java/arisuinfo/com/rest/web/RestfulController.java,arisuinfo.com.rest.oxm.CustomerVO,src/main/java/arisuinfo/com/rest/oxm/CustomerVO.java,IN_SCOPE
src/main/java/arisuinfo/com/rest/web/RestfulController.java,arisuinfo.com.rest.oxm.Result,src/main/java/arisuinfo/com/rest/oxm/Result.java,IN_SCOPE
src/main/java/arisuinfo/com/rest/web/WebServiceController.java,arisuinfo.com.rest.oxm.Business,src/main/java/arisuinfo/com/rest/oxm/Business.java,IN_SCOPE
src/main/java/arisuinfo/com/rest/web/WebServiceController.java,arisuinfo.com.rest.oxm.Response,src/main/java/arisuinfo/com/rest/oxm/Response.java,IN_SCOPE
src/main/java/arisuinfo/com/rest/web/WebServiceController.java,arisuinfo.com.rest.oxm.Result,src/main/java/arisuinfo/com/rest/oxm/Result.java,IN_SCOPE
src/main/java/arisuinfo/com/securedb/SecureUtil.java,arisuinfo.cm.usr.mapper.UsrMngMapper,src/main/java/arisuinfo/cm/usr/mapper/UsrMngMapper.java,IN_SCOPE
src/main/java/arisuinfo/com/security/AuthzService.java,arisuinfo.cm.auth.auth.service.AuthUserService,src/main/java/arisuinfo/cm/auth/auth/service/AuthUserService.java,IN_SCOPE
src/main/java/arisuinfo/com/security/AuthzService.java,arisuinfo.cm.auth.auth.vo.user.AuthUsrVO,src/main/java/arisuinfo/cm/auth/auth/vo/user/AuthUsrVO.java,IN_SCOPE
src/main/java/arisuinfo/com/security/AuthzService.java,arisuinfo.cm.login.mapper.LoginMapper,src/main/java/arisuinfo/cm/login/mapper/LoginMapper.java,IN_SCOPE
src/main/java/arisuinfo/com/security/AuthzService.java,arisuinfo.com.exception.BizException,src/main/java/arisuinfo/com/exception/BizException.java,IN_SCOPE
src/main/java/arisuinfo/com/security/AuthzService.java,arisuinfo.com.util.SessionUtil,src/main/java/arisuinfo/com/util/SessionUtil.java,IN_SCOPE
src/main/java/arisuinfo/com/security/FailoverFilter.java,arisuinfo.com.util.StringUtil,src/main/java/arisuinfo/com/util/StringUtil.java,IN_SCOPE
src/main/java/arisuinfo/com/security/FailoverFilter.java,arisuinfo.cm.login.service.LoginService,src/main/java/arisuinfo/cm/login/service/LoginService.java,IN_SCOPE
src/main/java/arisuinfo/com/security/FailoverFilter.java,arisuinfo.cm.login.vo.TempLoginVO,src/main/java/arisuinfo/cm/login/vo/TempLoginVO.java,IN_SCOPE
src/main/java/arisuinfo/com/security/FailoverFilter.java,arisuinfo.cm.main.vo.MainMngVO,src/main/java/arisuinfo/cm/main/vo/MainMngVO.java,IN_SCOPE
src/main/java/arisuinfo/com/security/FailoverFilter.java,arisuinfo.com.service.LoginVO,src/main/java/arisuinfo/com/service/LoginVO.java,IN_SCOPE
src/main/java/arisuinfo/com/security/FailoverFilter.java,arisuinfo.com.util.CommonUtil,src/main/java/arisuinfo/com/util/CommonUtil.java,IN_SCOPE
src/main/java/arisuinfo/com/security/NexacroAuthEntryPoint.java,arisuinfo.common.ria.nexacro.NexacroConstant,src/main/java/arisuinfo/common/ria/nexacro/NexacroConstant.java,IN_SCOPE
src/main/java/arisuinfo/com/security/SessionCheckFilter.java,arisuinfo.com.util.StringUtil,src/main/java/arisuinfo/com/util/StringUtil.java,IN_SCOPE
src/main/java/arisuinfo/com/security/SessionCheckFilter.java,arisuinfo.cm.login.service.LoginService,src/main/java/arisuinfo/cm/login/service/LoginService.java,IN_SCOPE
src/main/java/arisuinfo/com/security/SsoAuthFilter.java,arisuinfo.cm.login.service.LoginService,src/main/java/arisuinfo/cm/login/service/LoginService.java,IN_SCOPE
src/main/java/arisuinfo/com/security/SsoAuthFilter.java,arisuinfo.cm.main.vo.MainMngVO,src/main/java/arisuinfo/cm/main/vo/MainMngVO.java,IN_SCOPE
src/main/java/arisuinfo/com/security/SsoAuthFilter.java,arisuinfo.com.service.LoginVO,src/main/java/arisuinfo/com/service/LoginVO.java,IN_SCOPE
src/main/java/arisuinfo/com/security/SsoAuthFilter.java,arisuinfo.com.util.CommonUtil,src/main/java/arisuinfo/com/util/CommonUtil.java,IN_SCOPE
src/main/java/arisuinfo/com/security/SsoUserDetails.java,arisuinfo.com.service.LoginVO,src/main/java/arisuinfo/com/service/LoginVO.java,IN_SCOPE
src/main/java/arisuinfo/com/service/BaseServiceImpl.java,arisuinfo.com.exception.BizException,src/main/java/arisuinfo/com/exception/BizException.java,IN_SCOPE
src/main/java/arisuinfo/com/service/LoginVO.java,arisuinfo.com.bind.BaseVO,src/main/java/arisuinfo/com/bind/BaseVO.java,IN_SCOPE
src/main/java/arisuinfo/com/service/NexacroServiceExecutor.java,arisuinfo.common.ria.nexacro.map.DataSetMap,src/main/java/arisuinfo/common/ria/nexacro/map/DataSetMap.java,IN_SCOPE
src/main/java/arisuinfo/com/util/Client.java,arisuinfo.com.util.StringUtil,src/main/java/arisuinfo/com/util/StringUtil.java,IN_SCOPE
src/main/java/arisuinfo/com/util/CommonUtil.java,arisuinfo.com.util.StringUtil,src/main/java/arisuinfo/com/util/StringUtil.java,IN_SCOPE
src/main/java/arisuinfo/com/util/CommonUtil.java,arisuinfo.com.eltSanctn.service.EltSanctnVO,src/main/java/arisuinfo/com/eltSanctn/service/EltSanctnVO.java,IN_SCOPE
src/main/java/arisuinfo/com/util/DateCalcUtil.java,arisuinfo.com.util.StringUtil,src/main/java/arisuinfo/com/util/StringUtil.java,IN_SCOPE
src/main/java/arisuinfo/com/util/DateUtil.java,arisuinfo.com.util.StringUtil,src/main/java/arisuinfo/com/util/StringUtil.java,IN_SCOPE
src/main/java/arisuinfo/com/util/EMailUtil.java,arisuinfo.com.util.StringUtil,src/main/java/arisuinfo/com/util/StringUtil.java,IN_SCOPE
src/main/java/arisuinfo/com/util/EMailUtil.java,arisuinfo.cm.cntc.mapper.EMailSndngMapper,src/main/java/arisuinfo/cm/cntc/mapper/EMailSndngMapper.java,IN_SCOPE
src/main/java/arisuinfo/com/util/EMailUtil.java,arisuinfo.cm.cntc.vo.EMailAttachFileVO,src/main/java/arisuinfo/cm/cntc/vo/EMailAttachFileVO.java,IN_SCOPE
src/main/java/arisuinfo/com/util/EMailUtil.java,arisuinfo.cm.cntc.vo.EMailAuxVO,src/main/java/arisuinfo/cm/cntc/vo/EMailAuxVO.java,IN_SCOPE
src/main/java/arisuinfo/com/util/EMailUtil.java,arisuinfo.cm.cntc.vo.EMailSndngVO,src/main/java/arisuinfo/cm/cntc/vo/EMailSndngVO.java,IN_SCOPE
src/main/java/arisuinfo/com/util/EMailUtil.java,arisuinfo.com.id.ArisuTableIdGnrService,src/main/java/arisuinfo/com/id/ArisuTableIdGnrService.java,IN_SCOPE
src/main/java/arisuinfo/com/util/NewGpkiUtil.java,arisuinfo.com.util.StringUtil,src/main/java/arisuinfo/com/util/StringUtil.java,IN_SCOPE
src/main/java/arisuinfo/com/util/SessionUtil.java,arisuinfo.com.security.SsoUserDetails,src/main/java/arisuinfo/com/security/SsoUserDetails.java,IN_SCOPE
src/main/java/arisuinfo/com/util/SessionUtil.java,arisuinfo.com.service.LoginVO,src/main/java/arisuinfo/com/service/LoginVO.java,IN_SCOPE
src/main/java/arisuinfo/com/util/SftpUtil2.java,arisuinfo.com.util.StringUtil,src/main/java/arisuinfo/com/util/StringUtil.java,IN_SCOPE
src/main/java/arisuinfo/com/util/UmsUtil.java,arisuinfo.com.util.StringUtil,src/main/java/arisuinfo/com/util/StringUtil.java,IN_SCOPE
src/main/java/arisuinfo/com/util/UmsUtil.java,arisuinfo.cm.cntc.mapper.UmsSndngMapper,src/main/java/arisuinfo/cm/cntc/mapper/UmsSndngMapper.java,IN_SCOPE
src/main/java/arisuinfo/com/util/UmsUtil.java,arisuinfo.cm.cntc.vo.UmsSndngVO,src/main/java/arisuinfo/cm/cntc/vo/UmsSndngVO.java,IN_SCOPE
src/main/java/arisuinfo/com/util/UmsUtil.java,arisuinfo.cm.oper.vo.UmsSndngHstVO,src/main/java/arisuinfo/cm/oper/vo/UmsSndngHstVO.java,IN_SCOPE
src/main/java/arisuinfo/com/util/UmsUtil.java,arisuinfo.com.exception.BizException,src/main/java/arisuinfo/com/exception/BizException.java,IN_SCOPE
src/main/java/arisuinfo/com/util/UmsUtil.java,arisuinfo.com.fileUpload.mapper.FileUploadMapper,src/main/java/arisuinfo/com/fileUpload/mapper/FileUploadMapper.java,IN_SCOPE
src/main/java/arisuinfo/com/util/UmsUtil.java,arisuinfo.com.fileUpload.service.FileUploadVO,src/main/java/arisuinfo/com/fileUpload/service/FileUploadVO.java,IN_SCOPE
src/main/java/arisuinfo/com/util/UmsUtil.java,arisuinfo.common.ria.nexacro.map.DataSetMap,src/main/java/arisuinfo/common/ria/nexacro/map/DataSetMap.java,IN_SCOPE
src/main/java/arisuinfo/com/web/BaseController.java,arisuinfo.com.service.NexacroServiceExecutor,src/main/java/arisuinfo/com/service/NexacroServiceExecutor.java,IN_SCOPE
src/main/java/arisuinfo/com/web/BaseController.java,arisuinfo.common.ria.nexacro.NexacroConstant,src/main/java/arisuinfo/common/ria/nexacro/NexacroConstant.java,IN_SCOPE
src/main/java/arisuinfo/com/web/BaseController.java,arisuinfo.common.ria.nexacro.map.NexacroMapDTO,src/main/java/arisuinfo/common/ria/nexacro/map/NexacroMapDTO.java,IN_SCOPE
src/main/java/arisuinfo/com/web/MessageUtilController.java,arisuinfo.com.util.StringUtil,src/main/java/arisuinfo/com/util/StringUtil.java,IN_SCOPE
src/main/java/arisuinfo/com/web/MessageUtilController.java,arisuinfo.common.ria.nexacro.NexacroConstant,src/main/java/arisuinfo/common/ria/nexacro/NexacroConstant.java,IN_SCOPE
src/main/java/arisuinfo/com/web/MessageUtilController.java,arisuinfo.common.ria.nexacro.map.DataSetMap,src/main/java/arisuinfo/common/ria/nexacro/map/DataSetMap.java,IN_SCOPE
src/main/java/arisuinfo/com/web/MessageUtilController.java,arisuinfo.common.ria.nexacro.map.NexacroMapDTO,src/main/java/arisuinfo/common/ria/nexacro/map/NexacroMapDTO.java,IN_SCOPE
src/main/java/arisuinfo/common/aop/ConnectionHistoryAspect.java,arisuinfo.cm.oper.service.CntcMngService,src/main/java/arisuinfo/cm/oper/service/CntcMngService.java,IN_SCOPE
src/main/java/arisuinfo/common/clipreport/config/ClipReportLicenseInitializer.java,arisuinfo.com.util.StringUtil,src/main/java/arisuinfo/com/util/StringUtil.java,IN_SCOPE
src/main/java/arisuinfo/common/clipreport/service/ClipReportService.java,arisuinfo.common.ria.nexacro.map.DataSetMap,src/main/java/arisuinfo/common/ria/nexacro/map/DataSetMap.java,IN_SCOPE
src/main/java/arisuinfo/common/clipreport/service/impl/ClipReportServiceImpl.java,arisuinfo.com.util.StringUtil,src/main/java/arisuinfo/com/util/StringUtil.java,IN_SCOPE
src/main/java/arisuinfo/common/clipreport/service/impl/ClipReportServiceImpl.java,arisuinfo.com.fileUpload.mapper.FileUploadMapper,src/main/java/arisuinfo/com/fileUpload/mapper/FileUploadMapper.java,IN_SCOPE
src/main/java/arisuinfo/common/clipreport/service/impl/ClipReportServiceImpl.java,arisuinfo.com.fileUpload.service.FileUploadVO,src/main/java/arisuinfo/com/fileUpload/service/FileUploadVO.java,IN_SCOPE
src/main/java/arisuinfo/common/clipreport/service/impl/ClipReportServiceImpl.java,arisuinfo.com.fileUpload.service.impl.FileUploadServiceImpl,src/main/java/arisuinfo/com/fileUpload/service/impl/FileUploadServiceImpl.java,IN_SCOPE
src/main/java/arisuinfo/common/clipreport/service/impl/ClipReportServiceImpl.java,arisuinfo.com.util.CommonUtil,src/main/java/arisuinfo/com/util/CommonUtil.java,IN_SCOPE
src/main/java/arisuinfo/common/clipreport/service/impl/ClipReportServiceImpl.java,arisuinfo.com.util.DateUtil,src/main/java/arisuinfo/com/util/DateUtil.java,IN_SCOPE
src/main/java/arisuinfo/common/clipreport/service/impl/ClipReportServiceImpl.java,arisuinfo.com.util.EMailUtil,src/main/java/arisuinfo/com/util/EMailUtil.java,IN_SCOPE
src/main/java/arisuinfo/common/clipreport/service/impl/ClipReportServiceImpl.java,arisuinfo.com.util.SessionUtil,src/main/java/arisuinfo/com/util/SessionUtil.java,IN_SCOPE
src/main/java/arisuinfo/common/clipreport/service/impl/ClipReportServiceImpl.java,arisuinfo.com.util.UmsUtil,src/main/java/arisuinfo/com/util/UmsUtil.java,IN_SCOPE
src/main/java/arisuinfo/common/clipreport/service/impl/ClipReportServiceImpl.java,arisuinfo.cm.cntc.vo.UmsSndngVO,src/main/java/arisuinfo/cm/cntc/vo/UmsSndngVO.java,IN_SCOPE
src/main/java/arisuinfo/common/clipreport/service/impl/ClipReportServiceImpl.java,arisuinfo.common.clipreport.service.ClipReportService,src/main/java/arisuinfo/common/clipreport/service/ClipReportService.java,IN_SCOPE
src/main/java/arisuinfo/common/clipreport/service/impl/ClipReportServiceImpl.java,arisuinfo.common.ria.nexacro.map.DataSetMap,src/main/java/arisuinfo/common/ria/nexacro/map/DataSetMap.java,IN_SCOPE
src/main/java/arisuinfo/common/clipreport/web/ClipReportController.java,arisuinfo.com.web.BaseController,src/main/java/arisuinfo/com/web/BaseController.java,IN_SCOPE
src/main/java/arisuinfo/common/clipreport/web/ClipReportController.java,arisuinfo.common.clipreport.service.ClipReportService,src/main/java/arisuinfo/common/clipreport/service/ClipReportService.java,IN_SCOPE
src/main/java/arisuinfo/common/clipreport/web/ClipReportController.java,arisuinfo.common.ria.nexacro.map.NexacroMapDTO,src/main/java/arisuinfo/common/ria/nexacro/map/NexacroMapDTO.java,IN_SCOPE
src/main/java/arisuinfo/common/config/EgovConfigSpringSecurity.java,arisuinfo.cm.login.service.LoginService,src/main/java/arisuinfo/cm/login/service/LoginService.java,IN_SCOPE
src/main/java/arisuinfo/common/config/EgovConfigSpringSecurity.java,arisuinfo.com.security.*,,EXTERNAL_REVIEW
src/main/java/arisuinfo/common/config/EgovConfigWeb.java,arisuinfo.common.interceptor.RequestEncodingInterceptor,src/main/java/arisuinfo/common/interceptor/RequestEncodingInterceptor.java,IN_SCOPE
src/main/java/arisuinfo/common/config/EgovConfigWeb.java,arisuinfo.common.pagination.EgovPaginationDialect,src/main/java/arisuinfo/common/pagination/EgovPaginationDialect.java,IN_SCOPE
src/main/java/arisuinfo/common/config/EgovConfigWeb.java,arisuinfo.common.ria.support.CustomRiaArgumentResolver,src/main/java/arisuinfo/common/ria/support/CustomRiaArgumentResolver.java,IN_SCOPE
src/main/java/arisuinfo/common/config/NexacroConfig.java,arisuinfo.com.properties.NexacroProperties,src/main/java/arisuinfo/com/properties/NexacroProperties.java,IN_SCOPE
src/main/java/arisuinfo/common/config/NexacroConfig.java,arisuinfo.common.ria.nexacro.map.NexacroAdaptorImp,src/main/java/arisuinfo/common/ria/nexacro/map/NexacroAdaptorImp.java,IN_SCOPE
src/main/java/arisuinfo/common/config/NexacroConfig.java,arisuinfo.common.ria.nexacro.map.NexacroMapView,src/main/java/arisuinfo/common/ria/nexacro/map/NexacroMapView.java,IN_SCOPE
src/main/java/arisuinfo/common/config/NexacroConfig.java,arisuinfo.common.ria.nexacro.vo.NexacroAdaptorVOImp,src/main/java/arisuinfo/common/ria/nexacro/vo/NexacroAdaptorVOImp.java,IN_SCOPE
src/main/java/arisuinfo/common/config/NexacroConfig.java,arisuinfo.common.ria.nexacro.vo.NexacroObjectView,src/main/java/arisuinfo/common/ria/nexacro/vo/NexacroObjectView.java,IN_SCOPE
src/main/java/arisuinfo/common/config/NexacroConfig.java,arisuinfo.common.ria.support.CustomRiaArgumentResolver,src/main/java/arisuinfo/common/ria/support/CustomRiaArgumentResolver.java,IN_SCOPE
src/main/java/arisuinfo/common/config/TableIdGnrConfig.java,arisuinfo.com.id.TableIdGnrServiceFactoryBean,src/main/java/arisuinfo/com/id/TableIdGnrServiceFactoryBean.java,IN_SCOPE
src/main/java/arisuinfo/common/crypto/SmartGcTokenUtil.java,arisuinfo.com.exception.BizException,src/main/java/arisuinfo/com/exception/BizException.java,IN_SCOPE
src/main/java/arisuinfo/common/crypto/SmartGcTokenUtil.java,arisuinfo.com.util.SessionUtil,src/main/java/arisuinfo/com/util/SessionUtil.java,IN_SCOPE
src/main/java/arisuinfo/common/exception/GlobalExceptionHandler.java,arisuinfo.com.exception.ArisuBizException,src/main/java/arisuinfo/com/exception/ArisuBizException.java,IN_SCOPE
src/main/java/arisuinfo/common/exception/GlobalExceptionHandler.java,arisuinfo.com.exception.BizException,src/main/java/arisuinfo/com/exception/BizException.java,IN_SCOPE
src/main/java/arisuinfo/common/exception/GlobalExceptionHandler.java,arisuinfo.common.ria.nexacro.NexacroConstant,src/main/java/arisuinfo/common/ria/nexacro/NexacroConstant.java,IN_SCOPE
src/main/java/arisuinfo/common/interceptor/RequestEncodingInterceptor.java,arisuinfo.common.annotation.RequestEncoding,src/main/java/arisuinfo/common/annotation/RequestEncoding.java,IN_SCOPE
src/main/java/arisuinfo/common/raonkeditor/config/RaonKEditorFilterConfig.java,arisuinfo.common.raonkeditor.filter.PermissionsPolicyFilter,src/main/java/arisuinfo/common/raonkeditor/filter/PermissionsPolicyFilter.java,IN_SCOPE
src/main/java/arisuinfo/common/raonkeditor/config/RaonKEditorFilterConfig.java,arisuinfo.common.raonkeditor.filter.RaonKEditorFilter,src/main/java/arisuinfo/common/raonkeditor/filter/RaonKEditorFilter.java,IN_SCOPE
src/main/java/arisuinfo/common/ria/nexacro/map/DataSetMap.java,arisuinfo.common.ria.nexacro.NexacroConstant,src/main/java/arisuinfo/common/ria/nexacro/NexacroConstant.java,IN_SCOPE
src/main/java/arisuinfo/common/ria/nexacro/map/NexacroAdaptorImp.java,arisuinfo.com.util.StringUtil,src/main/java/arisuinfo/com/util/StringUtil.java,IN_SCOPE
src/main/java/arisuinfo/common/ria/nexacro/map/NexacroAdaptorImp.java,arisuinfo.common.ria.support.NexacroAdaptor,src/main/java/arisuinfo/common/ria/support/NexacroAdaptor.java,IN_SCOPE
src/main/java/arisuinfo/common/ria/nexacro/map/NexacroMapDTO.java,arisuinfo.com.util.StringUtil,src/main/java/arisuinfo/com/util/StringUtil.java,IN_SCOPE
src/main/java/arisuinfo/common/ria/nexacro/map/NexacroMapDTO.java,arisuinfo.common.ria.nexacro.NexacroConstant,src/main/java/arisuinfo/common/ria/nexacro/NexacroConstant.java,IN_SCOPE
src/main/java/arisuinfo/common/ria/nexacro/map/NexacroMapView.java,arisuinfo.common.ria.nexacro.ConvertDataType,src/main/java/arisuinfo/common/ria/nexacro/ConvertDataType.java,IN_SCOPE
src/main/java/arisuinfo/common/ria/nexacro/map/NexacroMapView.java,arisuinfo.common.ria.nexacro.NexacroConstant,src/main/java/arisuinfo/common/ria/nexacro/NexacroConstant.java,IN_SCOPE
src/main/java/arisuinfo/common/ria/nexacro/vo/ClassInfo.java,arisuinfo.com.util.StringUtil,src/main/java/arisuinfo/com/util/StringUtil.java,IN_SCOPE
src/main/java/arisuinfo/common/ria/nexacro/vo/DataSetVOMapping.java,arisuinfo.common.ria.nexacro.ConvertDataType,src/main/java/arisuinfo/common/ria/nexacro/ConvertDataType.java,IN_SCOPE
src/main/java/arisuinfo/common/ria/nexacro/vo/NexacroAdaptorVOImp.java,arisuinfo.common.ria.support.NexacroAdaptor,src/main/java/arisuinfo/common/ria/support/NexacroAdaptor.java,IN_SCOPE
src/main/java/arisuinfo/common/ria/nexacro/vo/NexacroObjectDTO.java,arisuinfo.common.ria.nexacro.NexacroConstant,src/main/java/arisuinfo/common/ria/nexacro/NexacroConstant.java,IN_SCOPE
src/main/java/arisuinfo/common/ria/nexacro/vo/NexacroObjectView.java,arisuinfo.common.ria.nexacro.ConvertDataType,src/main/java/arisuinfo/common/ria/nexacro/ConvertDataType.java,IN_SCOPE
src/main/java/arisuinfo/common/ria/nexacro/vo/NexacroObjectView.java,arisuinfo.common.ria.nexacro.NexacroConstant,src/main/java/arisuinfo/common/ria/nexacro/NexacroConstant.java,IN_SCOPE
src/main/java/arisuinfo/common/ria/support/CustomRiaArgumentResolver.java,arisuinfo.cm.myPage.service.MkeyHistService,src/main/java/arisuinfo/cm/myPage/service/MkeyHistService.java,IN_SCOPE
src/main/java/arisuinfo/common/ria/support/CustomRiaArgumentResolver.java,arisuinfo.com.util.SessionUtil,src/main/java/arisuinfo/com/util/SessionUtil.java,IN_SCOPE
src/main/java/arisuinfo/common/ria/support/NexacroAdaptor.java,arisuinfo.com.util.StringUtil,src/main/java/arisuinfo/com/util/StringUtil.java,IN_SCOPE
src/main/java/arisuinfo/common/schedule/ScheduleTask.java,arisuinfo.yg.cc.service.FileReqService,,EXTERNAL_REVIEW
src/main/java/arisuinfo/common/schedule/ScheduleTask.java,arisuinfo.cm.bbs.service.BbsNtcMngService,src/main/java/arisuinfo/cm/bbs/service/BbsNtcMngService.java,IN_SCOPE
src/main/java/arisuinfo/common/schedule/ScheduleTask.java,arisuinfo.cm.bbs.vo.BbsNtcMngVO,src/main/java/arisuinfo/cm/bbs/vo/BbsNtcMngVO.java,IN_SCOPE
src/main/java/arisuinfo/common/schedule/ScheduleTask.java,arisuinfo.common.sse.service.CmSseService,src/main/java/arisuinfo/common/sse/service/CmSseService.java,IN_SCOPE
src/main/java/arisuinfo/common/sse/service/impl/CmSseServiceImpl.java,arisuinfo.common.sse.service.CmSseService,src/main/java/arisuinfo/common/sse/service/CmSseService.java,IN_SCOPE
src/main/java/arisuinfo/common/sse/web/CmSseController.java,arisuinfo.common.sse.service.CmSseService,src/main/java/arisuinfo/common/sse/service/CmSseService.java,IN_SCOPE
src/main/java/arisuinfo/common/xeni/XeniExportExtendService.java,arisuinfo.com.util.StringUtil,src/main/java/arisuinfo/com/util/StringUtil.java,IN_SCOPE
src/main/java/arisuinfo/common/xeni/XeniExportExtendService.java,arisuinfo.com.fileUpload.mapper.FileUploadMapper,src/main/java/arisuinfo/com/fileUpload/mapper/FileUploadMapper.java,IN_SCOPE
src/main/java/arisuinfo/common/xeni/XeniExportExtendService.java,arisuinfo.com.fileUpload.service.FileUploadVO,src/main/java/arisuinfo/com/fileUpload/service/FileUploadVO.java,IN_SCOPE
src/main/java/arisuinfo/common/xeni/XeniExportExtendService.java,arisuinfo.com.fileUpload.service.impl.FileUploadServiceImpl,src/main/java/arisuinfo/com/fileUpload/service/impl/FileUploadServiceImpl.java,IN_SCOPE
src/main/java/arisuinfo/common/xeni/XeniExportExtendService.java,arisuinfo.com.util.DateUtil,src/main/java/arisuinfo/com/util/DateUtil.java,IN_SCOPE
src/main/java/arisuinfo/common/xeni/XeniExportExtendService.java,arisuinfo.com.util.SessionUtil,src/main/java/arisuinfo/com/util/SessionUtil.java,IN_SCOPE
