scope,source,encoding,sha256,status
java-cm,src/main/java/arisuinfo/cm/auth/auth/enums/AuthWorkTypeCd.java,utf-8-sig,484f2c521ca802234b89f54bd56e244484b0aca086ffddbb997f0a73c34c6fd4,NOT_VERIFIED
java-cm,src/main/java/arisuinfo/cm/auth/auth/enums/ProcStatusCd.java,utf-8-sig,fa88420a30af3254137959fe1dc58098453954bbebeb9ca0996380b483aa02ac,NOT_VERIFIED
java-cm,src/main/java/arisuinfo/cm/auth/auth/enums/ReqSeCd.java,utf-8-sig,ed81e52a74f16382ef7128fad7da114ef2c77f631e0724701d685e5ffb939969,NOT_VERIFIED
java-cm,src/main/java/arisuinfo/cm/auth/auth/mapper/AuthChgHstryMapper.java,utf-8-sig,b2d34e0584182e80833b09f956b5f4ecb4428bf89fe2e7a02e1e41709a85dae0,NOT_VERIFIED
java-cm,src/main/java/arisuinfo/cm/auth/auth/mapper/AuthMapper.java,utf-8-sig,9e8d90e0e5635aede4c216ca463254cc7a32546692cc5ac93fdb22ee42b5f97a,NOT_VERIFIED
java-cm,src/main/java/arisuinfo/cm/auth/auth/mapper/AuthMenuMapper.java,utf-8-sig,f25c76c4d88ade7108c63ecd6042f0ba884bc279858366f09eb574eae899e330,NOT_VERIFIED
java-cm,src/main/java/arisuinfo/cm/auth/auth/mapper/AuthUsrMapper.java,utf-8-sig,9e8501100767b7fbbd4fed6d6a2f4ae07bf4fe2a2420a4a4a72a326cd5c4b661,NOT_VERIFIED
java-cm,src/main/java/arisuinfo/cm/auth/auth/service/AuthAplyService.java,utf-8-sig,254e3a129bba532c6e7787133fd9a82081d3c1d42d03571fe6507a918a16057f,NOT_VERIFIED
java-cm,src/main/java/arisuinfo/cm/auth/auth/service/AuthChgHstryService.java,utf-8-sig,08a047e8fe88aa58c8866a5587b80b6660c166b6ab0f505403d780bde38d2c6e,NOT_VERIFIED
java-cm,src/main/java/arisuinfo/cm/auth/auth/service/AuthMenuService.java,utf-8-sig,68831d1efafee0499da45b2df1f090d823268a00544ca20985b96b7a2a8a5951,NOT_VERIFIED
java-cm,src/main/java/arisuinfo/cm/auth/auth/service/AuthService.java,utf-8-sig,325814105342c9f6bc24e0ac85719b2e11580beb8ddd394cc2c2cfc8596830ec,NOT_VERIFIED
java-cm,src/main/java/arisuinfo/cm/auth/auth/service/AuthUserService.java,utf-8-sig,0cc8422bf08286da99cb75133b408b8fa12ca5a8fcbad0a8a65ae43a066eea8b,NOT_VERIFIED
java-cm,src/main/java/arisuinfo/cm/auth/auth/service/impl/AuthAplyServiceImpl.java,utf-8-sig,a89b2f58a2c5ac3e13de8411aa95c81117e072c09ce54eacc1250ecc2bfd7233,NOT_VERIFIED
java-cm,src/main/java/arisuinfo/cm/auth/auth/service/impl/AuthChgHstryServiceImpl.java,utf-8-sig,34c4003cc6959c8f9f4f760693793d18a894922d4b7e01608a683872b13a04f4,NOT_VERIFIED
java-cm,src/main/java/arisuinfo/cm/auth/auth/service/impl/AuthMenuServiceImpl.java,utf-8-sig,0c268b8342f28133717ea5fb1105eba41ecdc6bcb387daedf20f753ed81be27f,NOT_VERIFIED
java-cm,src/main/java/arisuinfo/cm/auth/auth/service/impl/AuthServiceImpl.java,utf-8-sig,7359e36cfc8ee08d894fd1962f2e06e8382f459f4df5c5ecf02ebe7e306353de,NOT_VERIFIED
java-cm,src/main/java/arisuinfo/cm/auth/auth/service/impl/AuthUserServiceImpl.java,utf-8-sig,2dba1096d14ffd026aa0300dd1a17d7210926d72340d402d625ce89a29d7b2bc,NOT_VERIFIED
java-cm,src/main/java/arisuinfo/cm/auth/auth/vo/AuthAplyVO.java,utf-8-sig,0be34130c05d1f08bf8bbb8140037661b6bccc5a77a93941d2774001c0ddafa4,NOT_VERIFIED
java-cm,src/main/java/arisuinfo/cm/auth/auth/vo/AuthBaseVO.java,utf-8-sig,67c5bf3c518f620367c926e6242e1cd714c1733c5d7731f3bb707d97a78fd73c,NOT_VERIFIED
java-cm,src/main/java/arisuinfo/cm/auth/auth/vo/AuthClsfBaseVO.java,utf-8-sig,55b817caebd5f2ecbb0b64e6f7078d36a46752853fcf1329fa66ca1d3ee3e7ad,NOT_VERIFIED
java-cm,src/main/java/arisuinfo/cm/auth/auth/vo/AuthClsfVO.java,utf-8-sig,7ce2a1dd8c343aa7ddaab392ea76b866ec4b414e1184dcb6f4744a4b6c75ea79,NOT_VERIFIED
java-cm,src/main/java/arisuinfo/cm/auth/auth/vo/AuthRelVO.java,utf-8-sig,2cf43942114b2c08be964590d77cb417bd49e64572abbe8f58634f3e102bc129,NOT_VERIFIED
java-cm,src/main/java/arisuinfo/cm/auth/auth/vo/AuthSaveVO.java,utf-8-sig,db1ae9046c35c2518fe24a0eea97c7719a68b385e7479fb74894a64e8645f4f7,NOT_VERIFIED
java-cm,src/main/java/arisuinfo/cm/auth/auth/vo/AuthSearchVO.java,utf-8-sig,4769977b6ffef1e5c078a11b459a7ba175e29af4a1fae2d360c2cd0c5d764965,NOT_VERIFIED
java-cm,src/main/java/arisuinfo/cm/auth/auth/vo/AuthTreeVO.java,utf-8-sig,eb8b0e9a6136aa764dce5662f80d2c782dee56c24832acdaafda00e4fe8e4405,NOT_VERIFIED
java-cm,src/main/java/arisuinfo/cm/auth/auth/vo/AuthVO.java,utf-8-sig,84e5a685f77037c64a850f01423cfab8b62aa09e1fa717dd79bcda165fa66c24,NOT_VERIFIED
java-cm,src/main/java/arisuinfo/cm/auth/auth/vo/menu/AuthMenuTreeVO.java,utf-8-sig,73cf78cca85e2b1e9fd512012c2d8007bbe4e4026d3ec512fff007a67d249ee7,NOT_VERIFIED
java-cm,src/main/java/arisuinfo/cm/auth/auth/vo/menu/AuthMenuVO.java,utf-8-sig,189e70fcf5c16351bfdb7902cf30a31942cf202d196c9bb574462869211d12dd,NOT_VERIFIED
java-cm,src/main/java/arisuinfo/cm/auth/auth/vo/menu/AuthPgmBaseVO.java,utf-8-sig,53a9eda17d54cf2ed12cc7fc59c27ede5cb78951b635678ea6d3e432aad14274,NOT_VERIFIED
java-cm,src/main/java/arisuinfo/cm/auth/auth/vo/menu/AuthPgmKeyVO.java,utf-8-sig,756fe1fb226ae43cbc6a1670becb55f14f3cdd2607a9b20f92a26eb2654d827b,NOT_VERIFIED
java-cm,src/main/java/arisuinfo/cm/auth/auth/vo/menu/AuthPgmVO.java,utf-8-sig,9425c5498a9f2abb8bc8e45ea4839b6ae55d123ffbc0060a38921387db8eeff9,NOT_VERIFIED
java-cm,src/main/java/arisuinfo/cm/auth/auth/vo/user/AuthUsrBaseVO.java,utf-8-sig,b22fbc0bc0319051f64c9a672e47c112644404fd41e75f6d6624e15a893e84c6,NOT_VERIFIED
java-cm,src/main/java/arisuinfo/cm/auth/auth/vo/user/AuthUsrSearchVO.java,utf-8-sig,f5dd2b159745c0267d99e14d336a3ad44554d7f684f56e0dba629e5d9275a2fd,NOT_VERIFIED
java-cm,src/main/java/arisuinfo/cm/auth/auth/vo/user/AuthUsrVO.java,utf-8-sig,dbbe4f630f18d95d8c07056dbc0dfd5c4d1e2e1fa07ca0bbf7440884fdc551de,NOT_VERIFIED
java-cm,src/main/java/arisuinfo/cm/auth/auth/web/AuthAplyController.java,utf-8-sig,cefc79b62e3e5d1537c4dbae0df56e5d193b4bab38c1a5239f0bad4a9b2a32ec,NOT_VERIFIED
java-cm,src/main/java/arisuinfo/cm/auth/auth/web/AuthController.java,utf-8-sig,be0dca390d9fe73ebbf5e5a3fd3fa5c04beecdde23749d4bb55a64b159aaf3d2,NOT_VERIFIED
java-cm,src/main/java/arisuinfo/cm/auth/menu/mapper/MenuMapper.java,utf-8-sig,50e89a9dce9bb3287ab96bcbd94d2e39b88ed23e345b15499afec5a90eb63611,NOT_VERIFIED
java-cm,src/main/java/arisuinfo/cm/auth/menu/service/impl/MenuServiceImpl.java,utf-8-sig,627d25ac4ff142e96c0b17172ccf12445ee1184acef0456ccec265d3b13bc5ac,NOT_VERIFIED
java-cm,src/main/java/arisuinfo/cm/auth/menu/service/MenuService.java,utf-8-sig,8cb88ef2825f4e688b204a0988013b48f2bb638c2e3681d27375de3609e5d27a,NOT_VERIFIED
java-cm,src/main/java/arisuinfo/cm/auth/menu/vo/MenuAuthVO.java,utf-8-sig,d84c92402a04b788f8234a27364a2d342560934d7fb3bb62f3f3a16a50a13aa8,NOT_VERIFIED
java-cm,src/main/java/arisuinfo/cm/auth/menu/vo/MenuBaseVO.java,utf-8-sig,9e94fbd35bde6ad71f796e16a479605d47391d2f8e73aa9daf0941f6f5909d81,NOT_VERIFIED
java-cm,src/main/java/arisuinfo/cm/auth/menu/vo/MenuInfoVO.java,utf-8-sig,a325664c33e6fb3dbc7c7316ece56736d7f8d04a62b659c6ed9055081e2e5e04,NOT_VERIFIED
java-cm,src/main/java/arisuinfo/cm/auth/menu/vo/MenuSearchVO.java,utf-8-sig,e0e217dbb1452babbe863245b1baa66f6a85f12036d75545e2ba0d0b4ead55cc,NOT_VERIFIED
java-cm,src/main/java/arisuinfo/cm/auth/menu/vo/MenuTreeSearchVO.java,utf-8-sig,24172ac92768f0655dfa7018d87bfa54a45089d108479c6e254b2a7dd01821db,NOT_VERIFIED
java-cm,src/main/java/arisuinfo/cm/auth/menu/vo/MenuTreeVO.java,utf-8-sig,e80bc2c4155a05a26660f442ad6211dd8ea0d24a6c0ba991ddbbb55d2910219a,NOT_VERIFIED
java-cm,src/main/java/arisuinfo/cm/auth/menu/vo/MenuUsrVO.java,utf-8-sig,f6d2d010d54a36285b8234ade08b192118afcca85f4f902bb8a3d48b6f9365e6,NOT_VERIFIED
java-cm,src/main/java/arisuinfo/cm/auth/menu/vo/MenuVO.java,utf-8-sig,1ad47b1c942827e6a5ba7dbf19fb4a5239b459a3199ff6c9b907f21f6ea2576c,NOT_VERIFIED
java-cm,src/main/java/arisuinfo/cm/auth/menu/vo/user/MenuPrgrmDtlVO.java,utf-8-sig,2d4eca690d73610613ee929120a88cf268fb9f9b4e92fcfd67e86ca0003a1c88,NOT_VERIFIED
java-cm,src/main/java/arisuinfo/cm/auth/menu/vo/user/UserMenuTreeVO.java,utf-8-sig,0472f511585b9cbbf452e3bc3437bef552e11fb7db5c336956a2cdd6a0ef5ab5,NOT_VERIFIED
java-cm,src/main/java/arisuinfo/cm/auth/menu/vo/user/UserMenuVO.java,utf-8-sig,5aacd576fa919beeca1d3d58155d8c823c91132fb520b1cff5e28f60d710ca4f,NOT_VERIFIED
java-cm,src/main/java/arisuinfo/cm/auth/menu/vo/user/UserPrgrmBaseVO.java,utf-8-sig,734ab1a1813a9c0180e763f8eea22bde4a99a577cdfd3a8572aeebc23273ec20,NOT_VERIFIED
java-cm,src/main/java/arisuinfo/cm/auth/menu/vo/user/UserPrgrmLmtKeyVO.java,utf-8-sig,2a215b3a7af52cdbc1c7aa1db0ef9d478a61bc9dc652f76de21bfb7e3a955eeb,NOT_VERIFIED
java-cm,src/main/java/arisuinfo/cm/auth/menu/vo/user/UserPrgrmLmtVO.java,utf-8-sig,a2262d91f76399ed3e46475a586a476ab491dd60a6ba371f49426b55993e90ee,NOT_VERIFIED
java-cm,src/main/java/arisuinfo/cm/auth/menu/vo/user/UsrAuthMenuLmtPgmVO.java,utf-8-sig,b9816b252a95c7f2f65781b6a34abdf2e15127fbff716daa0c3c368d7ed7f938,NOT_VERIFIED
java-cm,src/main/java/arisuinfo/cm/auth/menu/vo/user/UsrAuthMenuTreeVO.java,utf-8-sig,608a7c6f82a36812d3911459880a453fbbc68bc6e5582e28720b411735994dd0,NOT_VERIFIED
java-cm,src/main/java/arisuinfo/cm/auth/menu/vo/user/UsrMenuBaseVO.java,utf-8-sig,098f413f648263b2bd185fa3fda83714906b829c7dda86043b318cf11b357991,NOT_VERIFIED
java-cm,src/main/java/arisuinfo/cm/auth/menu/web/MenuController.java,utf-8-sig,661e239e83cec5f893ef9fb9565a94a43a39f14147c263d7ffc525ff3c325f51,NOT_VERIFIED
java-cm,src/main/java/arisuinfo/cm/auth/pgm/mapper/PgmMapper.java,utf-8-sig,ed559ef5c2312309538ff8cb80c05253118f484522dcadf20effb458811384be,NOT_VERIFIED
java-cm,src/main/java/arisuinfo/cm/auth/pgm/service/impl/PgmServiceImpl.java,utf-8-sig,0d885e7b0ffda78fc852d1edeb795b78c223c8dbde4cd1c8f276568d48a8c047,NOT_VERIFIED
java-cm,src/main/java/arisuinfo/cm/auth/pgm/service/PgmService.java,utf-8-sig,e4eb1faed2c3fd7b75a6ba955538d32fdcf98bb5de626e94b2d62aa0168f4086,NOT_VERIFIED
java-cm,src/main/java/arisuinfo/cm/auth/pgm/vo/PgmBaseVO.java,utf-8-sig,3883f0ea6598c7d5fc9a1e962c0f0c520ce164f7efce88b389f8cbdb16bcb60a,NOT_VERIFIED
java-cm,src/main/java/arisuinfo/cm/auth/pgm/vo/PgmDtlBaseVO.java,utf-8-sig,d27dd763f1a7a548d82cfa292c9cc81c7899ceccda9b996a6a116d5ccaea7050,NOT_VERIFIED
java-cm,src/main/java/arisuinfo/cm/auth/pgm/vo/PgmDtlVO.java,utf-8-sig,dcebd024b570731f69afc293ea9d953826cc6d856955184fce0956e8ec298e75,NOT_VERIFIED
java-cm,src/main/java/arisuinfo/cm/auth/pgm/vo/PgmInfoVO.java,utf-8-sig,80472796e31eb92ffbb3e9e098b66476191290654cc04afcf67a72d6d34da92e,NOT_VERIFIED
java-cm,src/main/java/arisuinfo/cm/auth/pgm/vo/PgmRelVO.java,utf-8-sig,6a3a1ba145507cc5cd934151c56f949ed59e3f345420ca5b0e23e9755ec1e70d,NOT_VERIFIED
java-cm,src/main/java/arisuinfo/cm/auth/pgm/vo/PgmSaveVO.java,utf-8-sig,6d349395cce8436bb5bea870bf62b6692342d34ea07a966e4a58372cea998bdc,NOT_VERIFIED
java-cm,src/main/java/arisuinfo/cm/auth/pgm/vo/PgmSearchVO.java,utf-8-sig,3df7b7367f52254d931b5fae7cab843de817d4a785bfcf635c81b0aa121eac5b,NOT_VERIFIED
java-cm,src/main/java/arisuinfo/cm/auth/pgm/vo/PgmTreeVO.java,utf-8-sig,2aa445a3768b608b9764ff373e0524f3f87feae36576823fb9f936d6183428e5,NOT_VERIFIED
java-cm,src/main/java/arisuinfo/cm/auth/pgm/vo/PgmVO.java,utf-8-sig,d92631afaf8557918f992dc713a4e2b0c62c0ffabb3cd3a4a09d9885ada9e377,NOT_VERIFIED
java-cm,src/main/java/arisuinfo/cm/auth/pgm/vo/UserPgmSearchVO.java,utf-8-sig,6ba5a9fc7651a2127ca514a8a3d2299da55e4e9480e0f30ec504166ca7601a04,NOT_VERIFIED
java-cm,src/main/java/arisuinfo/cm/auth/pgm/web/PgmController.java,utf-8-sig,629d3b69180c30a98a84d5ccd55abc40cbb47ec60ef98abb884bda02a68b81e5,NOT_VERIFIED
java-cm,src/main/java/arisuinfo/cm/bbs/enums/UtztnTrmsSeCd.java,utf-8-sig,0fb22cefcfea477cbe9a0cbc562a9872a93a30e5909e81c90899c1a19ca12af4,NOT_VERIFIED
java-cm,src/main/java/arisuinfo/cm/bbs/enums/UtztnTrmsStatusCd.java,utf-8-sig,edf12160f041d8ffbb233f00c7e48eb25bea109af016bd1a7c98b4517aea18be,NOT_VERIFIED
java-cm,src/main/java/arisuinfo/cm/bbs/mapper/BbsDocMngMapper.java,utf-8-sig,1ede84cbaa060da758d46e010a5f953ae291dae0762345de647a8172b0a38a78,NOT_VERIFIED
java-cm,src/main/java/arisuinfo/cm/bbs/mapper/BbsFaqMngMapper.java,utf-8-sig,776956e723b0073d36a4a05231cbedab7dbfe1d6e741868ceef5c80469279879,NOT_VERIFIED
java-cm,src/main/java/arisuinfo/cm/bbs/mapper/BbsMngMapper.java,utf-8-sig,1abe65f11f261cddd9d035047cb22fab23257c3aafef0e33c30cb5bcb808705f,NOT_VERIFIED
java-cm,src/main/java/arisuinfo/cm/bbs/mapper/BbsNtcMngMapper.java,utf-8-sig,69f9628fc886a792d123a560df8b5effeeb8e04ba8fabd040c44316b2274ba58,NOT_VERIFIED
java-cm,src/main/java/arisuinfo/cm/bbs/mapper/BbsQnaMngMapper.java,utf-8-sig,ca42a76e9040287d3e980af1177312e9a1f820ef3940b08775848d92b0f5ffa1,NOT_VERIFIED
java-cm,src/main/java/arisuinfo/cm/bbs/mapper/BbsUtztnTrmsAgreMapper.java,utf-8-sig,b5bcd65f9d2ad3057a5508a7567ec9efba30fe8203f1ea90248ef4d34c919238,NOT_VERIFIED
java-cm,src/main/java/arisuinfo/cm/bbs/mapper/BbsUtztnTrmsMapper.java,utf-8-sig,f0ac48e6c1d42dc32545b5b7d4449727aac91dc77f9694e781d79a6f93381828,NOT_VERIFIED
java-cm,src/main/java/arisuinfo/cm/bbs/service/BbsDocMngService.java,utf-8-sig,bef371bb5a0bf6d72a78efe8a4024ad67f53a5554970ed2e866f580b0ada26da,NOT_VERIFIED
java-cm,src/main/java/arisuinfo/cm/bbs/service/BbsFaqMngService.java,utf-8-sig,60a3c693fe641459b1e63eee93978f754a627abd35e1def9ea1ff48f33f169c1,NOT_VERIFIED
java-cm,src/main/java/arisuinfo/cm/bbs/service/BbsMngService.java,utf-8-sig,4053619e0b8a59448af833a1b6689a2f99c207a96544c564531b78588429bbae,NOT_VERIFIED
java-cm,src/main/java/arisuinfo/cm/bbs/service/BbsNtcMngService.java,utf-8-sig,e3295d31c8b2c62ee138300b54189f34baa412757b7d9f53ce30a272ef485e34,NOT_VERIFIED
java-cm,src/main/java/arisuinfo/cm/bbs/service/BbsQnaMngService.java,utf-8-sig,84460e13b6a285a4f8528a90de90906ff7f0878fdc3ed38f79ed2bf75b0219f1,NOT_VERIFIED
java-cm,src/main/java/arisuinfo/cm/bbs/service/BbsUtztnTrmsAgreService.java,utf-8-sig,3897c491b394fbced129fe0064c0cbd3f91dcdb8932ae1f001e188954b6ee576,NOT_VERIFIED
java-cm,src/main/java/arisuinfo/cm/bbs/service/BbsUtztnTrmsService.java,utf-8-sig,93224e8b9cbcc50c700991c6ed4f0f88b65842a5e2671aaa99add86bae3d463d,NOT_VERIFIED
java-cm,src/main/java/arisuinfo/cm/bbs/service/impl/BbsDocMngServiceImpl.java,utf-8-sig,9129647ffa903726d5b61b72cce48dbcd77cc5a99338a60c98f6e79e5bdf49dc,NOT_VERIFIED
java-cm,src/main/java/arisuinfo/cm/bbs/service/impl/BbsFaqMngServiceImpl.java,utf-8-sig,e928e8e38786ba660ad09a0762b81a1c4e3756456868fd85b664cc1799023421,NOT_VERIFIED
java-cm,src/main/java/arisuinfo/cm/bbs/service/impl/BbsMngServiceImpl.java,utf-8-sig,8b825724d91ae76aa661a01649f68e6784c9cdd3ce65bfc7ef978d4a5fde747f,NOT_VERIFIED
java-cm,src/main/java/arisuinfo/cm/bbs/service/impl/BbsNtcMngServiceImpl.java,utf-8-sig,9ecbf8261a847ce5752191b8e9aad0304510621c9b22b3f15d922fd165b6a5e4,NOT_VERIFIED
java-cm,src/main/java/arisuinfo/cm/bbs/service/impl/BbsQnaMngServiceImpl.java,utf-8-sig,b1354afbbe68892ab4f6fbf4ef67e16c8e3cdcdd3328e13f944424c3a74adff7,NOT_VERIFIED
java-cm,src/main/java/arisuinfo/cm/bbs/service/impl/BbsUtztnTrmsAgreServiceImpl.java,utf-8-sig,ac5105c828fec4ab3da2af422bc12b48fb9628d19cf3d64baa25b567bbd519ad,NOT_VERIFIED
java-cm,src/main/java/arisuinfo/cm/bbs/service/impl/BbsUtztnTrmsServiceImpl.java,utf-8-sig,0b7aa17685bcd52ce8c0705126b454e18bbe6d45f8660e66e562f459059a2a7f,NOT_VERIFIED
java-cm,src/main/java/arisuinfo/cm/bbs/vo/BbsBaseVO.java,utf-8-sig,2ded1591e527c9ff395c363518b46b3addfce6c4b75fd00ea355f4663dfad275,NOT_VERIFIED
java-cm,src/main/java/arisuinfo/cm/bbs/vo/BbsDocMngVO.java,utf-8-sig,5027d46f6c9fb21187625cca725aefa2eaafba401ea4e64eb6eec102958c0ec4,NOT_VERIFIED
java-cm,src/main/java/arisuinfo/cm/bbs/vo/BbsFaqMngVO.java,utf-8-sig,4c654768f0403afefb5a8485e2eef1f21319abcdf4513b41c2eb94dc4f18a649,NOT_VERIFIED
java-cm,src/main/java/arisuinfo/cm/bbs/vo/BbsMngVO.java,utf-8-sig,decacf8fee741e3daf4acade7fe3a458bf0c958692bf03f32771db3280d2c2e5,NOT_VERIFIED
java-cm,src/main/java/arisuinfo/cm/bbs/vo/BbsNtcMngVO.java,utf-8-sig,0c3fb4f7cbd39202ca4ee346990662f2c33df73cdd003c88ee5ed092771f44c7,NOT_VERIFIED
java-cm,src/main/java/arisuinfo/cm/bbs/vo/BbsQnaMngVO.java,utf-8-sig,2781fb5a6516c2b1a5f86526975a6522ccc884b5d5cc73e71fd2ca7edadf4e27,NOT_VERIFIED
java-cm,src/main/java/arisuinfo/cm/bbs/vo/BbsUtztnTrmsAgreSearchVO.java,utf-8-sig,be78c6ef987e9410e4d85982c0b59471181e652a302baecea21ab49c605e1aa8,NOT_VERIFIED
java-cm,src/main/java/arisuinfo/cm/bbs/vo/BbsUtztnTrmsAgreVO.java,utf-8-sig,cd3b2b95ac7e6479d67f0a73eb4eed2678b2e4aa04cd880adc61cede3cb280b5,NOT_VERIFIED
java-cm,src/main/java/arisuinfo/cm/bbs/vo/BbsUtztnTrmsSearchVO.java,utf-8-sig,af1eb1332cbe05e3aa092faaaceece5553072f32255b09e7c20609a28d8adf34,NOT_VERIFIED
java-cm,src/main/java/arisuinfo/cm/bbs/vo/BbsUtztnTrmsVO.java,utf-8-sig,b6e072f32784a5a9a1d2dc5380e922baaafe3ee4ae4c470f9e61bd6af74c45e9,NOT_VERIFIED
java-cm,src/main/java/arisuinfo/cm/bbs/web/BbsDocMngController.java,utf-8-sig,3ea16a6108d864d4f984634606f3a9581a12d2b247335e32f3d300ab2a60cca7,NOT_VERIFIED
java-cm,src/main/java/arisuinfo/cm/bbs/web/BbsFaqMngController.java,utf-8-sig,c73c1433e1ee4a93e92fd0b13c8bd408df79a7932c4674835107398b886d9040,NOT_VERIFIED
java-cm,src/main/java/arisuinfo/cm/bbs/web/BbsMngController.java,utf-8-sig,4452b88110c432e900c38f61aadc3dd6fb2025eb489d45387c104f336aa7640c,NOT_VERIFIED
java-cm,src/main/java/arisuinfo/cm/bbs/web/BbsNtcMngController.java,utf-8-sig,56f60223e9f09511686f8e5b71fdbc7d55bf6ee5624daeb351edbeaa2f15ad0f,NOT_VERIFIED
java-cm,src/main/java/arisuinfo/cm/bbs/web/BbsQnaMngController.java,utf-8-sig,ca32225a5177f40b4dc19a4743f5c4541892618b98405c08b33162994da9310f,NOT_VERIFIED
java-cm,src/main/java/arisuinfo/cm/bbs/web/BbsUtztnTrmsAgreController.java,utf-8-sig,73c0afdfddc519703b71f43bab7af41e6236b39ac720d9fb0c26f3592609df4f,NOT_VERIFIED
java-cm,src/main/java/arisuinfo/cm/bbs/web/BbsUtztnTrmsController.java,utf-8-sig,f3a0458ce9041570d85a3c813b24eca65a598898f99d819ecd33bcc56586cbbc,NOT_VERIFIED
java-cm,src/main/java/arisuinfo/cm/bsis/mapper/BankCdMngMapper.java,utf-8-sig,d6360df5d4520aee3b1dfe68bbdcfb8fa6a465cd1cb05917e639bb14e847dda0,NOT_VERIFIED
java-cm,src/main/java/arisuinfo/cm/bsis/mapper/BasicChrMsgMngMapper.java,utf-8-sig,d07c2bdeec490018fc4e584d0e4356578b995e4b13a1a79de1d46d5c12b4aab4,NOT_VERIFIED
java-cm,src/main/java/arisuinfo/cm/bsis/mapper/CdValMngMapper.java,utf-8-sig,3a8004d2fcea3bfd0eaeafcee7d82dd463f0505f2c256bc5c7e27541e5e22162,NOT_VERIFIED
java-cm,src/main/java/arisuinfo/cm/bsis/mapper/CgStdInfoMngMapper.java,utf-8-sig,3e33be64268f8d824efa764b1ac059ad58b6e6addfd4ae4dad88491e445f8ce9,NOT_VERIFIED
java-cm,src/main/java/arisuinfo/cm/bsis/mapper/CmCdMngMapper.java,utf-8-sig,a832b4990a3fab72287f3b4384fb241fd1c4a8deb1c8448125249f71d1a39c89,NOT_VERIFIED
java-cm,src/main/java/arisuinfo/cm/bsis/mapper/CsCdMngMapper.java,utf-8-sig,9f17458993441cfd9813b08d058a7871dc15f63c55ddd4e69770761f6d76a5fe,NOT_VERIFIED
java-cm,src/main/java/arisuinfo/cm/bsis/mapper/HgyeSmokArvMngMapper.java,utf-8-sig,439c902dc5ea51fbcd33b7ea77ab86466fb50263f354e1d77b38a5b5ab41b1d3,NOT_VERIFIED
java-cm,src/main/java/arisuinfo/cm/bsis/mapper/HolidayMngMapper.java,utf-8-sig,ac0b6c4bab811f8167362ed73235b247117e85bdadf28a4db40e611894de2b1d,NOT_VERIFIED
java-cm,src/main/java/arisuinfo/cm/bsis/mapper/InsttCdMngMapper.java,utf-8-sig,938dc558b20f544f9ceb874e32615a0dad232c434ebd078e5907dcb2c2fa7ab3,NOT_VERIFIED
java-cm,src/main/java/arisuinfo/cm/bsis/mapper/OfficeMngMapper.java,utf-8-sig,165ff8e1a5c39c373947839289bc65f98658f08977fa9032802f21e5e0101cd6,NOT_VERIFIED
java-cm,src/main/java/arisuinfo/cm/bsis/mapper/PrintCnMngMapper.java,utf-8-sig,c2f346d0a5f4ceff60efbb3b03cf1e2d3cb5094a43dc4dd8bd6c777c61d81ded,NOT_VERIFIED
java-cm,src/main/java/arisuinfo/cm/bsis/mapper/PrmtMngMapper.java,utf-8-sig,ebe63b5aea9ab0fe407dc199f20195b85b5d9a7d670d16f4159f5a2269b77ff5,NOT_VERIFIED
java-cm,src/main/java/arisuinfo/cm/bsis/mapper/WorkDayMngMapper.java,utf-8-sig,9dfba81b5cb4adcf761b6afbf1ef45c647faa31ee9b30c6d0e0821d0de6e5582,NOT_VERIFIED
java-cm,src/main/java/arisuinfo/cm/bsis/service/BankCdMngService.java,utf-8-sig,842d8dea678fa69f09397fe7f6a822db8edd96d031de16b18cb621c2686663f7,NOT_VERIFIED
java-cm,src/main/java/arisuinfo/cm/bsis/service/BasicChrMsgMngService.java,utf-8-sig,2908f0c58238dbc6f070d007a4efa28e47401c2a8de91d3ddaa4d0b45b817982,NOT_VERIFIED
java-cm,src/main/java/arisuinfo/cm/bsis/service/CdValMngService.java,utf-8-sig,fd1175693e51d2ad8f23ed570c9184bb0beef8d58f590ab0a3b0bcec6c5c40d5,NOT_VERIFIED
java-cm,src/main/java/arisuinfo/cm/bsis/service/CgStdInfoMngService.java,utf-8-sig,648e97d1c2e634755fde011c53f51011a132b8541a6ca03165575210e9827c19,NOT_VERIFIED
java-cm,src/main/java/arisuinfo/cm/bsis/service/CmCdMngService.java,utf-8-sig,47c9ebc4aeee75b67f919fee350ac6a7aaabcad9ec5196316af0013181d2ce8a,NOT_VERIFIED
java-cm,src/main/java/arisuinfo/cm/bsis/service/CsCdMngService.java,utf-8-sig,ec8b0bc2e039e7b7ac3b9eec4225286f339b9a96371e118dee91498f5ba9d7b8,NOT_VERIFIED
java-cm,src/main/java/arisuinfo/cm/bsis/service/HgyeSmokArvMngService.java,utf-8-sig,e21ef05355c6cc24c91f1097296524e82341e429c984f8efdb80c81bb88be751,NOT_VERIFIED
java-cm,src/main/java/arisuinfo/cm/bsis/service/HolidayMngService.java,utf-8-sig,cca775fa93ad488f405d68d46a40b6aa7b21d155629c02867ffa84f755c5cccd,NOT_VERIFIED
java-cm,src/main/java/arisuinfo/cm/bsis/service/impl/BankCdMngServiceImpl.java,utf-8-sig,57f30aa07ca1c015748f652ba598f042f80db9daf484289aee0a88ce49902e5d,NOT_VERIFIED
java-cm,src/main/java/arisuinfo/cm/bsis/service/impl/BasicChrMsgMngServiceImpl.java,utf-8-sig,6e9438c7bd777513c38b1a788af597e97b5a4ca3f9517ac7c31df3de0d468e28,NOT_VERIFIED
java-cm,src/main/java/arisuinfo/cm/bsis/service/impl/CdValMngServiceImpl.java,utf-8-sig,1d163890dd58e0ea4c919d69bc88d3f9d0d331f7a17614a903ecfbbff7861014,NOT_VERIFIED
java-cm,src/main/java/arisuinfo/cm/bsis/service/impl/CgStdInfoMngServiceImpl.java,utf-8-sig,3862c752d0a74d2d90d9e28b94948f876a5f35563930e0915b9fd1ed4c48eca2,NOT_VERIFIED
java-cm,src/main/java/arisuinfo/cm/bsis/service/impl/CmCdMngServiceImpl.java,utf-8-sig,91d5783da086fbea686a35bebb56933362612781528b7b3ae6148476b94fcde9,NOT_VERIFIED
java-cm,src/main/java/arisuinfo/cm/bsis/service/impl/CsCdMngServiceImpl.java,utf-8-sig,72163dc71c92c0748ed14f0cb7cfbb2f181fc5f2bdc0d6151fa0ed1c89a8007b,NOT_VERIFIED
java-cm,src/main/java/arisuinfo/cm/bsis/service/impl/HgyeSmokArvMngServiceImpl.java,utf-8-sig,b00cfb7411779dc3f7df4800590589d936d663b6527527f13ea05ee328c8fd61,NOT_VERIFIED
java-cm,src/main/java/arisuinfo/cm/bsis/service/impl/HolidayMngServiceImpl.java,utf-8-sig,0efa7f3108d27d5eab610d21716e5341790a7f48820c074ed2cdce3fe6303ac5,NOT_VERIFIED
java-cm,src/main/java/arisuinfo/cm/bsis/service/impl/InsttCdMngServiceImpl.java,utf-8-sig,2615173ba3c532a9ada831def561e548152b429da4f0f18df4691246345725f2,NOT_VERIFIED
java-cm,src/main/java/arisuinfo/cm/bsis/service/impl/OfficeMngServiceImpl.java,utf-8-sig,5931de83d779a824d4cf55b0bd2c3a44c193e166e9817e903ac8d9c51af7ebee,NOT_VERIFIED
java-cm,src/main/java/arisuinfo/cm/bsis/service/impl/PrintCnMngServiceImpl.java,utf-8-sig,c6195d95fbe9fb106dab13a47e18fe2b88e798ac533bf4fe693cec95d96a1929,NOT_VERIFIED
java-cm,src/main/java/arisuinfo/cm/bsis/service/impl/PrmtMngServiceImpl.java,utf-8-sig,b3052ce1b74e61f3308394b3aee10f72b71d18ffafb92c81e21db5dcb4dd93a9,NOT_VERIFIED
java-cm,src/main/java/arisuinfo/cm/bsis/service/impl/WorkDayMngServiceImpl.java,utf-8-sig,5b01c92d84b59b1658ae52f0f49b1af7b8012298ae719cfbf97ba5f405fc5988,NOT_VERIFIED
java-cm,src/main/java/arisuinfo/cm/bsis/service/InsttCdMngService.java,utf-8-sig,af7de53b7fc5fa9b1bcbc2d6231b305f7878faacb38a537dfa6a36ed989d58e3,NOT_VERIFIED
java-cm,src/main/java/arisuinfo/cm/bsis/service/OfficeMngService.java,utf-8-sig,83d6a7184438e9af71cad00150a6b6ee4588600106cdcb5a7bfb7a9a4b1a5609,NOT_VERIFIED
java-cm,src/main/java/arisuinfo/cm/bsis/service/PrintCnMngService.java,utf-8-sig,e313ab5f93e6e1c295589c7707901ba332f768bd21c7fd4c8e542c5352d0d4ca,NOT_VERIFIED
java-cm,src/main/java/arisuinfo/cm/bsis/service/PrmtMngService.java,utf-8-sig,433cbd10a15259b5bbb23d6ca6344c6f7f30b74f1a738ea7a3e225c89e0bc030,NOT_VERIFIED
java-cm,src/main/java/arisuinfo/cm/bsis/service/WorkDayMngService.java,utf-8-sig,0cf61d584ee2e320e7c2230ca2717c5e8e60c51371da280296609f20654b9bdb,NOT_VERIFIED
java-cm,src/main/java/arisuinfo/cm/bsis/vo/BankCdMngVO.java,utf-8-sig,7a9bfc4b205ad51185964fd8abdeaf3ed8f2f0c7f19c4762e8bf6cb09ef00df5,NOT_VERIFIED
java-cm,src/main/java/arisuinfo/cm/bsis/vo/BasicChrMsgMngVO.java,utf-8-sig,ebea2d58d64264278a9d86c480e2c531d59dc61065e30c716658365addd82124,NOT_VERIFIED
java-cm,src/main/java/arisuinfo/cm/bsis/vo/BasicChrMsgSearchVO.java,utf-8-sig,dd6aaa6ba551f491057c035cd133bfe237cce505d28f9a27a6812bceb0a58040,NOT_VERIFIED
java-cm,src/main/java/arisuinfo/cm/bsis/vo/CdValMngVO.java,utf-8-sig,6dfbb7f1325129252b5a14d4399a18f2b04cf648d48b848e187ca57d75b5c9c2,NOT_VERIFIED
java-cm,src/main/java/arisuinfo/cm/bsis/vo/CgRdInfoMngVO.java,utf-8-sig,bd072abde58132a27e4a52d1b6e0668c019f746afaf186be30f7e725bcb69359,NOT_VERIFIED
java-cm,src/main/java/arisuinfo/cm/bsis/vo/CgStdInfoMngSearchVO.java,utf-8-sig,384047b1e6f3873b4d486d70fde94729695486d1b1cb34e788b3eb240e5ad70a,NOT_VERIFIED
java-cm,src/main/java/arisuinfo/cm/bsis/vo/CgStdInfoMngVO.java,utf-8-sig,fd32ccc2e3926787252ac57e19e9f3e1db1f340151116d2c72335c1d5b61f17a,NOT_VERIFIED
java-cm,src/main/java/arisuinfo/cm/bsis/vo/CmCdMngVO.java,utf-8-sig,aa088078d62382505065f7f8b95521e637d0825de0d6c8b5ca778b47e68c6d05,NOT_VERIFIED
java-cm,src/main/java/arisuinfo/cm/bsis/vo/CsCdMngVO.java,utf-8-sig,c806b3da47851b66fca2fded3731ce82a32275f9ecff6dd603162f81222c04c3,NOT_VERIFIED
java-cm,src/main/java/arisuinfo/cm/bsis/vo/HgyeSmokArvMngVO.java,utf-8-sig,79e9c784d61280804cad7d89473be08d60e0c02caa117ffe26d8b1a62a65dfc4,NOT_VERIFIED
java-cm,src/main/java/arisuinfo/cm/bsis/vo/HolidayMngVO.java,utf-8-sig,496450cf4f441a82b3cc8626bef2299031f1ec16f59656f31d2331cac3c6ecd4,NOT_VERIFIED
java-cm,src/main/java/arisuinfo/cm/bsis/vo/InsttCdMngVO.java,utf-8-sig,a893c528b187ab7080e69fb52513528e11e0b866bb3285cfea7df459fd4ce3a8,NOT_VERIFIED
java-cm,src/main/java/arisuinfo/cm/bsis/vo/OfficeMngVO.java,utf-8-sig,4b0a0a11781f18b293aa95adebc963cdfb6691082c9df063f90e340916d5313f,NOT_VERIFIED
java-cm,src/main/java/arisuinfo/cm/bsis/vo/PrintCnMngVO.java,utf-8-sig,e20618d5f8dfd3b6d6a40e499dd13c47aa7e3236fde328cc0f89e20021764506,NOT_VERIFIED
java-cm,src/main/java/arisuinfo/cm/bsis/vo/PrmtMngVO.java,utf-8-sig,2403ffe74ca2e7301569cd280c1812161b4baae183cd27598598abc39a049b2c,NOT_VERIFIED
java-cm,src/main/java/arisuinfo/cm/bsis/vo/WorkDayMngVO.java,utf-8-sig,50042365935bc9d2f553112d20d9d7cffa4aa3c774186b7ce82e26963e3c8e58,NOT_VERIFIED
java-cm,src/main/java/arisuinfo/cm/bsis/web/BankCdMngController.java,utf-8-sig,bbf0a393f2a32a23caf6772ec19c61ccd265edf293a1028072d70a82b3c70619,NOT_VERIFIED
java-cm,src/main/java/arisuinfo/cm/bsis/web/BasicChrMsgMngController.java,utf-8-sig,69f9d68af6262069585e651fad47b805028b17872d8a4d1ae534555bb36db853,NOT_VERIFIED
java-cm,src/main/java/arisuinfo/cm/bsis/web/CdValMngController.java,utf-8-sig,6ea96356bade2a9aa129044cf84f3a748a834b2ed75e9a8b73dc4ed9890a2b73,NOT_VERIFIED
java-cm,src/main/java/arisuinfo/cm/bsis/web/CgStdInfoMngController.java,utf-8-sig,ce873eb47b066c69253c44d873094ebb1dec21aa93bc2b52bc88025b1614e876,NOT_VERIFIED
java-cm,src/main/java/arisuinfo/cm/bsis/web/CmCdMngController.java,utf-8-sig,b4d9af772d610ed9022f7e11227cd286c3f4517b8fdbf6baf3dc4e756d290655,NOT_VERIFIED
java-cm,src/main/java/arisuinfo/cm/bsis/web/CsCdMngController.java,utf-8-sig,372b5a97f1e3c4e08ea2c12e8d9bbd830f0d4d9515b09f8173ba6b3b71338f82,NOT_VERIFIED
java-cm,src/main/java/arisuinfo/cm/bsis/web/HgyeSmokArvMngController.java,utf-8-sig,f35061ed7289c50ed6c8b367d5ce00309605fb35a1dad3e311beb03d22bf9ba1,NOT_VERIFIED
java-cm,src/main/java/arisuinfo/cm/bsis/web/HolidayMngController.java,utf-8-sig,8676a9bb0aa7b7cbe4eb3f1f661eb6c1a571acb03abaaac3dff8f2123d554896,NOT_VERIFIED
java-cm,src/main/java/arisuinfo/cm/bsis/web/InsttCdMngController.java,utf-8-sig,101a3578439a787e1a0425637910d091431d1cc0a68f7568d235fff6e6967236,NOT_VERIFIED
java-cm,src/main/java/arisuinfo/cm/bsis/web/KoreanLunarCalendar.java,utf-8-sig,9a66da1bb13569970511828cdbee73f43b4a97576f67f3fbdab6b38ee1cf2ae0,NOT_VERIFIED
java-cm,src/main/java/arisuinfo/cm/bsis/web/OfficeMngController.java,utf-8-sig,201e275fb622b31d34e80608cca5a2893b7e5f89f775fe07d6668f919514d23e,NOT_VERIFIED
java-cm,src/main/java/arisuinfo/cm/bsis/web/PrintCnMngController.java,utf-8-sig,9545e2d94115c1c4c6d51a5c82d8c8a39321c916731acaf75bdc17b7bca8c6fb,NOT_VERIFIED
java-cm,src/main/java/arisuinfo/cm/bsis/web/PrmtMngController.java,utf-8-sig,d3323ed971a192f53ea3a4af564fc64103596ec8dbf1ec2c310baf7ac24e8b89,NOT_VERIFIED
java-cm,src/main/java/arisuinfo/cm/bsis/web/WorkDayMngController.java,utf-8-sig,4f2201ccf1e5b46c399c92ea534323472e6dab67b2f042c6d01ccf2754a93a16,NOT_VERIFIED
java-cm,src/main/java/arisuinfo/cm/cmPop/mapper/AddrMapper.java,utf-8-sig,63d25d7328be280ee91125f6900db1f94bcf26b5e7f3f697c5a51c6e76b5aab9,NOT_VERIFIED
java-cm,src/main/java/arisuinfo/cm/cmPop/mapper/CmCdMapper.java,utf-8-sig,55c9ad5340129001102943610cdd22ccc721127f7de010d7d0b6e4baf71a07a9,NOT_VERIFIED
java-cm,src/main/java/arisuinfo/cm/cmPop/mapper/CmFileReqMapper.java,utf-8-sig,04531fdd4c1e8e32919067404392e122a8dbd3ac3d3996d909236bdb7106f76d,NOT_VERIFIED
java-cm,src/main/java/arisuinfo/cm/cmPop/mapper/CmSmsSndngMapper.java,utf-8-sig,2a802629b342f9fad3d9da88a6868e675e52b9228661260f1c76518b4bb1d1c8,NOT_VERIFIED
java-cm,src/main/java/arisuinfo/cm/cmPop/service/AddrService.java,utf-8-sig,276da36282b885d284130a55e875eb139ca4634e91a915ba635f5a740e77c276,NOT_VERIFIED
java-cm,src/main/java/arisuinfo/cm/cmPop/service/CmCdService.java,utf-8-sig,df286fd9246426212c2a85f3d60a949127c1b87b34cfb70a4adda2752ce9c828,NOT_VERIFIED
java-cm,src/main/java/arisuinfo/cm/cmPop/service/CmFileReqService.java,utf-8-sig,26460234e5375947df4f3bf11036070a5498ccbe70953b246eda49e47aa80696,NOT_VERIFIED
java-cm,src/main/java/arisuinfo/cm/cmPop/service/CmSmsSndngService.java,utf-8-sig,52125f6f299893265a8357cef0af479579b8b3d7d2d3ed1a00d59dfc95c2206c,NOT_VERIFIED
java-cm,src/main/java/arisuinfo/cm/cmPop/service/impl/AddrServiceImpl.java,utf-8-sig,b716b578262d389d288c2343da86a2bda089b56bde3f3d51370d1254023b145f,NOT_VERIFIED
java-cm,src/main/java/arisuinfo/cm/cmPop/service/impl/CmCdServiceImpl.java,utf-8-sig,18ac5272f9835c23f182f036f44099b9199e227c4f2de9fad08c20ef4b934e50,NOT_VERIFIED
java-cm,src/main/java/arisuinfo/cm/cmPop/service/impl/CmFileReqServiceImpl.java,utf-8-sig,1f924151b816eedf9dc5eef42751b20ba35e3824a1e7db608fe7fc07243f4748,NOT_VERIFIED
java-cm,src/main/java/arisuinfo/cm/cmPop/service/impl/CmSmsSndngServiceImpl.java,utf-8-sig,b6974d5c577300b575f154321708723b57ff665f5746277a68ebe07350cc15c6,NOT_VERIFIED
java-cm,src/main/java/arisuinfo/cm/cmPop/vo/AddrVO.java,utf-8-sig,a61e1f09a8ec59b0f3b922a490c700e6b4f170ea6e1d4e793522555edd4aa153,NOT_VERIFIED
java-cm,src/main/java/arisuinfo/cm/cmPop/vo/CmFileReqVO.java,utf-8-sig,7652d8506dd100c1197c8cb1754a1cdade74d56343bacdaffb89d4cdb639eecb,NOT_VERIFIED
java-cm,src/main/java/arisuinfo/cm/cmPop/web/AddrController.java,utf-8-sig,20dc2fdc6954ebef7e55a57102cb81aae41bf1fd4cee5fd4673b712b6216d176,NOT_VERIFIED
java-cm,src/main/java/arisuinfo/cm/cmPop/web/CmCdController.java,utf-8-sig,bba39b5e7981809b855c55dbbb7689d54afe4ceebced95112ea7af52ca625648,NOT_VERIFIED
java-cm,src/main/java/arisuinfo/cm/cmPop/web/CmFileReqController.java,utf-8-sig,242ddd55efa77295800ef01ef563f0da865446a29aa371c7486987f7c040243d,NOT_VERIFIED
java-cm,src/main/java/arisuinfo/cm/cmPop/web/CmSmsSndngController.java,utf-8-sig,f6f32dbb9dc88c25df5af62dd5eab52a7c8777f6b69681911235bcb544946b61,NOT_VERIFIED
java-cm,src/main/java/arisuinfo/cm/cntc/mapper/EMailSndngMapper.java,utf-8-sig,18b936f47f7013ab6547378c97bc7746c4c20cfad38f8916f51b9b4cddf8ba1e,NOT_VERIFIED
java-cm,src/main/java/arisuinfo/cm/cntc/mapper/UmsSndngMapper.java,utf-8-sig,9124ad48f7633ce50180cbfb84043213287d115c23d3eb5b584302dfa5817671,NOT_VERIFIED
java-cm,src/main/java/arisuinfo/cm/cntc/vo/EMailAttachFileVO.java,utf-8-sig,94b2e5a8f66eec9a400c0cf4e735ec36052d4a0cfac63d95607545723e30e408,NOT_VERIFIED
java-cm,src/main/java/arisuinfo/cm/cntc/vo/EMailAuxVO.java,utf-8-sig,642248a45f10323c9c70de3b53ce56b31f992f0e68e173e012e7cc131711f509,NOT_VERIFIED
java-cm,src/main/java/arisuinfo/cm/cntc/vo/EMailSndngVO.java,utf-8-sig,2cf0f13da46e255019b8d544559732933cf22369629ebd7f3c7d15679ac251a7,NOT_VERIFIED
java-cm,src/main/java/arisuinfo/cm/cntc/vo/UmsSndngVO.java,utf-8-sig,53b3760a7f6e35f164ac5d98335dc6d46f8be0b555626e85a043948982498a33,NOT_VERIFIED
java-cm,src/main/java/arisuinfo/cm/hp/mapper/HpGuideMngMapper.java,utf-8-sig,b458fda259cd95b21279b626ccabe5b3c78e607c54168609a65dc29847453fcd,NOT_VERIFIED
java-cm,src/main/java/arisuinfo/cm/hp/service/HpGuideMngService.java,utf-8-sig,269c27a3ade7738afd3779cae4fb549e8bb08e286d6ab7cb74c2a452b5a5a275,NOT_VERIFIED
java-cm,src/main/java/arisuinfo/cm/hp/service/impl/HpGuideMngServiceImpl.java,utf-8-sig,25a3cf6f712d1093b004e1cb2f0d2557c914fcdd86224defff95d157ce91a337,NOT_VERIFIED
java-cm,src/main/java/arisuinfo/cm/hp/vo/HpGuideMngVO.java,utf-8-sig,974c15f10fa00beccde2d9a49ea3e848fe93c62a8ec3a70d252cb87dddd8e2be,NOT_VERIFIED
java-cm,src/main/java/arisuinfo/cm/hp/web/HpGuideMngController.java,utf-8-sig,991fd93d794b468d89eddd9ab2fcfd56537f963107c3a86eb551d8234041070f,NOT_VERIFIED
java-cm,src/main/java/arisuinfo/cm/login/mapper/LoginMapper.java,utf-8-sig,7830bcbb355ec5d29b210e673858ddc7392d87122a6cd328bdf0954c7fa76d4a,NOT_VERIFIED
java-cm,src/main/java/arisuinfo/cm/login/service/impl/LoginServiceImpl.java,utf-8-sig,39f8ff632e8a15f97eed7c52dc71e5eb823b08179f2ec3230fe7045852c4cf6d,NOT_VERIFIED
java-cm,src/main/java/arisuinfo/cm/login/service/LoginService.java,utf-8-sig,8683e3301017ae210b92baa0d779b95318013762f31d31db36c83300110853ff,NOT_VERIFIED
java-cm,src/main/java/arisuinfo/cm/login/vo/TempLoginVO.java,utf-8-sig,ef98c36ab30dc85046a16e3bbc3fc8749119792f5a92266bc11e0c8a6ccc2897,NOT_VERIFIED
java-cm,src/main/java/arisuinfo/cm/login/web/CustomErrorController.java,utf-8-sig,37f67ddbc592df0cad1258b747a56e8660fdae351ee0355795cfe4d6c0d9136c,NOT_VERIFIED
java-cm,src/main/java/arisuinfo/cm/login/web/LoginController.java,utf-8-sig,43b5909632301e131c27f1fbbf6622448892425adca1ce3a0ab745edc5efab0e,NOT_VERIFIED
java-cm,src/main/java/arisuinfo/cm/main/mapper/CmCdListMapper.java,utf-8-sig,1efea563f736ec8ed065cf465bd21326bc91cebb817907fcaa688528507c4b99,NOT_VERIFIED
java-cm,src/main/java/arisuinfo/cm/main/mapper/DeptListMapper.java,utf-8-sig,21a9dc79c625ba0d108ebf884fb9667d61a39f075b20d66bed6af83bc6180928,NOT_VERIFIED
java-cm,src/main/java/arisuinfo/cm/main/mapper/IseMenuListMapper.java,utf-8-sig,81d572a632e62d63d1d7e6cd17560d7c2848c33522bee693e5018e34faad68d7,NOT_VERIFIED
java-cm,src/main/java/arisuinfo/cm/main/mapper/MainMngMapper.java,utf-8-sig,794a5bbb51dc4d986322a2a03fb767fb3500b99c0e12534fd2ded20ea35afd02,NOT_VERIFIED
java-cm,src/main/java/arisuinfo/cm/main/mapper/OfficeListMapper.java,utf-8-sig,c6bbbe2eb23040d7e130901dcd142af8732cbf6ae933b05cfe618469361c7f75,NOT_VERIFIED
java-cm,src/main/java/arisuinfo/cm/main/service/AuthListService.java,utf-8-sig,a9d9aa7dbb43741c7441a0f92e333dba71228d02a0d53da7c67845193cace82a,NOT_VERIFIED
java-cm,src/main/java/arisuinfo/cm/main/service/CmCdListService.java,utf-8-sig,a8059fff3986a3b419c9c8f146156fc2bc156773f4485d737163ffaa8c44679b,NOT_VERIFIED
java-cm,src/main/java/arisuinfo/cm/main/service/DeptListService.java,utf-8-sig,68ba18193cdc534413b969fda80a1feeaca2a8c81a67f0723d368c0f2baf06d7,NOT_VERIFIED
java-cm,src/main/java/arisuinfo/cm/main/service/impl/AuthListServiceImpl.java,utf-8-sig,dc1c5c0a8509089cf919f67c0c940b08215ef2a253abae81f25203523147cfc1,NOT_VERIFIED
java-cm,src/main/java/arisuinfo/cm/main/service/impl/CmCdListServiceImpl.java,utf-8-sig,3673b94fb379effa629bad147e39e86b187d43b2f8124dcfaf8c59802aecfad6,NOT_VERIFIED
java-cm,src/main/java/arisuinfo/cm/main/service/impl/DeptListServiceImpl.java,utf-8-sig,aa897504c23d1573bda41a75bf7ba8097337bd8279e89fa52ba5901efcc9d9c1,NOT_VERIFIED
java-cm,src/main/java/arisuinfo/cm/main/service/impl/IseMenuListServiceImpl.java,utf-8-sig,7c536d0fe4c4a8aca630fe9944304fcab7e0d696aa479ccbe21b4fb5ea45c812,NOT_VERIFIED
java-cm,src/main/java/arisuinfo/cm/main/service/impl/MainMngServiceImpl.java,utf-8-sig,ff9258f77e139235333702510163d2e0400cfd0a6b9922364eae711b2ce2b0eb,NOT_VERIFIED
java-cm,src/main/java/arisuinfo/cm/main/service/impl/OfficeListServiceImpl.java,utf-8-sig,64100d4effed041bb0c5564a8c3bc3a58839f066ede7cbce3b3d24db625096e9,NOT_VERIFIED
java-cm,src/main/java/arisuinfo/cm/main/service/IseMenuListService.java,utf-8-sig,475e62b2ecbd09d5fdee154a968ead366a2a7f1f2432b004222018a20818e2a7,NOT_VERIFIED
java-cm,src/main/java/arisuinfo/cm/main/service/MainMngService.java,utf-8-sig,60447c6bb7b84224e94030407aed6601fca534133e2d214697f149a1fd30184d,NOT_VERIFIED
java-cm,src/main/java/arisuinfo/cm/main/service/OfficeListService.java,utf-8-sig,d5e01ad0bd188be996d1ccfb9292b96373af904280729ac2a64141d0909582f3,NOT_VERIFIED
java-cm,src/main/java/arisuinfo/cm/main/vo/AuthListVO.java,utf-8-sig,cebe588a7d1efc417fb2b0931beaf55bb8cce49b88e63cc2cb3ffe655756942a,NOT_VERIFIED
java-cm,src/main/java/arisuinfo/cm/main/vo/CmCdListVO.java,utf-8-sig,80bfe0b81a30517823428c91089b20fe044f1025d841e12d39a49a5ec6f17e32,NOT_VERIFIED
java-cm,src/main/java/arisuinfo/cm/main/vo/DeptListVO.java,utf-8-sig,966c50773578f1515762025bef5cb054d615651cccc33571c4a469feb4eca1c5,NOT_VERIFIED
java-cm,src/main/java/arisuinfo/cm/main/vo/IseMenuVO.java,utf-8-sig,25ac22b4b1107726f80d644b1c142dca1a39838d8b84a77a0829749d9c1d09da,NOT_VERIFIED
java-cm,src/main/java/arisuinfo/cm/main/vo/MainMngVO.java,utf-8-sig,8f214575cced229bd827178e8042434df3de48933e9b447789dd5a45818640dc,NOT_VERIFIED
java-cm,src/main/java/arisuinfo/cm/main/vo/OfficeListVO.java,utf-8-sig,b97142b77cc5d0e1ca883d4229a4c938ecc3621b44950018e09298c416a1b32c,NOT_VERIFIED
java-cm,src/main/java/arisuinfo/cm/main/vo/UsrPgmUseHistVO.java,utf-8-sig,f86f1f7708bb7408f7ea6b3b375935bcc42a47feb8232cf914ee126a7d74a507,NOT_VERIFIED
java-cm,src/main/java/arisuinfo/cm/main/web/IseMenuListController.java,utf-8-sig,e15797bf6396fac71557ff01abe44528622bdb959a35b2385263716127f66a19,NOT_VERIFIED
java-cm,src/main/java/arisuinfo/cm/main/web/LogStreamController.java,utf-8-sig,f423813da0da81f68a23a9755783b69378520b6b5e0dba863fc072a115229bde,NOT_VERIFIED
java-cm,src/main/java/arisuinfo/cm/main/web/MainMngController.java,utf-8-sig,e44c87a56bbfddcc3ee7031e8be75bf4f8936a85f90c1cd8ef794f8fa7a75abb,NOT_VERIFIED
java-cm,src/main/java/arisuinfo/cm/myPage/mapper/JobProcHistMapper.java,utf-8-sig,af79ecc7b4c429440f812c6dcd13061fe4ff602596cd3987ac2f8254e99ba79c,NOT_VERIFIED
java-cm,src/main/java/arisuinfo/cm/myPage/mapper/MkeyHistMapper.java,utf-8-sig,973d957802c975e16083fccee87ab5aad6f3a6e2ae1b01949ec07e5ebd3f29fc,NOT_VERIFIED
java-cm,src/main/java/arisuinfo/cm/myPage/mapper/UsrSchdulMngMapper.java,utf-8-sig,2fe3b67760e1cf531adcdbca8eab3c12ea35f36e9f3f3796489bc5672fe35359,NOT_VERIFIED
java-cm,src/main/java/arisuinfo/cm/myPage/service/impl/JobProcHistServiceImpl.java,utf-8-sig,0060930d7d9739a3bbf0da450e01a1193c91a1b49dc23b335e0d6cf08417faf3,NOT_VERIFIED
java-cm,src/main/java/arisuinfo/cm/myPage/service/impl/MkeyHistServiceImpl.java,utf-8-sig,dc4e7ec4e2a9ae9b6386085b002e639fe9465dc73a96236a418b980d056c3ab8,NOT_VERIFIED
java-cm,src/main/java/arisuinfo/cm/myPage/service/impl/UsrSchdulMngServiceImpl.java,utf-8-sig,b026bd2ac6796c5f1b0107e8b4de887ca59e5196ad1436edd4a1f42fbb4dd201,NOT_VERIFIED
java-cm,src/main/java/arisuinfo/cm/myPage/service/JobProcHistService.java,utf-8-sig,61411e038dba65ef600b12bfefbb953f865a52a635395cd0167773dd37c047c8,NOT_VERIFIED
java-cm,src/main/java/arisuinfo/cm/myPage/service/MkeyHistService.java,utf-8-sig,3e4d8d22ba0aae28179d8246628ceddb9434ad664691a6fbbea6675295f5cdf7,NOT_VERIFIED
java-cm,src/main/java/arisuinfo/cm/myPage/service/UsrSchdulMngService.java,utf-8-sig,1ff14edc60aaf7cb9a41fc87fabf80aaa663256d08cd85ea9138f8d81cb0d668,NOT_VERIFIED
java-cm,src/main/java/arisuinfo/cm/myPage/vo/MkeyHistVO.java,utf-8-sig,e1fe41936a19704de1bd09713d5ce9389f8ea486fa46d8debc5681d6c990e741,NOT_VERIFIED
java-cm,src/main/java/arisuinfo/cm/myPage/vo/UsrSchdulVO.java,utf-8-sig,57a6f61973d648435c49172b5afa6b316c221504fd6afc3b3784256ee52450cc,NOT_VERIFIED
java-cm,src/main/java/arisuinfo/cm/myPage/web/JobAlrmController.java,utf-8-sig,907c2a6a2192d6beeda71732bea6fb00be015b5e0158a699b71ab5b94a857292,NOT_VERIFIED
java-cm,src/main/java/arisuinfo/cm/myPage/web/JobProcHistController.java,utf-8-sig,50fa5020383d7d9229c30ae966df384e151d0ecb82ccf7f3e39ea7d27d4df7d5,NOT_VERIFIED
java-cm,src/main/java/arisuinfo/cm/myPage/web/MkeyHistController.java,utf-8-sig,70be3f1461ac94443cdedc3c5a061a4b7156a409d26a014d10c81be95b121278,NOT_VERIFIED
java-cm,src/main/java/arisuinfo/cm/myPage/web/UsrSchdulMngController.java,utf-8-sig,4d5170bf4532c3640847ee8f68de4cd8c0d4643a1fe82a900e1fb60b01aee177,NOT_VERIFIED
java-cm,src/main/java/arisuinfo/cm/oper/mapper/BillFormHistMapper.java,utf-8-sig,6db8a1772bcd13113b7d0aa3b59153bbf0d61f1c2274dd058f57ab6abd085ab7,NOT_VERIFIED
java-cm,src/main/java/arisuinfo/cm/oper/mapper/CntcMngMapper.java,utf-8-sig,8cba7577d469b8ae320e02c1c18a94fc58abd5677d46fd5906a94b7dc1d491e5,NOT_VERIFIED
java-cm,src/main/java/arisuinfo/cm/oper/mapper/EltNtHstMapper.java,utf-8-sig,64a7657670008bf819d6416432ce0dec3e24ec47599b865c5a6f8c74f530d5bb,NOT_VERIFIED
java-cm,src/main/java/arisuinfo/cm/oper/mapper/EltSanctnMngMapper.java,utf-8-sig,76bce8fbba23298a11b41e1da1e1441f4e936141d4da9817badee38f39d5cb9c,NOT_VERIFIED
java-cm,src/main/java/arisuinfo/cm/oper/mapper/ExcDwnLogMngMapper.java,utf-8-sig,ce51165bb42f4294bde2459bc2516f1c8529af5c63319c27894108c78c8111b6,NOT_VERIFIED
java-cm,src/main/java/arisuinfo/cm/oper/mapper/IssueMngMapper.java,utf-8-sig,bde6a58d0ee1ac1bb886e0bdcdff96be0c617572ea38cb547dc1e312dd3edaaa,NOT_VERIFIED
java-cm,src/main/java/arisuinfo/cm/oper/mapper/ProcSchdulMngMapper.java,utf-8-sig,fa9432f0609587633fe184e433298f4e2112d02ab18426e84aae0291690de5a4,NOT_VERIFIED
java-cm,src/main/java/arisuinfo/cm/oper/mapper/TaskMngMapper.java,utf-8-sig,c9add3bc77c2fc9fa231c7b312c2c9c0b07184fe37b0771e92da85f64e59945f,NOT_VERIFIED
java-cm,src/main/java/arisuinfo/cm/oper/mapper/UmsSndngHstMapper.java,utf-8-sig,6839d47cffbe32247beea5fe1652c1f2d816b227b48cec0bde4fe74831f92cd5,NOT_VERIFIED
java-cm,src/main/java/arisuinfo/cm/oper/service/BatchMngService.java,utf-8-sig,f2740175d186c995a9f5fa6b31a28464a8d6f2c5e054e1fefd6421cb627d67e4,NOT_VERIFIED
java-cm,src/main/java/arisuinfo/cm/oper/service/BillFormHistService.java,utf-8-sig,9b233b4da4f4bcd652599aeac3c61ec0016ac6fee94050238674c53fa92eee74,NOT_VERIFIED
java-cm,src/main/java/arisuinfo/cm/oper/service/CntcMngService.java,utf-8-sig,da6e8da55b7279f98b1f5ab37bab7ef7a93db51c867e0d4d9d664fa58e04f9ac,NOT_VERIFIED
java-cm,src/main/java/arisuinfo/cm/oper/service/EltNtHstService.java,utf-8-sig,97c1eb4759d68ab1540a9bc7054261a4fa765824324fed70440534c3703cb785,NOT_VERIFIED
java-cm,src/main/java/arisuinfo/cm/oper/service/EltSanctnMngService.java,utf-8-sig,20eb9cf94b9bd64591c663aa25717496731cd7929e8173572a981db261b34a71,NOT_VERIFIED
java-cm,src/main/java/arisuinfo/cm/oper/service/EltSanctnMngVO.java,utf-8-sig,944ef225d55e18916716f0f33a697fc5b599806a7ace8823e9ea9a12fe0e963b,NOT_VERIFIED
java-cm,src/main/java/arisuinfo/cm/oper/service/ExcDwnLogMngService.java,utf-8-sig,d9d81f4eb44edf7ba3662a7036fc6c5c7d1fff51a21b5c37065cd12c4e0db007,NOT_VERIFIED
java-cm,src/main/java/arisuinfo/cm/oper/service/impl/BatchMngServiceImpl.java,utf-8-sig,e9309cdad483b8dde25c3520c4a0f606dfcb23ca3112937cf2ff3545f0888d0e,NOT_VERIFIED
java-cm,src/main/java/arisuinfo/cm/oper/service/impl/BillFormHistServiceImpl.java,utf-8-sig,e3e71567d04389b20a8cb3b20180b566866edff7d3b3666b8ac5354d33e37bf3,NOT_VERIFIED
java-cm,src/main/java/arisuinfo/cm/oper/service/impl/CntcMngServiceImpl.java,utf-8-sig,85e11004f4365757d9e770df9d8d6f54dc72631840cd07e51f58b5d4ca2d01e1,NOT_VERIFIED
java-cm,src/main/java/arisuinfo/cm/oper/service/impl/EltNtHstServiceImpl.java,utf-8-sig,3db531dda25037bbe11fe21db38d2b39c3ae5d4b56cf8ac810d0ea6296d02c8a,NOT_VERIFIED
java-cm,src/main/java/arisuinfo/cm/oper/service/impl/EltSanctnMngServiceImpl.java,utf-8-sig,d2b4f2d0b0f2b17240ca103f4160b3f2ab6f57f7cbbf57c752711bca385ec3c6,NOT_VERIFIED
java-cm,src/main/java/arisuinfo/cm/oper/service/impl/ExcDwnLogMngServiceImpl.java,utf-8-sig,059fb2cf500be3283b39c7ed1f10a439fcb6c45fdc51e003bd0106636deb77c8,NOT_VERIFIED
java-cm,src/main/java/arisuinfo/cm/oper/service/impl/IssueMngServiceImpl.java,utf-8-sig,669b1b20ee4e53784653511cc9eec96696a8d1e8cd9784e7b75c9872d8a549df,NOT_VERIFIED
java-cm,src/main/java/arisuinfo/cm/oper/service/impl/ProcSchdulMngServiceImpl.java,utf-8-sig,681f50190f3121a34d4ac3f965490167add0d14fa52cbbd9e73d9e0774203058,NOT_VERIFIED
java-cm,src/main/java/arisuinfo/cm/oper/service/impl/TaskMngServiceImpl.java,utf-8-sig,3dd0d641997fe89f4dbe090b52478006c9be45ab66d84ab311ebb22f2fe5fab8,NOT_VERIFIED
java-cm,src/main/java/arisuinfo/cm/oper/service/impl/UmsSndngHstServiceImpl.java,utf-8-sig,6824fd08003a35e0bac835886176a1b96d120ef037edc164bef60e27d54f9939,NOT_VERIFIED
java-cm,src/main/java/arisuinfo/cm/oper/service/IssueMngService.java,utf-8-sig,f372f70079b120f35ff9dc23dd61a3a4046a4fa26b9066f60736fdf4dd59b52c,NOT_VERIFIED
java-cm,src/main/java/arisuinfo/cm/oper/service/ProcSchdulMngService.java,utf-8-sig,8be90f5c8eeb448d13f3ff1efe7a08d8e659f3fb0e7fad1ec6edfedee6da362c,NOT_VERIFIED
java-cm,src/main/java/arisuinfo/cm/oper/service/TaskMngService.java,utf-8-sig,ff9289fe5aad9e8be89a3ba46516b9172b7f0bf92ae43ab908bd0a11978924c9,NOT_VERIFIED
java-cm,src/main/java/arisuinfo/cm/oper/service/UmsSndngHstService.java,utf-8-sig,fdc4fdf369e7b0cfc2560321b442d27858c6d5f36186a370347e08d955a87abe,NOT_VERIFIED
java-cm,src/main/java/arisuinfo/cm/oper/vo/BillFormHistVO.java,utf-8-sig,a89d105ed23fd32d411b81d86ac03714fbcbcce0cb39f07571bb4aaabfe95ad6,NOT_VERIFIED
java-cm,src/main/java/arisuinfo/cm/oper/vo/CntcMngVO.java,utf-8-sig,f27003469d220d9283f66986b75491e84aa90e1e85e9edcf2f7aea8983478acf,NOT_VERIFIED
java-cm,src/main/java/arisuinfo/cm/oper/vo/EltNtHstSearchVO.java,utf-8-sig,81abbcff4a63a5c6ba25fd80f8113db6a71e5d8d45eba97c864e1eb960021db1,NOT_VERIFIED
java-cm,src/main/java/arisuinfo/cm/oper/vo/EltNtHstVO.java,utf-8-sig,3e5461078dab5fd8fd92a328de0422ce11ff416dea4a5c0f3c992405e8c9b6d9,NOT_VERIFIED
java-cm,src/main/java/arisuinfo/cm/oper/vo/ExcDwnLogMngVO.java,utf-8-sig,1113c717b869666dbd811ba42831b0597bf1df34e790c186cea3a02c6ab3f504,NOT_VERIFIED
java-cm,src/main/java/arisuinfo/cm/oper/vo/IssueMngVO.java,utf-8-sig,b50684161fc7e3180055c1eb9cdec52377d8ce03d7b2caf4d7f8d62453571c11,NOT_VERIFIED
java-cm,src/main/java/arisuinfo/cm/oper/vo/ProcSchdulMngVO.java,utf-8-sig,af920019da8a8bed1a27a10144e969e224e62898de2e9e1e9554ee06a1684d15,NOT_VERIFIED
java-cm,src/main/java/arisuinfo/cm/oper/vo/TaskMngVO.java,utf-8-sig,fc205f23c33795d04469da9d896876f1c580875f576922c0ee3359b4df720213,NOT_VERIFIED
java-cm,src/main/java/arisuinfo/cm/oper/vo/UmsSndngHstSrchVO.java,utf-8-sig,cf97d23f015a39b338928aff034373f226919cd93e61f1315fd9f93817d2c881,NOT_VERIFIED
java-cm,src/main/java/arisuinfo/cm/oper/vo/UmsSndngHstVO.java,utf-8-sig,183d71df4c0ec1623949ecd290e92d881bcf0eb8a1cc1144586b3aed582ed6ec,NOT_VERIFIED
java-cm,src/main/java/arisuinfo/cm/oper/web/BatchMngController.java,utf-8-sig,f98947280c4a009c250c5341546456302d75141df4fe5cc0d83bae773c01c8d5,NOT_VERIFIED
java-cm,src/main/java/arisuinfo/cm/oper/web/BillFormHistController.java,utf-8-sig,4def9f178af271d149b109d136f6af50c9d73f6b28804471a6c1c3285a25b046,NOT_VERIFIED
java-cm,src/main/java/arisuinfo/cm/oper/web/CntcMngController.java,utf-8-sig,ed3c59fdfc8453aee27ce05f0f6a30e9b0df421f905365ec473ce2554ee231a6,NOT_VERIFIED
java-cm,src/main/java/arisuinfo/cm/oper/web/EltNtHstController.java,utf-8-sig,52523e25e221994d0bc6d489f4812669e0b3db841f949c1546d5e0e3f4f34a55,NOT_VERIFIED
java-cm,src/main/java/arisuinfo/cm/oper/web/EltSanctnMngController.java,utf-8-sig,0018628175998ee16f7923a3e0480293d671a9818c71440e169dbf2ede21863f,NOT_VERIFIED
java-cm,src/main/java/arisuinfo/cm/oper/web/ExcDwnLogMngController.java,utf-8-sig,8dce9a7fdc75490720c672268a8ccc8aecad36c4722a61ab9d91de940027c425,NOT_VERIFIED
java-cm,src/main/java/arisuinfo/cm/oper/web/IssueMngController.java,utf-8-sig,5db9eca6b4713e783576f2579f14636aa0c9ced4ce63f417b8d9c4243220d829,NOT_VERIFIED
java-cm,src/main/java/arisuinfo/cm/oper/web/ProcSchdulMngController.java,utf-8-sig,3bb2cd804a108e123ebabba234d50a0fe6447ce1315e7f1395e6027acdff060b,NOT_VERIFIED
java-cm,src/main/java/arisuinfo/cm/oper/web/TaskMngController.java,utf-8-sig,3f93fd82f0270af81f0b53206509896d51f0b6f7c96be5bd447b86090eddff21,NOT_VERIFIED
java-cm,src/main/java/arisuinfo/cm/oper/web/UmsSndngHstController.java,utf-8-sig,856696b0dd4c3f2c1f4a29904bc58b70bd659d77ab1f56afd4eb548cfa93c370,NOT_VERIFIED
java-cm,src/main/java/arisuinfo/cm/pdaImage/service/ImageUploadService.java,utf-8-sig,a1f4cb6e7144bae17c50824b49f1afa63b12bdeda3f090bffb108ee8585f7f37,NOT_VERIFIED
java-cm,src/main/java/arisuinfo/cm/pdaImage/service/impl/ImageUploadServiceImpl.java,utf-8-sig,2dee23ec78c11249ea0455389eff22aeceadecd05bf3bc456499a478f6a083d0,NOT_VERIFIED
java-cm,src/main/java/arisuinfo/cm/pdaImage/web/ImageUploadController.java,utf-8-sig,23f5ef504c508f8138f0dec0b8cadb921aeb56880e948e0e6bfbfdcd793a3211,NOT_VERIFIED
java-cm,src/main/java/arisuinfo/cm/usr/mapper/JobChrgerMngMapper.java,utf-8-sig,eb2ef4f8c5fd38b0d5a2b93dbf89cf849958673be4c95ff0fb8e870ae8c140b1,NOT_VERIFIED
java-cm,src/main/java/arisuinfo/cm/usr/mapper/MyInfoMapper.java,utf-8-sig,0a0d3a256c3222521a4d20059c67deb81df45d3f83f215182bf2257417524093,NOT_VERIFIED
java-cm,src/main/java/arisuinfo/cm/usr/mapper/UsrJobMngMapper.java,utf-8-sig,fc28be618d62f2bf6abb75c3fe9d126ed992e9b731530470b851432a8182b381,NOT_VERIFIED
java-cm,src/main/java/arisuinfo/cm/usr/mapper/UsrMngMapper.java,utf-8-sig,59cf845cfc2a2e5f2291d0fbeaf7f6cf46229d89e1cfe59cb1f2799790f85d47,NOT_VERIFIED
java-cm,src/main/java/arisuinfo/cm/usr/mapper/UsrMntrngMapper.java,utf-8-sig,0afc7ed7eeb2bc1e017dbbf6a6cd88b09f68397c934d0cacd66ccf7e8ef9771c,NOT_VERIFIED
java-cm,src/main/java/arisuinfo/cm/usr/mapper/UsrRgnMapper.java,utf-8-sig,6a52ab29f9ad3bd789ec638aa51e559be55448dcd6c672dd168fc2df18059252,NOT_VERIFIED
java-cm,src/main/java/arisuinfo/cm/usr/service/impl/JobChrgerMngServiceImpl.java,utf-8-sig,10294604bff1ce9d3620f32178e91307f7ab353637df4dfe357d119a97477691,NOT_VERIFIED
java-cm,src/main/java/arisuinfo/cm/usr/service/impl/MyInfoServiceImpl.java,utf-8-sig,53b27320197afa43d22ab2b990aa62ba562a21a83025ed5738f1ff4d8760195b,NOT_VERIFIED
java-cm,src/main/java/arisuinfo/cm/usr/service/impl/UsrJobMngServiceImpl.java,utf-8-sig,c96f2786bb42c5217837cf49d7bedee21835874711fdd92dfb27892017edaae7,NOT_VERIFIED
java-cm,src/main/java/arisuinfo/cm/usr/service/impl/UsrMngServiceImpl.java,utf-8-sig,c9e377da58345987e51390fbf492a853831ec17409dfca532c38bde42f33ed1e,NOT_VERIFIED
java-cm,src/main/java/arisuinfo/cm/usr/service/impl/UsrMntrngServiceImpl.java,utf-8-sig,9c6cade462a6267c6f5ee6b01f564011b494f848a977c44d46e110a90b556481,NOT_VERIFIED
java-cm,src/main/java/arisuinfo/cm/usr/service/impl/UsrRgnServiceImpl.java,utf-8-sig,a757e3292ffb320a36f16ec5bf6ba41c094fa4aac126e80ff314553582685da9,NOT_VERIFIED
java-cm,src/main/java/arisuinfo/cm/usr/service/JobChrgerMngService.java,utf-8-sig,3a780b00045be2f5f51ffc3b281b13eb125eece9eeb1368ed3c01fdbf66c69fd,NOT_VERIFIED
java-cm,src/main/java/arisuinfo/cm/usr/service/MyInfoService.java,utf-8-sig,74514775158eb75dad21ed64ab7e786b26248da547601162a01afbf34a929965,NOT_VERIFIED
java-cm,src/main/java/arisuinfo/cm/usr/service/UsrJobMngService.java,utf-8-sig,c61cd1f486f57f101df759a701bb0dd0eb958650236f9454316e208d06742791,NOT_VERIFIED
java-cm,src/main/java/arisuinfo/cm/usr/service/UsrMngService.java,utf-8-sig,baeb461b9c8d2fad853f5421b9856aeb889619d7b1f820dd9509f153f70c5687,NOT_VERIFIED
java-cm,src/main/java/arisuinfo/cm/usr/service/UsrMntrngService.java,utf-8-sig,dd4eefbcfab2100928d3a0b2a8cec628aae0926d1371c32fba002699b280ed19,NOT_VERIFIED
java-cm,src/main/java/arisuinfo/cm/usr/service/UsrRgnService.java,utf-8-sig,423b0634890b24e51213edb1711ee1ecae3d19c366f0d45eee183da41356d7cf,NOT_VERIFIED
java-cm,src/main/java/arisuinfo/cm/usr/vo/AreaCdListVO.java,utf-8-sig,74ead559067c99c9bf9e69ad3e81acb17e90b48b9ccf063a471555a1f3121e81,NOT_VERIFIED
java-cm,src/main/java/arisuinfo/cm/usr/vo/AuthMndtVO.java,utf-8-sig,60832dc473e1eae6390e0592508bd4c8453d6712948c74ab717aee40678a9cdd,NOT_VERIFIED
java-cm,src/main/java/arisuinfo/cm/usr/vo/JobChrgerMngVO.java,utf-8-sig,8193589f5ba993cf8f71620bbc8b4228371a66d83cc1cd64f1fefc3186301f6f,NOT_VERIFIED
java-cm,src/main/java/arisuinfo/cm/usr/vo/MyInfoVO.java,utf-8-sig,a5cde3d06f59d1ef3ff87f4cbc36b702a4de992a2f22b2f7746878769d913193,NOT_VERIFIED
java-cm,src/main/java/arisuinfo/cm/usr/vo/UsrJobVO.java,utf-8-sig,6e99da79b2686d409cfb3dc2070569a130fd77b8597d2aa1ee30ea9624acb00f,NOT_VERIFIED
java-cm,src/main/java/arisuinfo/cm/usr/vo/UsrMenuHstSearchVO.java,utf-8-sig,39989b881c98ce782fcb638ffa90e1b68685251dcca6c810f3bedbf4df198911,NOT_VERIFIED
java-cm,src/main/java/arisuinfo/cm/usr/vo/UsrMenuHstVO.java,utf-8-sig,af3452217a1731aa5f8a077a8f2275bb887ea563d23071c71f6e8796b543b963,NOT_VERIFIED
java-cm,src/main/java/arisuinfo/cm/usr/vo/UsrMngSearchVO.java,utf-8-sig,788bdf97299e860b1d32c2f80a8c566b5b74465e0202cbde2c13f01fd773731e,NOT_VERIFIED
java-cm,src/main/java/arisuinfo/cm/usr/vo/UsrMngVO.java,utf-8-sig,aece1961acb8b6d2f93d7a9eb2459b8beb5e50e095d95a870deda46978c8dd1c,NOT_VERIFIED
java-cm,src/main/java/arisuinfo/cm/usr/vo/UsrMntrngVO.java,utf-8-sig,97b4a587362be9b984c594c474b7b059d3261198331c558467fede53df2941ac,NOT_VERIFIED
java-cm,src/main/java/arisuinfo/cm/usr/vo/UsrRgnVO.java,utf-8-sig,133fadbc81b52fbd9a658b86ee69ff3ee0f37e938aa83ff448fac46c38b9798b,NOT_VERIFIED
java-cm,src/main/java/arisuinfo/cm/usr/web/JobChrgerMngController.java,utf-8-sig,10ce090177808937fa8d37b0b5ab0d4312d5c7074ee59de8e0129f85b914008f,NOT_VERIFIED
java-cm,src/main/java/arisuinfo/cm/usr/web/MyInfoController.java,utf-8-sig,704a0c92d708442ec088c260e5319f72ec8070ff283fadd58a8f4d7bddf57e93,NOT_VERIFIED
java-cm,src/main/java/arisuinfo/cm/usr/web/UsrMngController.java,utf-8-sig,6789ee653c5ec2447e8c5d3044893714eb1bca4946ce738fc295c912f488fcc7,NOT_VERIFIED
java-cm,src/main/java/arisuinfo/cm/usr/web/UsrMntrngController.java,utf-8-sig,0b874a47b1613551d25034e51d69a84487d7d17a5e7e11e4186990e33d3205da,NOT_VERIFIED
java-cm,src/main/java/arisuinfo/cm/usr/web/UsrRgnController.java,utf-8-sig,004780ddfb4b2a9354a2da7599eb160501304914567cf5d172f7646906a6c41f,NOT_VERIFIED
java-com,src/main/java/arisuinfo/com/batch/config/BatchConfig.java,utf-8-sig,b7b4431392fd62e99bc270903bc1dfcd33f834cd5cf9899f221f82393e908e7c,NOT_VERIFIED
java-com,src/main/java/arisuinfo/com/batch/config/BatchSchedulerConstants.java,utf-8-sig,172f0244ecc546006bdc958c9f37f0cf0501b48c58407a4710fb95b5f3015027,NOT_VERIFIED
java-com,src/main/java/arisuinfo/com/batch/config/SchedulerConfig.java,utf-8-sig,75dac664d7dc435beabe98a12fa094398eb684628eb47294e910603baa6472a8,NOT_VERIFIED
java-com,src/main/java/arisuinfo/com/batch/listener/JobCompletionListener.java,utf-8-sig,a12dfe37ca8c7d027ebb23ffff0323d2b2c8497cfdd9800d07feaaf797f9bbb8,NOT_VERIFIED
java-com,src/main/java/arisuinfo/com/batch/mapper/BatchMapper.java,utf-8-sig,5326e52e6759a1a6a0960cbd319fcda19187193d96beb2194518581b9049dd21,NOT_VERIFIED
java-com,src/main/java/arisuinfo/com/batch/quartz/QuartzDynamicLoader.java,utf-8-sig,278df601c96c150a13912a451df4fd992f2f8f4c79cb460ed9c6aa47c6d7a6a0,NOT_VERIFIED
java-com,src/main/java/arisuinfo/com/batch/scheduler/DynamicJobScheduler.java,utf-8-sig,18500a93e62892070a4dfd1230f166e4126ba0112773e9e1b7ec04e823c83125,NOT_VERIFIED
java-com,src/main/java/arisuinfo/com/batch/scheduler/ScheduleRefresher.java,utf-8-sig,29838117fd4b7af5b06bffc5a878ce0891914d69a2ad23381e29c06ded3cf119,NOT_VERIFIED
java-com,src/main/java/arisuinfo/com/batch/service/BatchDateMngService.java,utf-8-sig,2262bddb13f082a3c16de7091bc39b9392eeb980bc9c035afff1a9bb12006191,NOT_VERIFIED
java-com,src/main/java/arisuinfo/com/batch/service/BatchService.java,utf-8-sig,d96dd324d63899c3d63804301c9315193eca1ca18b1606136fd3c2be0c8aec7a,NOT_VERIFIED
java-com,src/main/java/arisuinfo/com/batch/service/impl/BatchDateMngServiceImpl.java,utf-8-sig,91552dfefe94b8cd11d7a5c192e3dbf77fff289bd3da4cfe38f22fa942cd3d2c,NOT_VERIFIED
java-com,src/main/java/arisuinfo/com/batch/service/impl/BatchServiceImpl.java,utf-8-sig,56596636b18ba8c0226528b9c77e8b813e31bf64abbd2d24f00ff5ee0e033f2c,NOT_VERIFIED
java-com,src/main/java/arisuinfo/com/batch/tasklet/ServiceCallTasklet.java,utf-8-sig,259ed3c100afbea09555a6241e6d7b6423a831ddedd1fb3ea0e6301d64ec8c1d,NOT_VERIFIED
java-com,src/main/java/arisuinfo/com/batch/test/BatchTestController.java,utf-8-sig,ca5502bce0f3774dbd5239d940e5ae15019048c29cab5af43ef9fd9578388a36,NOT_VERIFIED
java-com,src/main/java/arisuinfo/com/batch/test/BatchTestLogService.java,utf-8-sig,3a9d2cdbda1ad2582c533f3ebe3482f69421bec91b30ccf9c99103cc852c8fbf,NOT_VERIFIED
java-com,src/main/java/arisuinfo/com/batch/trigger/ManualBatchRunner.java,utf-8-sig,03734c9951ae228d10157bb9a70459eb2f75851e47b649d9b62d53363d088bd3,NOT_VERIFIED
java-com,src/main/java/arisuinfo/com/batch/util/BatchScheduleSyncUtils.java,utf-8-sig,0f56416b93b8b439bd44c2ca5908494e36aab9e71a65498658ee2f173506f4c0,NOT_VERIFIED
java-com,src/main/java/arisuinfo/com/batch/vo/BatchVO.java,utf-8-sig,4b8808a21e63b7a7c4c37ecbae2adafca142463c7c3b7596b0a86a33d0a75ba4,NOT_VERIFIED
java-com,src/main/java/arisuinfo/com/bind/BaseVO.java,utf-8-sig,d34a5a02a6ee5c555ee75db0626a0802445a232b1882695b8a4610fe082024b2,NOT_VERIFIED
java-com,src/main/java/arisuinfo/com/eltSanctn/mapper/EltSanctnMapper.java,utf-8-sig,b7bd7da4bf2c09881aca12ab52c1e11bc21049bcdefdc48a74251bbed789725a,NOT_VERIFIED
java-com,src/main/java/arisuinfo/com/eltSanctn/process/EltSanctnServiceProcess.java,utf-8-sig,89f6189bc316ac5032902bed58edaf5182f7f35a9a5d71885e7cd77d06156df8,NOT_VERIFIED
java-com,src/main/java/arisuinfo/com/eltSanctn/service/EltSancInfoVO.java,utf-8-sig,ac6f02c35a6daabfeebd08e5e5f5511b70fbb55c23298908bc534132b91bb914,NOT_VERIFIED
java-com,src/main/java/arisuinfo/com/eltSanctn/service/EltSanctnService.java,utf-8-sig,d1e37cee2f556bc597e3b9c32650a75d81f266cdf4b0cd52d2f94d536a5fbbb4,NOT_VERIFIED
java-com,src/main/java/arisuinfo/com/eltSanctn/service/EltSanctnVO.java,utf-8-sig,0ee7446e4f8989328395b9f996d69e5b552167aa2c703b0bb9baa843de9fc9e3,NOT_VERIFIED
java-com,src/main/java/arisuinfo/com/eltSanctn/service/impl/EltSanctnServiceImpl.java,utf-8-sig,551c68cedda53be9e60bfc8f53b0867cf526783eb5398684544432c38c42a0e2,NOT_VERIFIED
java-com,src/main/java/arisuinfo/com/eltSanctn/service/Result.java,utf-8-sig,4fe57fa713092570a83ba5dbc8d9345c09573862e42f2facfa06d082f7a7c04a,NOT_VERIFIED
java-com,src/main/java/arisuinfo/com/eltSanctn/service/Status.java,utf-8-sig,6388b945a3e5f1f0d57ae551b42b1602233cd0e8d3f143a9ca398ceec8e90419,NOT_VERIFIED
java-com,src/main/java/arisuinfo/com/eltSanctn/service/XmlVO.java,utf-8-sig,8b6dbf8eaf1253482d52cca63600d8188a581ad363f1bd255e3807ee5b66f79e,NOT_VERIFIED
java-com,src/main/java/arisuinfo/com/eltSanctn/web/EltSancReceiveController.java,utf-8-sig,208d18b76d696517502cc98eb4a556eefc300bf64434ed14ff42ad0d9f751adc,NOT_VERIFIED
java-com,src/main/java/arisuinfo/com/eltSanctn/web/EltSancRestController.java,utf-8-sig,0a5206ad997ba6ca356f97916381c288a5652a4ab07e4483990f7f88f55d5998,NOT_VERIFIED
java-com,src/main/java/arisuinfo/com/eltSanctn/web/EltSancRestResponseVO.java,utf-8-sig,2a393496688d10182b85c222dd8f9b493536cf212414075b304baaae34094715,NOT_VERIFIED
java-com,src/main/java/arisuinfo/com/eltSanctn/xml/EltSanctnUtil.java,utf-8-sig,24511eaf684bb9bd85667eac0e8d7738a1a823c9c468d0f2ea1779f89af603ff,NOT_VERIFIED
java-com,src/main/java/arisuinfo/com/eltSanctn/xml/recevingXml/EltSanRes.java,utf-8-sig,99fb08879ac2dbfabac4f1fb358091d17f71c1db455667017965b404064240f9,NOT_VERIFIED
java-com,src/main/java/arisuinfo/com/eltSanctn/xml/recevingXml/Ndata.java,utf-8-sig,4c52e602b1c6ec67d980164d627a2606def432a15c6f4d710b9baaf2503a300e,NOT_VERIFIED
java-com,src/main/java/arisuinfo/com/eltSanctn/xml/sendingXml/Attachments.java,utf-8-sig,e77c1b3f870446a127b9d41a1361db84e0b8034c5ed14416408e12046de92a81,NOT_VERIFIED
java-com,src/main/java/arisuinfo/com/eltSanctn/xml/sendingXml/Business.java,utf-8-sig,082ebc580beaa357961818f99abfa5cc0ac92eff0d1a8ce2413af58cd068cecd,NOT_VERIFIED
java-com,src/main/java/arisuinfo/com/eltSanctn/xml/sendingXml/DocumentBody.java,utf-8-sig,f52e00663480fb4d53fcc2a649c09931c8dbfaa132572e4046e668b8222ba1ae,NOT_VERIFIED
java-com,src/main/java/arisuinfo/com/eltSanctn/xml/sendingXml/DocumentDescription.java,utf-8-sig,2ea5f32025a0b25b9d38d1ba167152955b77db9c841334a424bb3c6f44e29a16,NOT_VERIFIED
java-com,src/main/java/arisuinfo/com/eltSanctn/xml/sendingXml/DocumentInformation.java,utf-8-sig,0a0893f47eb57edeb8a015d1bcdb3a2a094c56d5aa16b825152cd248dc50fd6a,NOT_VERIFIED
java-com,src/main/java/arisuinfo/com/eltSanctn/xml/sendingXml/EltSanctnXmlVO.java,utf-8-sig,fa63204903dd4229b082c85f27a5d5ed93484ef2d740ebe9f3266a85a5f00d2a,NOT_VERIFIED
java-com,src/main/java/arisuinfo/com/eltSanctn/xml/sendingXml/ExchangeableDocument.java,utf-8-sig,290ec176cf1d4cd5aaf41737d261c7b71b5fb11b2572a3d8df6c4f12e662f25c,NOT_VERIFIED
java-com,src/main/java/arisuinfo/com/eltSanctn/xml/sendingXml/ExtNFSancLineInfo.java,utf-8-sig,9e50f73c1719d084f8d61601273d39fc3154603d435020bb90c2935b83328056,NOT_VERIFIED
java-com,src/main/java/arisuinfo/com/eltSanctn/xml/sendingXml/ExtNFSancLineInfoList.java,utf-8-sig,e05af69830b3d7a922a5452e1ad3f3133a277c1201c4b46fdcb7e4dc437f171c,NOT_VERIFIED
java-com,src/main/java/arisuinfo/com/eltSanctn/xml/sendingXml/File.java,utf-8-sig,a8bee323873946d5537fafcda9e092d397cc6efd208bf58daa10027428c5dd28,NOT_VERIFIED
java-com,src/main/java/arisuinfo/com/eltSanctn/xml/sendingXml/FileList.java,utf-8-sig,c59b61800a086e051e3c6ac00059945acfaf5f7382aa70e5929b13a286ffd610,NOT_VERIFIED
java-com,src/main/java/arisuinfo/com/eltSanctn/xml/sendingXml/Person.java,utf-8-sig,738268a82ebf8330bcae3709dbc965357d6a6de03a0c5c63b7dccbe823df9866,NOT_VERIFIED
java-com,src/main/java/arisuinfo/com/eltSanctn/xml/sendingXml/Process.java,utf-8-sig,20b4c071a7894681b4b078f15c3e2d81712e29ade377a11cfe2a7023c7cec39c,NOT_VERIFIED
java-com,src/main/java/arisuinfo/com/eltSanctn/xml/sendingXml/ProcessInformation.java,utf-8-sig,2f9894ab4daf0b97b5b5177d12a0f426f8e89fde96a14bfde83d1fc9b997cb5b,NOT_VERIFIED
java-com,src/main/java/arisuinfo/com/eltSanctn/xml/sendingXml/Work.java,utf-8-sig,d3b7cf99aa503357abaab87de9f3f4a9c8135950680f2ddc3b85d409fba04508,NOT_VERIFIED
java-com,src/main/java/arisuinfo/com/eltSanctn/xml/sendingXml/Work_item.java,utf-8-sig,583f89fa26f0e3fdaea52b731464b018c3c0443cc3fa01c9f73667fea9fdc795,NOT_VERIFIED
java-com,src/main/java/arisuinfo/com/eltSanctn/xml/sendingXml/Work_manage.java,utf-8-sig,ed5ee189869a43c48553a155f76c3ebc7716b9d1f127660b3d97205ec1582171,NOT_VERIFIED
java-com,src/main/java/arisuinfo/com/eltSanctn/xml/sendingXml/Work_ref.java,utf-8-sig,4521f3eee36c86c83b6ce9a913514e2c85695f38a10ffc0326399a679c0e681e,NOT_VERIFIED
java-com,src/main/java/arisuinfo/com/eltSanctn/xml/sendingXml/Workflow.java,utf-8-sig,298000c3c21f04a9f6b177f50cb1489ddc07a4b631338da64a9dcd02d24bea71,NOT_VERIFIED
java-com,src/main/java/arisuinfo/com/enums/CodeEnum.java,utf-8-sig,0dcd22c66050e2d2f7417c1e4d31758f2b67a54694ab3b6147c8bfab20fda87a,NOT_VERIFIED
java-com,src/main/java/arisuinfo/com/enums/CodeEnumTypeHandler.java,utf-8-sig,577ece8cfe12ab2f3173bc6e475724e632b8c2abc38eb1c3da12a82baedc7c8a,NOT_VERIFIED
java-com,src/main/java/arisuinfo/com/enums/ErrorColumn.java,utf-8-sig,54bf64f9d3aab869d8263e807df6ca84aa22921cdba7c404473ef2648520ccf0,NOT_VERIFIED
java-com,src/main/java/arisuinfo/com/enums/RowType.java,utf-8-sig,52464e8cb9da0ac354f9c4607398192f92fb7268bede58e4f3bce020858d80a4,NOT_VERIFIED
java-com,src/main/java/arisuinfo/com/enums/SysGroupCd.java,utf-8-sig,4317e2498cc3fc698dc3235ca1dda6ec74088fd6897a361a1c4717a8bf4084c5,NOT_VERIFIED
java-com,src/main/java/arisuinfo/com/enums/SysSeCd.java,utf-8-sig,c3d7ce344cb9cd67e718b68a1a685f86f5b4400124fbbeee56872fe19a02bca1,NOT_VERIFIED
java-com,src/main/java/arisuinfo/com/exception/ArisuBizException.java,utf-8-sig,d277d4dca7a7009018c21b2c2c990b2842a77793a0a96d6c3e8f962852254b29,NOT_VERIFIED
java-com,src/main/java/arisuinfo/com/exception/BizException.java,utf-8-sig,a95c2b59bcbe2d5627978eb13670de3ce67373830355c061888ed87a6068044f,NOT_VERIFIED
java-com,src/main/java/arisuinfo/com/fileUpload/mapper/FileUploadMapper.java,utf-8-sig,c69e0e427965b251372b9caedc9356b1a07359accaa548ec48c8a0577200b5e6,NOT_VERIFIED
java-com,src/main/java/arisuinfo/com/fileUpload/service/FileUploadService.java,utf-8-sig,c46fdc678ea2d4754a458096f781c3cbf5ae53b7bc431a5e1812567146810608,NOT_VERIFIED
java-com,src/main/java/arisuinfo/com/fileUpload/service/FileUploadVO.java,utf-8-sig,1f46b6afae8eb2d181a7ac065dbe57f88ba443560d7fec069921b7be488615bd,NOT_VERIFIED
java-com,src/main/java/arisuinfo/com/fileUpload/service/impl/FileUploadServiceImpl.java,utf-8-sig,4e4c23f7aa406e2404fb134a7d56c93aad8726565de40a7962dfd96086a73ccd,NOT_VERIFIED
java-com,src/main/java/arisuinfo/com/fileUpload/web/FileUploadController.java,utf-8-sig,a762d375230a1f7d1fbca553968aea2cc3c8c129c34cff83a1ef265b47933950,NOT_VERIFIED
java-com,src/main/java/arisuinfo/com/id/ArisuTableIdGnrService.java,utf-8-sig,c9c239407631e86b4da6d6529550a4d9f0998fb58d0d053690ffeeb878e8de79,NOT_VERIFIED
java-com,src/main/java/arisuinfo/com/id/TableIdGnrServiceFactoryBean.java,utf-8-sig,737e40457eb11b92f5cf37c89434d6970cf0c5b96458ffd62790bcf03a01c3a3,NOT_VERIFIED
java-com,src/main/java/arisuinfo/com/message/service/impl/MessageServiceImpl.java,utf-8-sig,99dd4ba866a6d4600faf38117aa8e710b5951e316389bdee5f36e6071f9a7b5d,NOT_VERIFIED
java-com,src/main/java/arisuinfo/com/message/service/MessageService.java,utf-8-sig,f0308ecb4cfa859cf36df3ced9b6e139099c6473f5a4b8f7e8417b37d56b8ea4,NOT_VERIFIED
java-com,src/main/java/arisuinfo/com/message/web/MessageController.java,utf-8-sig,f635b22d160377cec916c6d29ede08582af6d1c626d974e2eea32cd2da9948ff,NOT_VERIFIED
java-com,src/main/java/arisuinfo/com/minwon/MinwonUtil.java,utf-8-sig,d142b8bfcdc87eb19c03df328108264f91eeed07069247c35964ac6f9a6598c1,NOT_VERIFIED
java-com,src/main/java/arisuinfo/com/minwon/vo/MinwonVO.java,utf-8-sig,48f96250178b5a191da38917b77c543b89a6c6e03209ead1d30885a230655455,NOT_VERIFIED
java-com,src/main/java/arisuinfo/com/miomMtr/mapper/MiomMtrMapper.java,utf-8-sig,699bef16a8538a0aaba07c78be583fefecfcbf00c62616970bd6c61ad564e590,NOT_VERIFIED
java-com,src/main/java/arisuinfo/com/miomMtr/MiomMtrUtil.java,utf-8-sig,fa71a5845f35be91b06f1dbf21e041132874831f6a49261dbb97dfe975128d47,NOT_VERIFIED
java-com,src/main/java/arisuinfo/com/properties/NexacroProperties.java,utf-8-sig,928acbe9b3fd8590d3d150576d1fd29fd5ab81a7650e6403787d23902f24db97,NOT_VERIFIED
java-com,src/main/java/arisuinfo/com/rest/oxm/Business.java,utf-8-sig,4182278b7a1050798c4dfd37253082a26486f6dfa3dd00c0b493c38e933da8fc,NOT_VERIFIED
java-com,src/main/java/arisuinfo/com/rest/oxm/CarVO.java,utf-8-sig,f0b5df2a2a97f0376b2a84920ff95cb2809c6a27f60a00b590fca3a524ce5cf3,NOT_VERIFIED
java-com,src/main/java/arisuinfo/com/rest/oxm/CustomerList.java,utf-8-sig,35a984cef347067b10ddf09cfdfccae63fa16c95b96448e15656ae05abcd0332,NOT_VERIFIED
java-com,src/main/java/arisuinfo/com/rest/oxm/CustomerListVO.java,utf-8-sig,7a9bd0caf6ad8313bc42018479807d96ac7d92b888578a95ec658db10f96b175,NOT_VERIFIED
java-com,src/main/java/arisuinfo/com/rest/oxm/CustomerVO.java,utf-8-sig,80633ac2b857fde1aab4bc2766ab9a143ef6820ac74e5afdd960003c42d105a5,NOT_VERIFIED
java-com,src/main/java/arisuinfo/com/rest/oxm/Response.java,utf-8-sig,2f72123870b6e8d03774a13cdb1395c36311b85ad6a4a5b7f6b6a16cf708f36f,NOT_VERIFIED
java-com,src/main/java/arisuinfo/com/rest/oxm/Result.java,utf-8-sig,e7b19965396870a4dbc089b591d4ab7499f1af575866e262b32fb216a470d535,NOT_VERIFIED
java-com,src/main/java/arisuinfo/com/rest/Status.java,utf-8-sig,e362598d68b76fc80cc9cbae060769f8b326fe7cc703639db749666651b7ce6c,NOT_VERIFIED
java-com,src/main/java/arisuinfo/com/rest/web/OxmController.java,utf-8-sig,e30e52562910ea3f866b528de64ec9ea51162ab2f17580dbd05a67fbf507bf05,NOT_VERIFIED
java-com,src/main/java/arisuinfo/com/rest/web/RestfulController.java,utf-8-sig,89d766d93e9993ed116dbb557f74f6e9365efea356d91ed69442cb6b752d8663,NOT_VERIFIED
java-com,src/main/java/arisuinfo/com/rest/web/RestXmlResponseAdvice.java,utf-8-sig,45483993139e2d10ff780995479bbab418fcf52db9118207df07ad8b1f0464eb,NOT_VERIFIED
java-com,src/main/java/arisuinfo/com/rest/web/WebServiceController.java,utf-8-sig,a7c6c6b8375099edda7e046f68d25615af44ea4c9acc6fb011b0ae302872709e,NOT_VERIFIED
java-com,src/main/java/arisuinfo/com/rest/web/WebServiceObject.java,utf-8-sig,ec5c3b5d3b7761a75595feb8c05480e9a8dceed3ee8b9a82b1e3366266a8580f,NOT_VERIFIED
java-com,src/main/java/arisuinfo/com/securedb/SecureUtil.java,utf-8-sig,dd806099a4e2337162bca9fa560a7a2fce9e5edccdb37540b07bbd1b2a04c7c9,NOT_VERIFIED
java-com,src/main/java/arisuinfo/com/security/AuthzService.java,utf-8-sig,4f4e56da34c746478af47e070e3ed30bb216c1af882f98a7f865afbb6d0de1d0,NOT_VERIFIED
java-com,src/main/java/arisuinfo/com/security/FailoverFilter.java,utf-8-sig,6a1bafa9152b302335223487d12727436e832e8359ad6928710f153b65ac3162,NOT_VERIFIED
java-com,src/main/java/arisuinfo/com/security/NexacroAuthEntryPoint.java,utf-8-sig,7cb6d5790f4b6e9de7e7ffe0bc2a6172ef0a27feb5ad63b9f7c6181dcf074ee8,NOT_VERIFIED
java-com,src/main/java/arisuinfo/com/security/SessionCheckFilter.java,utf-8-sig,99268fcac5962535779f828a2f1386ca49f912d6c7c42de2a7bd2bfed1e1ccc8,NOT_VERIFIED
java-com,src/main/java/arisuinfo/com/security/SsoAuthCode.java,utf-8-sig,b30b9e540634c081d541a7d69f7ea07097286c4882cd32dc18f745f441138561,NOT_VERIFIED
java-com,src/main/java/arisuinfo/com/security/SsoAuthFilter.java,utf-8-sig,98a5d65ef54f4a36ea6cef5ba1336229648bf5356969affc951c4a0246d2be2f,NOT_VERIFIED
java-com,src/main/java/arisuinfo/com/security/SsoUserDetails.java,utf-8-sig,c79d3fa43a064a9780f8c77b12036297535cf86f04f1a92975084163b05dc6cf,NOT_VERIFIED
java-com,src/main/java/arisuinfo/com/service/BaseServiceImpl.java,utf-8-sig,e9dc86d44cccc174c84afb9a10b1bbe31ec209b30b215f092e6050e02e12eb3f,NOT_VERIFIED
java-com,src/main/java/arisuinfo/com/service/LoginVO.java,utf-8-sig,de27dceed22299329e99bffb00d706a4336881fd65199731165cace7a155fa90,NOT_VERIFIED
java-com,src/main/java/arisuinfo/com/service/NexacroServiceExecutor.java,utf-8-sig,28ca71190ede7582661bd92e3d9a4e5a37b018468e2ec2f9f706dceef1dc4d23,NOT_VERIFIED
java-com,src/main/java/arisuinfo/com/service/PageDefaultVO.java,utf-8-sig,23c7678888d861c3c186e9e92e2b71f30e5656260de41b35fe22e395082b0539,NOT_VERIFIED
java-com,src/main/java/arisuinfo/com/service/ServiceExecutor.java,utf-8-sig,f439bf1c97c7b618406e8dac6f71525f6a7b0229881d5d81d23b08097cd12388,NOT_VERIFIED
java-com,src/main/java/arisuinfo/com/util/CastFunction.java,utf-8-sig,e4192e61f77e5bec01fb012f809ff67d0a8a529dd26e4e12a1b51674f161533b,NOT_VERIFIED
java-com,src/main/java/arisuinfo/com/util/Client.java,utf-8-sig,26c0ec9c8592e6759880603f5ee2122bae7945e33a527f48e9a001c74a861ae2,NOT_VERIFIED
java-com,src/main/java/arisuinfo/com/util/CommonUtil.java,utf-8-sig,cc17f150643243eea0837ba0b7bb2cd6c4026fb53a80b5d4b49c44777a0e6edc,NOT_VERIFIED
java-com,src/main/java/arisuinfo/com/util/DateCalcUtil.java,utf-8-sig,ebdd57f0bb5f27101aad3570afd50a8ac9c2e97491238d23f77da32d73e767ef,NOT_VERIFIED
java-com,src/main/java/arisuinfo/com/util/DateUtil.java,utf-8-sig,f56478022ba6eafd9235b9655afe1e5f5a12349d6fb64c85813dc379016dedfb,NOT_VERIFIED
java-com,src/main/java/arisuinfo/com/util/EMailUtil.java,utf-8-sig,f00da7ee747babf0c01995d04b236c23ef8def847c250d800b2c11a9c583c7a1,NOT_VERIFIED
java-com,src/main/java/arisuinfo/com/util/NewGpkiUtil.java,utf-8-sig,a92023054a15c552942abffbdda57bcca7099ae8198fed0c485bf3a89e449749,NOT_VERIFIED
java-com,src/main/java/arisuinfo/com/util/SessionUtil.java,utf-8-sig,52343b83d9f68478957ad6db70dd9f0e90556e5924f53709f726207e09e5cf39,NOT_VERIFIED
java-com,src/main/java/arisuinfo/com/util/SftpUtil.java,utf-8-sig,dd809de9455d73f2741ebccd2a4c6d74330a448067ebacafb88fd263ebb01c00,NOT_VERIFIED
java-com,src/main/java/arisuinfo/com/util/SftpUtil2.java,utf-8-sig,b0c88fa1e0c3e1afa1e7bc43ccffcf66b19ff4d99aa4185d59ecf0c0f38249d0,NOT_VERIFIED
java-com,src/main/java/arisuinfo/com/util/ShareGpki.java,utf-8-sig,f939b76b6cf112406465b4680745a05447f6e1ab19dc77addcf79673b83d3c1d,NOT_VERIFIED
java-com,src/main/java/arisuinfo/com/util/StringUtil.java,utf-8-sig,c183c5b53fb0b3d3f5fc324686787f300f6b59fdc67de37850b13bc2290e4a37,NOT_VERIFIED
java-com,src/main/java/arisuinfo/com/util/UmsUtil.java,utf-8-sig,23f283649a3112aed4514820fba26fe7031e1407e1ad4620b10e93f0c9edbe80,NOT_VERIFIED
java-com,src/main/java/arisuinfo/com/util/web/QrCodeController.java,utf-8-sig,e8bd65c079412d8689d5423cfd7bfbc5d18b9bd0cd34768c738e7f78c7a8d20d,NOT_VERIFIED
java-com,src/main/java/arisuinfo/com/util/web/VoiceEyeController.java,utf-8-sig,9136bb206a4f50ffbbb84a2321d208ce636f570cfca65c7ecf2909011dd1f6bd,NOT_VERIFIED
java-com,src/main/java/arisuinfo/com/util/XssUtil.java,utf-8-sig,c6de5986acde5cdbe3e3de175ba09edd1b315d9fcbfe42ce5a20571e48cc4cbe,NOT_VERIFIED
java-com,src/main/java/arisuinfo/com/web/BaseController.java,utf-8-sig,24bd5e6fec06117f384f9a1b65f40c9da23c69c071b3857ce12797b3dc43133f,NOT_VERIFIED
java-com,src/main/java/arisuinfo/com/web/MessageUtilController.java,utf-8-sig,e265e4b6884a4a69a40a53e5fc8ac66d7a3e90d4d0423e8fa6c66a80bd1c3930,NOT_VERIFIED
java-common,src/main/java/arisuinfo/common/annotation/RequestEncoding.java,utf-8-sig,2b9fbff9938a91aa121baa3d8a62c1baf797bde45d4321d6302b7b678950dd30,NOT_VERIFIED
java-common,src/main/java/arisuinfo/common/aop/ConnectionHistoryAspect.java,utf-8-sig,77f3e19fa90039c6a2138d472acefbaf84c2300c9e9520adeeac446235c331b7,NOT_VERIFIED
java-common,src/main/java/arisuinfo/common/clipreport/config/ClipReportLicenseInitializer.java,utf-8-sig,a85841954e2245425a1bbcbb974b7781e303c9fc66f2423027809883a88f63f2,NOT_VERIFIED
java-common,src/main/java/arisuinfo/common/clipreport/service/ClipReportService.java,utf-8-sig,1422d7a01ed308a36610ee9ca2a5385154ae0d9835f6f949a3c59d18fe0905df,NOT_VERIFIED
java-common,src/main/java/arisuinfo/common/clipreport/service/impl/ClipReportServiceImpl.java,utf-8-sig,801aa33597619ff9077cf166fd7bdd3e517d8796301729e963ec6ce58ec2dfb3,NOT_VERIFIED
java-common,src/main/java/arisuinfo/common/clipreport/web/ClipReportController.java,utf-8-sig,60ced8b9a2352a8219bc85efd18b4c486c09aa79b7afd46320eb9f02086a219a,NOT_VERIFIED
java-common,src/main/java/arisuinfo/common/config/AsyncConfig.java,utf-8-sig,87a2fe6472b73ac717ccd0342e42a59b44a637ac68b4e272520fb4c05b44173c,NOT_VERIFIED
java-common,src/main/java/arisuinfo/common/config/EgovConfigCommon.java,utf-8-sig,c815acaa034232b07094db5f73638bcedfd4aaa9d6ddf6fe75157af92b12d6e0,NOT_VERIFIED
java-common,src/main/java/arisuinfo/common/config/EgovConfigDatasourceDefault.java,utf-8-sig,01bd998164520985e824d9db4c3a6591d97f00957f9e1f98e3c3af070dc9998e,NOT_VERIFIED
java-common,src/main/java/arisuinfo/common/config/EgovConfigMapper.java,utf-8-sig,2523365049934f7b490a7413a445b544f66a7e6e5115a16a3f9eb01fb179cd5f,NOT_VERIFIED
java-common,src/main/java/arisuinfo/common/config/EgovConfigProperties.java,utf-8-sig,9494b3bf11af5f1d021a7d38043972af11e22889053f1a157077aa2bfddc1709,NOT_VERIFIED
java-common,src/main/java/arisuinfo/common/config/EgovConfigSpringSecurity.java,utf-8-sig,51dd0f6cf173a21988513a7ee2b59fb6417bc9823a5ac1ed095a1b1d3214cc14,NOT_VERIFIED
java-common,src/main/java/arisuinfo/common/config/EgovConfigTransaction.java,utf-8-sig,577e837c4d440ac58e4a96694278e8a974466de6bd53ca9300d7728a11105353,NOT_VERIFIED
java-common,src/main/java/arisuinfo/common/config/EgovConfigValidation.java,utf-8-sig,5e22cf199dcd5a5c96ee6a16127ad9a249b5a2293fbd33c090be5236c1ead11d,NOT_VERIFIED
java-common,src/main/java/arisuinfo/common/config/EgovConfigWeb.java,utf-8-sig,eb72a0fe78e9ca6866b5ca2ed13c55f50eead893e371247ad4d7a885226c2844,NOT_VERIFIED
java-common,src/main/java/arisuinfo/common/config/MessageConfig.java,utf-8-sig,c695643bccd3665c09f197f8a81a19e1f2f017895b3fbb77129ecbf9dc9fa959,NOT_VERIFIED
java-common,src/main/java/arisuinfo/common/config/NexacroConfig.java,utf-8-sig,a694ab749a4e4c6659fdfa4d24ebf1364b758828469d21ccdc4641303cc636a6,NOT_VERIFIED
java-common,src/main/java/arisuinfo/common/config/SecurityBeanConfig.java,utf-8-sig,02417371b1e665aa6c0b065693681deac0715ab3e74e43bd421da9cc767e03d4,NOT_VERIFIED
java-common,src/main/java/arisuinfo/common/config/TableIdGnrConfig.java,utf-8-sig,7fea7f7a995003b893a4f581884e706d29a252d70f5e0aa8518bf58d795aa250,NOT_VERIFIED
java-common,src/main/java/arisuinfo/common/crypto/KisaSeedEcb.java,utf-8-sig,4eadf0a405c0e7ccf047996679d1a173fabaa0a6132bde75bde522a263fcb3f6,NOT_VERIFIED
java-common,src/main/java/arisuinfo/common/crypto/SmartGcTokenUtil.java,utf-8-sig,46e4b638ab87873a37d4f95146c838392f39e3dd06208290101e7c22aa0cbe7d,NOT_VERIFIED
java-common,src/main/java/arisuinfo/common/exception/EgovAopExceptionTransfer.java,utf-8-sig,6dea2cfdf18bf683ef372c260115dfc919e066ca1492924ee537b5e43a6d358a,NOT_VERIFIED
java-common,src/main/java/arisuinfo/common/exception/GlobalExceptionHandler.java,utf-8-sig,b5a64af9430ff80248ad2baa8f4a41edb4daf82ec020a888a3007f1140d3fbe9,NOT_VERIFIED
java-common,src/main/java/arisuinfo/common/interceptor/RequestEncodingInterceptor.java,utf-8-sig,acea17a338c804c978b93193761359dc4aa4331bb12f1898aafe913ad19903f0,NOT_VERIFIED
java-common,src/main/java/arisuinfo/common/nxkey/NxkeyUtil.java,utf-8-sig,32f2645cc6d98a3c4d7ec9c97ec0c37a6d0fb76276af10a30a91a7ad69a9342b,NOT_VERIFIED
java-common,src/main/java/arisuinfo/common/pagination/EgovPaginationDialect.java,utf-8-sig,23a863df99e0d319bccc1b3c368ed5899e51e07c486bdf7d317b139e043d844b,NOT_VERIFIED
java-common,src/main/java/arisuinfo/common/pagination/EgovPaginationFormat.java,utf-8-sig,2669e6a2bcad3b25ab5ca1a5cd16e4d055e88328f376001a7b8e7d79ff705d17,NOT_VERIFIED
java-common,src/main/java/arisuinfo/common/raonkeditor/config/RaonKEditorFilterConfig.java,utf-8-sig,fc69690d4ffc4cfed1fbb6244e617bce0acef0d87a9ff7b79953925121772758,NOT_VERIFIED
java-common,src/main/java/arisuinfo/common/raonkeditor/filter/PermissionsPolicyFilter.java,utf-8-sig,775be1cccdda9bf066cc192678b188681dbea2a60eea30aef1caebf21681f520,NOT_VERIFIED
java-common,src/main/java/arisuinfo/common/raonkeditor/filter/RaonKEditorFilter.java,utf-8-sig,9c42d1159227d3235eab0eceb3645549bda08e0cd5ffc4199a6cb0609985e31e,NOT_VERIFIED
java-common,src/main/java/arisuinfo/common/ria/nexacro/Context.java,utf-8-sig,f41832b2573974053b1ab6deecaf5994bcf2a5b66c8eaa3778077e7f2d0afd03,NOT_VERIFIED
java-common,src/main/java/arisuinfo/common/ria/nexacro/ConvertDataType.java,utf-8-sig,5234043dd5d103532e982ae493219a5ff43d1091337c3e784c77d44605132b8c,NOT_VERIFIED
java-common,src/main/java/arisuinfo/common/ria/nexacro/map/DataSetMap.java,utf-8-sig,2b483637e6e1befeead9948ca80068eb155dd7c7b1383c68d4500113878733f1,NOT_VERIFIED
java-common,src/main/java/arisuinfo/common/ria/nexacro/map/DataSetMapConverter.java,utf-8-sig,c433d530da17e50e3b8a8121f2967d7417344693b8c14cf9ba37e7f47d34fcd0,NOT_VERIFIED
java-common,src/main/java/arisuinfo/common/ria/nexacro/map/NexacroAdaptorImp.java,utf-8-sig,8ce38d5acfa201316d1052d1382e9af072c7a615660cd89a5375819c77889a5c,NOT_VERIFIED
java-common,src/main/java/arisuinfo/common/ria/nexacro/map/NexacroMapDTO.java,utf-8-sig,59f8c86c398875f7c277a7bbb5fc53add4717c007438fc9bd8a412c4674886d0,NOT_VERIFIED
java-common,src/main/java/arisuinfo/common/ria/nexacro/map/NexacroMapView.java,utf-8-sig,7b70fb3fe8faa9fff4917a46aca57e73d2bfbad9e55fc7fb5182008bec870bfa,NOT_VERIFIED
java-common,src/main/java/arisuinfo/common/ria/nexacro/NexacroConstant.java,utf-8-sig,0782d424a236bce47df3a625f5e58cebf0b1284cb7d3613bd6e32d77d86c2dde,NOT_VERIFIED
java-common,src/main/java/arisuinfo/common/ria/nexacro/vo/ClassInfo.java,utf-8-sig,300884d683b91f95e904128c24fa85c4452ee9a1d8942d7634604f939c686272,NOT_VERIFIED
java-common,src/main/java/arisuinfo/common/ria/nexacro/vo/DataSetObject.java,utf-8-sig,2c16f206614cfc8dac6cae681b9590ad7b276050e03b247f53bc9da4999d5e97,NOT_VERIFIED
java-common,src/main/java/arisuinfo/common/ria/nexacro/vo/DataSetVOMapping.java,utf-8-sig,19f5cd1e488cafd68421c3e1d8ecac75306313abb6cf7d58f6ac0fd8704e82a6,NOT_VERIFIED
java-common,src/main/java/arisuinfo/common/ria/nexacro/vo/NexacroAdaptorVOImp.java,utf-8-sig,3a76e9ec8edb6500098b31cd64bc6a89c3e543bba245e8d6793df2ed1de7d6da,NOT_VERIFIED
java-common,src/main/java/arisuinfo/common/ria/nexacro/vo/NexacroObjectDTO.java,utf-8-sig,3801530616c6cf66c1fb5ea50dddacbaf0b59f8821bbe2bcdae788730be5d190,NOT_VERIFIED
java-common,src/main/java/arisuinfo/common/ria/nexacro/vo/NexacroObjectView.java,utf-8-sig,60d3320c47e6e39080e997a65b2f1b2ca74e9e05dfd67dabc72e1d5b41dff3db,NOT_VERIFIED
java-common,src/main/java/arisuinfo/common/ria/nexacro/vo/NexacroTransactionVO.java,utf-8-sig,534e83e70e71b3b1f965fb7eb37b2ca11d2aedc47631bdbb2129bd426e631ceb,NOT_VERIFIED
java-common,src/main/java/arisuinfo/common/ria/nexacro/vo/RowType.java,utf-8-sig,2c51671afdfd22acec349f99b71afbdf52971c447c3cf18de26ecb9fbe1462ca,NOT_VERIFIED
java-common,src/main/java/arisuinfo/common/ria/support/CustomRiaArgumentResolver.java,utf-8-sig,3f30d526a8e260efc1dfe4c01357f588ffa129a84d74460f7e3cd1f999adee34,NOT_VERIFIED
java-common,src/main/java/arisuinfo/common/ria/support/CustomWebArgumentResolver.java,utf-8-sig,5f024862fa4a1d872cfb9022856050ff6131bd14c959ed4f131fd8c4b46d3f87,NOT_VERIFIED
java-common,src/main/java/arisuinfo/common/ria/support/ExtAnnotationHandlerMapping.java,utf-8-sig,9659f466c38c366c0caf808ba71c2e9bf0dc5f77ddb69dbff5ab0a41fe963c67,NOT_VERIFIED
java-common,src/main/java/arisuinfo/common/ria/support/interceptor/LocaleChangeInterceptor.java,utf-8-sig,5c8798973481e484634987add3e408a6e741c11137e1cb64ac9d387dd6c76216,NOT_VERIFIED
java-common,src/main/java/arisuinfo/common/ria/support/NexacroAdaptor.java,utf-8-sig,382cb43cd5a55712eb468515f75538e5823cc721499dea5abeecc7c86883b3d3,NOT_VERIFIED
java-common,src/main/java/arisuinfo/common/ria/support/RiaInterceptor.java,utf-8-sig,008bfd10ef30290ea4898b4bb887693411ce2d910e3770e28f72006a530559b3,NOT_VERIFIED
java-common,src/main/java/arisuinfo/common/ria/support/UiAdaptor.java,utf-8-sig,1c83437f4954aa8099d37ddecce3e7cf3bb6d58ea0134b2a0b8ef2c3eac9f76a,NOT_VERIFIED
java-common,src/main/java/arisuinfo/common/schedule/ScheduleTask.java,utf-8-sig,17f1f0524b3d368d4456175d69bffaca4968039f9f9f4ef67cab6ec19d78eb28,NOT_VERIFIED
java-common,src/main/java/arisuinfo/common/sse/service/CmSseService.java,utf-8-sig,71efee63fd7a477938f5f2c7cbd7c35b2127f46729773ab2579481acd4d2d63e,NOT_VERIFIED
java-common,src/main/java/arisuinfo/common/sse/service/impl/CmSseServiceImpl.java,utf-8-sig,49f2a850cbc3214063af284c9c1ac280f9956312af2a9ce414c1b5a92a8e9c2b,NOT_VERIFIED
java-common,src/main/java/arisuinfo/common/sse/web/CmSseController.java,utf-8-sig,26a6793fdb19c9d1576ca499678f969b1f876db40664a13cea153f30ba3dbc23,NOT_VERIFIED
java-common,src/main/java/arisuinfo/common/util/CsrfTokenUtil.java,utf-8-sig,e7c3cfd05d0e4f95fad41feae66c7636e67d944c1b7587eac9cca88c30d41997,NOT_VERIFIED
java-common,src/main/java/arisuinfo/common/validation/EgovNotNull.java,utf-8-sig,9e27061e768f842adbf22a8fdc3b5035187cec567517b49139ad76213aec1c8d,NOT_VERIFIED
java-common,src/main/java/arisuinfo/common/validation/EgovValidation.java,utf-8-sig,1339a8701ab32e9f3c1cd8d667d6dcb7700e1ededf4a5525c83f115d2fcd4f84,NOT_VERIFIED
java-common,src/main/java/arisuinfo/common/xeni/XeniExportExtendService.java,utf-8-sig,8fe938800cd2eee5b6385fcda5ef40859fdcc7c4152a109d9ea161d06ac1b149,NOT_VERIFIED
java-common,src/main/java/arisuinfo/common/xeni/XeniExportStorageFactory.java,utf-8-sig,82d4e241bf88dd307bcbeaaf6a40a7f601af09be28f4af86d3cf7ad447d9cfa0,NOT_VERIFIED
mapper-cm,src/main/resources/mappers/arisuinfo/cm/addrMapper.xml,utf-8-sig,0d54738f313674f2e474f3a96cb751b9843504e082144b0971cadb4e385a85f1,NOT_VERIFIED
mapper-cm,src/main/resources/mappers/arisuinfo/cm/auth/auth/authChgHstryMapper.xml,utf-8-sig,a0b54e342d72ebaf08dcd5855785e98a12682bc8ff6751d97cad4d6869ec9b10,NOT_VERIFIED
mapper-cm,src/main/resources/mappers/arisuinfo/cm/auth/auth/authMenuMapper.xml,utf-8-sig,58f0c448c2fa6abd7f274be84341c30a2542d7c015fa2c1f99b2fc562ce64cbb,NOT_VERIFIED
mapper-cm,src/main/resources/mappers/arisuinfo/cm/auth/auth/authMngMapper.xml,utf-8-sig,ff48590e4a9cf11cd2cc40faeebca575a9f7a21913a30ea5c8114025a74f1ab9,NOT_VERIFIED
mapper-cm,src/main/resources/mappers/arisuinfo/cm/auth/auth/authUsrMapper.xml,utf-8-sig,b4c31f8255a0e0af69c26ceeb1bccf86e32177c0f9b546573ac85f68ed4c7b4b,NOT_VERIFIED
mapper-cm,src/main/resources/mappers/arisuinfo/cm/auth/menu/menuMngMapper.xml,utf-8-sig,dfcc9201337e229ac8979c69c9ede7c1e2d82a798e2da0f8c5dd3e3fccbd07a0,NOT_VERIFIED
mapper-cm,src/main/resources/mappers/arisuinfo/cm/auth/pgm/pgmMngMapper.xml,utf-8-sig,cc8a3478f433852813afee5a70c0ccfa3ae139281dac46fb30b0113444b73f29,NOT_VERIFIED
mapper-cm,src/main/resources/mappers/arisuinfo/cm/bankCdMngMapper.xml,utf-8-sig,e61a44112f099cbb0c7d5149884424e2c5efc0757c258b756e7776950ed59c08,NOT_VERIFIED
mapper-cm,src/main/resources/mappers/arisuinfo/cm/basicChrMsgMngMapper.xml,utf-8-sig,a88f046303ca820b669453826871e6754096c0a6107b81a94fcd4a8c1fef9c9e,NOT_VERIFIED
mapper-cm,src/main/resources/mappers/arisuinfo/cm/bbs/bbsDocMngMapper.xml,utf-8-sig,b2bd9788205e482d74bb5e65db4fc8a31b3083c719eb3b669cb50642f79745af,NOT_VERIFIED
mapper-cm,src/main/resources/mappers/arisuinfo/cm/bbs/bbsFaqMngMapper.xml,utf-8-sig,4bf64f21fa44071c2721a52ba81d1a606d13c485c1fecd6bc4113aae80b99356,NOT_VERIFIED
mapper-cm,src/main/resources/mappers/arisuinfo/cm/bbs/bbsMngMapper.xml,utf-8-sig,6045ea9d73c544bc9f760d46168b65297d88e2196443494591264c77470b1ba9,NOT_VERIFIED
mapper-cm,src/main/resources/mappers/arisuinfo/cm/bbs/bbsNtcMngMapper.xml,utf-8-sig,d7b7ec9fdd09531df4cc34767061201857c22cd32436ef82d3e82b475e77a755,NOT_VERIFIED
mapper-cm,src/main/resources/mappers/arisuinfo/cm/bbs/bbsQnaMngMapper.xml,utf-8-sig,4e87e333a69cb412419971fc35384d0955836ffb2e57fff5d951876b275c036c,NOT_VERIFIED
mapper-cm,src/main/resources/mappers/arisuinfo/cm/bbs/bbsUtztnTrmsAgreMapper.xml,utf-8-sig,e63aa2f894837388b3919435c974ed8308d143dbcdfb0e9e4887bd8b0cbebd86,NOT_VERIFIED
mapper-cm,src/main/resources/mappers/arisuinfo/cm/bbs/BbsUtztnTrmsMapper.xml,utf-8-sig,da59acfe43e63240cbf56009868c3514ffef0cfdb10ab0b48d409b3e6e62d9d9,NOT_VERIFIED
mapper-cm,src/main/resources/mappers/arisuinfo/cm/billFormHistMapper.xml,utf-8-sig,01acf730b4947d625e410d465254adbbacfbcc0ee9c3a3965bebf2c0253656cf,NOT_VERIFIED
mapper-cm,src/main/resources/mappers/arisuinfo/cm/cdValMngMapper.xml,utf-8-sig,9faa2ad41aeb0bf958651a350ff5714c253b029185c68358346c7364a13eb7dc,NOT_VERIFIED
mapper-cm,src/main/resources/mappers/arisuinfo/cm/cgStdInfoMngMapper.xml,utf-8-sig,40993e1ca20834beb1ca70c16c2c25033e5598aa2e0ac6040b2ed70348c706bd,NOT_VERIFIED
mapper-cm,src/main/resources/mappers/arisuinfo/cm/cmCdListMapper.xml,utf-8-sig,a585b78f1b0ec7381715661d4f373b021cd8d4710549e101a316db17c1d06934,NOT_VERIFIED
mapper-cm,src/main/resources/mappers/arisuinfo/cm/cmCdMapper.xml,utf-8-sig,ddcb93fe50f329293a6f2f201c39da6f68b490d1e1beda01bc52f698fa356a16,NOT_VERIFIED
mapper-cm,src/main/resources/mappers/arisuinfo/cm/cmCdMngMapper.xml,utf-8-sig,6f1f7e3ab6305dba15a9b470a53d55f0dbb0fb874566025c399d51aa6d46518a,NOT_VERIFIED
mapper-cm,src/main/resources/mappers/arisuinfo/cm/cmFileReqMapper.xml,utf-8-sig,1d6cba5ee30b029b572224625b6c6915d0fb740732d7ac0d2d2c5b4691eb370c,NOT_VERIFIED
mapper-cm,src/main/resources/mappers/arisuinfo/cm/cmSmsSndngMapper.xml,utf-8-sig,c667ac616c6942ff51b21fcf716021d048f63704cf0675b0554f6c1acecef1a7,NOT_VERIFIED
mapper-cm,src/main/resources/mappers/arisuinfo/cm/cntcMngMapper.xml,utf-8-sig,8b5f213447c815b9a4c5403403a06b8687662fdc660e3acba28c0c371b9fe743,NOT_VERIFIED
mapper-cm,src/main/resources/mappers/arisuinfo/cm/csCdMngMapper.xml,utf-8-sig,240d63ff859ae9af58e0c5270217fc57a42fbf824d884fc50f4387af944c4937,NOT_VERIFIED
mapper-cm,src/main/resources/mappers/arisuinfo/cm/deptListMapper.xml,utf-8-sig,7fb94a42e642fc555adaddb9cdbf17a8380ec08d4c9ddbb6671c6b104aadf26f,NOT_VERIFIED
mapper-cm,src/main/resources/mappers/arisuinfo/cm/eltNtHstMapper.xml,utf-8-sig,2e03bd44dca55b5f9cfef6d8d4251c5949df55d2c9d6354d9b703af15fbd180d,NOT_VERIFIED
mapper-cm,src/main/resources/mappers/arisuinfo/cm/eltSanctnMngMapper.xml,utf-8-sig,0c6aadc94647efb87a43f87b4c7797731732093e7f9cfa748c6f883b16eba88b,NOT_VERIFIED
mapper-cm,src/main/resources/mappers/arisuinfo/cm/emailMapper.xml,utf-8-sig,19589555dfa26c493f3adeb9c03ca74daf70b5b1ea0e7be3883f48e558aba4ac,NOT_VERIFIED
mapper-cm,src/main/resources/mappers/arisuinfo/cm/excDwnLogMngMapper.xml,utf-8-sig,7a78ca98e760ba877aace51588bf0492e4e5dfc09447e594c0f49970301199ca,NOT_VERIFIED
mapper-cm,src/main/resources/mappers/arisuinfo/cm/hgyeSmokArvMngMapper.xml,utf-8-sig,625a3a85dfff3d1f14b96f55e78e0cd3b653fcd6a80bf3771bc2c4fef211fc9b,NOT_VERIFIED
mapper-cm,src/main/resources/mappers/arisuinfo/cm/holidayMngMapper.xml,utf-8-sig,ca0c9fc2e592f51230100da81464fa86f5515a1f9af27a318e6a434e27468ba2,NOT_VERIFIED
mapper-cm,src/main/resources/mappers/arisuinfo/cm/hp/hpGuideMngMapper.xml,utf-8-sig,2241dd0869e558ffd7e699eb7194e2b91075a6778a6e1bdb0893204954f34bd1,NOT_VERIFIED
mapper-cm,src/main/resources/mappers/arisuinfo/cm/insttCdMngMapper.xml,utf-8-sig,e555723175090f323d0ea6a7db335894d06395b4766a3d195bb095bb4453cb8d,NOT_VERIFIED
mapper-cm,src/main/resources/mappers/arisuinfo/cm/iseMenuListMapper.xml,utf-8-sig,88cce243d3096a78334070bf17c50b65d4bba015c2b92bb85ba148c5ba6ddcf1,NOT_VERIFIED
mapper-cm,src/main/resources/mappers/arisuinfo/cm/issueMngMapper.xml,utf-8-sig,a78e1c6f3b1c4049deaa08ade80f278ff002f934ad878319eefac5a3a0af3126,NOT_VERIFIED
mapper-cm,src/main/resources/mappers/arisuinfo/cm/jobProcHistMapper.xml,utf-8-sig,bba5c8c6ff226152929340c405323e3218970efed711ffe7951e7fbdd476ed5d,NOT_VERIFIED
mapper-cm,src/main/resources/mappers/arisuinfo/cm/loginMapper.xml,utf-8-sig,c3dcedaae7ee36f7e65b34e8eb24ffec74e269f84bc77c9ddfea89b7a4d582b4,NOT_VERIFIED
mapper-cm,src/main/resources/mappers/arisuinfo/cm/mainMngMapper.xml,utf-8-sig,c9d55e0dd485b2e44232fad184742dfc33a06574d8ffb45d33c5562211e6f828,NOT_VERIFIED
mapper-cm,src/main/resources/mappers/arisuinfo/cm/myPage/mkeyHistMapper.xml,utf-8-sig,4004bd9897f53e8ca9ad6d864b1bbb06a38d4a592ce80364571da742d125e161,NOT_VERIFIED
mapper-cm,src/main/resources/mappers/arisuinfo/cm/myPage/usrSchdulMngMapper.xml,utf-8-sig,e1f63952b0f95abb166164e46c0946160054f690e1ac667cfc6f03db7853b7e1,NOT_VERIFIED
mapper-cm,src/main/resources/mappers/arisuinfo/cm/offceMngMapper.xml,utf-8-sig,ab03bd053c30309bf91aad2f72c7a51b175c8bb5d171c395458fa968990407d0,NOT_VERIFIED
mapper-cm,src/main/resources/mappers/arisuinfo/cm/officeListMapper.xml,utf-8-sig,13380307640a68f537f4f5fb0193827735eb89f3fe224cdcbb03ed4d792f41d9,NOT_VERIFIED
mapper-cm,src/main/resources/mappers/arisuinfo/cm/printCnMngMapper.xml,utf-8-sig,5fb9ca4a2e99bb2c287f19d3abd5f12c38d1e5b8b2c10998e648f26af8e7802b,NOT_VERIFIED
mapper-cm,src/main/resources/mappers/arisuinfo/cm/prmtMngMapper.xml,utf-8-sig,3f92e857d333f1a83979827ef8b118c4960146bbfd0a69f6076bd01f45148613,NOT_VERIFIED
mapper-cm,src/main/resources/mappers/arisuinfo/cm/procSchdulMapper.xml,utf-8-sig,2444a45cbc7400dd99582965150678622e64c12f2f2508f1035227b62c81ae34,NOT_VERIFIED
mapper-cm,src/main/resources/mappers/arisuinfo/cm/taskMngMapper.xml,utf-8-sig,0e8f70244fb0c04d2045e8b43c3e3ed2ba2fb94731cfaf1362c9489f40d85d33,NOT_VERIFIED
mapper-cm,src/main/resources/mappers/arisuinfo/cm/umsSndngHstMapper.xml,utf-8-sig,6375ee41a54bdc80d72c35baa23166e61269e8dc638621210e43f4431a9e127e,NOT_VERIFIED
mapper-cm,src/main/resources/mappers/arisuinfo/cm/umsSndngMapper.xml,utf-8-sig,e28e38bf5cd8f3763020f878b848247dfa6c60d5c716072b33373ea9976f9ebe,NOT_VERIFIED
mapper-cm,src/main/resources/mappers/arisuinfo/cm/usr/jobChrgerMngMapper.xml,utf-8-sig,b58ad28eb797eb26db25b2afc2b4e332bafacaa17c4903d7f4d253fb42cac4fb,NOT_VERIFIED
mapper-cm,src/main/resources/mappers/arisuinfo/cm/usr/myInfoMapper.xml,utf-8-sig,4df9f3ae31233ed24233b0085459d3c9762d75062c93049b01782782afa12a27,NOT_VERIFIED
mapper-cm,src/main/resources/mappers/arisuinfo/cm/usr/usrJobMapper.xml,utf-8-sig,57faab58da29a1eebf8c942d8fd223a10cb3347fa3e244d08483a4eb8ca86333,NOT_VERIFIED
mapper-cm,src/main/resources/mappers/arisuinfo/cm/usr/usrMngMapper.xml,utf-8-sig,263dbce765f4696ed8d290d1f77ff157d8b16cb9a8d6864c1385a695803d14f6,NOT_VERIFIED
mapper-cm,src/main/resources/mappers/arisuinfo/cm/usr/usrMntrngMapper.xml,utf-8-sig,300862f6b04e1f66dc590e8174597f049041772c87c357dee80baa42c00d886f,NOT_VERIFIED
mapper-cm,src/main/resources/mappers/arisuinfo/cm/usr/usrRgnMapper.xml,utf-8-sig,0ac8709f9175651b93b6bca4df7602d9de572b4276706059fa9de192bbd6ef23,NOT_VERIFIED
mapper-cm,src/main/resources/mappers/arisuinfo/cm/workDayMngMapper.xml,utf-8-sig,1732aa13a5a7918b7da0000071b875ed925dd3f67a750f825f1d799de6f622c2,NOT_VERIFIED
mapper-com,src/main/resources/mappers/arisuinfo/com/batchMapper.xml,utf-8-sig,3032259ba427a12a226fec19e3f3efefbb3df49600e401cab6f1f63557b6b7b5,NOT_VERIFIED
mapper-com,src/main/resources/mappers/arisuinfo/com/eltSancMapper.xml,utf-8-sig,a2cc024504c90cc4714222c08506ba469e8d0ae0f70b63afa71fa7cb33b42f8f,NOT_VERIFIED
mapper-com,src/main/resources/mappers/arisuinfo/com/fileUploadMapper.xml,utf-8-sig,ab2f7025aa78497efff16fe9b81108a17b749163417d7c7008b76e036c5f686c,NOT_VERIFIED
mapper-com,src/main/resources/mappers/arisuinfo/com/miomMtrMapper.xml,utf-8-sig,6e43e6da2d05a877f7a47b78d62b4604047b37c413065c608872716b43536d62,NOT_VERIFIED
screen-cm,src/main/nexacro/form/cm/bbs/cmBbsDocDetailP.xfdl,utf-8-sig,97f37de300c34e647e152dc35797b2b66a2daf07963818f743d443a46aae1e58,NOT_VERIFIED
screen-cm,src/main/nexacro/form/cm/bbs/cmBbsDocF.xfdl,utf-8-sig,82231505483e2155a590a81318a38a337e28c959a7d521209c438bba0507d9e7,NOT_VERIFIED
screen-cm,src/main/nexacro/form/cm/bbs/cmBbsDocMngDetailP.xfdl,utf-8-sig,fee73893fc8a668637644baa19bc39504acb3767ebff655a7c20d12b28dfaa3d,NOT_VERIFIED
screen-cm,src/main/nexacro/form/cm/bbs/cmBbsFaqDetailP.xfdl,utf-8-sig,a4c6dfc044e1379ffa17314ffd909c3b96b352240be238584a4aa60a2a3af012,NOT_VERIFIED
screen-cm,src/main/nexacro/form/cm/bbs/cmBbsFaqF.xfdl,utf-8-sig,673c416e56b7b009b155a0c5da6a771cd228c4accf90e9c9e0d5c366575a6567,NOT_VERIFIED
screen-cm,src/main/nexacro/form/cm/bbs/cmBbsFaqMngDetailP.xfdl,utf-8-sig,7221b089ecad245ae114cd67a3f0c72cd67485182b7150bbe1b61d5dc83235fb,NOT_VERIFIED
screen-cm,src/main/nexacro/form/cm/bbs/cmBbsMngF.xfdl,utf-8-sig,770d941ceed9c313f0e0a5a5e9359a542a62954708376570b2e523e26c47c580,NOT_VERIFIED
screen-cm,src/main/nexacro/form/cm/bbs/cmBbsNtcDetailP.xfdl,utf-8-sig,b2625027a7e87d60ae777f26a208fa97ad7264eaebe16b13e2b81b3e55c5e2ca,NOT_VERIFIED
screen-cm,src/main/nexacro/form/cm/bbs/cmBbsNtcF.xfdl,utf-8-sig,bd1da3c4da55cbfef4890a222ef4863ea4338eb8f32845d4e445237467708e55,NOT_VERIFIED
screen-cm,src/main/nexacro/form/cm/bbs/cmBbsNtcMngDetailP.xfdl,utf-8-sig,8e77d21f1a2240faa89122f80d5a20624003575ed37d3b4c0d5680345fb4b080,NOT_VERIFIED
screen-cm,src/main/nexacro/form/cm/bbs/cmBbsQnaDetailP.xfdl,utf-8-sig,c412dd304e26081d697806046b2735f1444b4a77964946191e22ec825bb39e94,NOT_VERIFIED
screen-cm,src/main/nexacro/form/cm/bbs/cmBbsQnaF.xfdl,utf-8-sig,588ffcd7e0d0dab1fc10440e26a1274cb9065b4eaa748de761f68b4978f219b6,NOT_VERIFIED
screen-cm,src/main/nexacro/form/cm/bbs/cmBbsQnaMngDetailP.xfdl,utf-8-sig,12124b1f5334e006250bd8dd13e39aeea31eabe6d1a9adacba7cc7c2d09e46f3,NOT_VERIFIED
screen-cm,src/main/nexacro/form/cm/bbs/cmBbsQnaModifyP.xfdl,utf-8-sig,1f891a128c54c65ea5fe952263848ef9abd8df5810c5bd6b50ab0f3b27121d8c,NOT_VERIFIED
screen-cm,src/main/nexacro/form/cm/bbs/cmBbsQnaRegP.xfdl,utf-8-sig,ec7ec4037c2b2d75bc3da020cfd91dc5267843c28f1142b55c3163a6d74a3ebc,NOT_VERIFIED
screen-cm,src/main/nexacro/form/cm/bbs/cmBbsRateTblF.xfdl,utf-8-sig,17714995fd1491d33d6ea95db244830a5504f43bbf2e4edc4871ab821adf02de,NOT_VERIFIED
screen-cm,src/main/nexacro/form/cm/bbs/cmUtztnTrmsMngF.xfdl,utf-8-sig,1812db144e8b5532478d82f2e4299e9dd5386b1fa61174484a6894ff39adbb74,NOT_VERIFIED
screen-cm,src/main/nexacro/form/cm/bbs/cmUtztnTrmsMngP.xfdl,utf-8-sig,7c7d93c0e78f6814fa5c1909759d2856c32cff4438f742e59d3c296406e57fa0,NOT_VERIFIED
screen-cm,src/main/nexacro/form/cm/bsis/cmBankCdMngF.xfdl,utf-8-sig,cad8ea3ed2f8313c7028c76cc40f192d7a4fc3caa2d3b8b7478460c3fd82ace7,NOT_VERIFIED
screen-cm,src/main/nexacro/form/cm/bsis/cmBasicChrMsgMngF.xfdl,utf-8-sig,3d30b3dab6047d46ffe369c534115d8ef9992304eb3ef58e23aacca3b3e4d3b3,NOT_VERIFIED
screen-cm,src/main/nexacro/form/cm/bsis/cmCdValMngF.xfdl,utf-8-sig,a12092bbd94ff78f5b74878593f61a479e28324e008499c91fae89a090853b4e,NOT_VERIFIED
screen-cm,src/main/nexacro/form/cm/bsis/cmCgStdInfoSmiMngF.xfdl,utf-8-sig,e4bcf45571f641530c989923641d36f6e26e6609f2869767d949b43ecdb1708e,NOT_VERIFIED
screen-cm,src/main/nexacro/form/cm/bsis/cmCgStdrInfoMngF.xfdl,utf-8-sig,5c877a75d3092bfcd712a9df84bc6602f9e6732634653928c2d492ba601f287f,NOT_VERIFIED
screen-cm,src/main/nexacro/form/cm/bsis/cmCmCdMngF.xfdl,utf-8-sig,9812894b685f7cf4082d37581df848d923bd03d3027395e62da569f2e03102f8,NOT_VERIFIED
screen-cm,src/main/nexacro/form/cm/bsis/cmCsCdMngF.xfdl,utf-8-sig,d13c5a2145a8c53782f12ae714f7ba7eeebb006947b1bc98c095e9e4f231b9c8,NOT_VERIFIED
screen-cm,src/main/nexacro/form/cm/bsis/cmExpansGuidP.xfdl,utf-8-sig,7d8b7aee6e22b215687493214e8705e73f5a418d83cab504ab9da6f94f30d0d7,NOT_VERIFIED
screen-cm,src/main/nexacro/form/cm/bsis/cmHelpMngDetailP.xfdl,utf-8-sig,918979b58d905102c0f8682e1653d8d8536e9404c855cdfbdc0bcce2c7425a70,NOT_VERIFIED
screen-cm,src/main/nexacro/form/cm/bsis/cmHelpMngF.xfdl,utf-8-sig,5643c9c64f51286206e020c7fdac859f955bae3f86963f19a10c6e2075bd4865,NOT_VERIFIED
screen-cm,src/main/nexacro/form/cm/bsis/cmHgyeSmokArvMngF.xfdl,utf-8-sig,e17556529bb2f3c36a0c5c68d25faa37166c9f5e4d37cabe3a24ade47db98861,NOT_VERIFIED
screen-cm,src/main/nexacro/form/cm/bsis/cmHolidayMngF.xfdl,utf-8-sig,d10404109bb2557d25481dbeabcfe52e763d920b423e90132f4a0bceb68c07be,NOT_VERIFIED
screen-cm,src/main/nexacro/form/cm/bsis/cmInsttCdMngF.xfdl,utf-8-sig,366340251751f1f711a4387f4a4a574e0cfae40c4024ffb08ef410b2205d6bc2,NOT_VERIFIED
screen-cm,src/main/nexacro/form/cm/bsis/cmInsttP.xfdl,utf-8-sig,54977679328fb6658515a70af168afabb754afda1e43d7ce041e659e7291f3b0,NOT_VERIFIED
screen-cm,src/main/nexacro/form/cm/bsis/cmOfficeMngF.xfdl,utf-8-sig,9e25a4ff8253c0eded261034765ea83b316c9f07b2df49bcde7429abcec7b8c1,NOT_VERIFIED
screen-cm,src/main/nexacro/form/cm/bsis/cmPrintCnMngF.xfdl,utf-8-sig,f10ba19435aff2ae069ed138f43081064c00680c53f4aa9dffda9a62777bf742,NOT_VERIFIED
screen-cm,src/main/nexacro/form/cm/bsis/cmPrmtMngF.xfdl,utf-8-sig,bf93ffb14b5315876ca8658edc76486ac8ca2b2d595743f55acdd6354ee2c109,NOT_VERIFIED
screen-cm,src/main/nexacro/form/cm/bsis/cmWorkDayDetailP.xfdl,utf-8-sig,790c8564ac014eec0baec0baacad2bcf9d5f43db191ac7ff69b5f68afc6c5239,NOT_VERIFIED
screen-cm,src/main/nexacro/form/cm/bsis/cmWorkDayMngF.xfdl,utf-8-sig,9e15f03d680dbba5e4b02e460397c2ac06954c1fbfde5ffb895dc597e65d30d6,NOT_VERIFIED
screen-cm,src/main/nexacro/form/cm/bsis/cmWorkDayResveP.xfdl,utf-8-sig,26ab04ee872e757e080340f0d5085a5ddaf4023cbba882ec33d0ea71c1582f90,NOT_VERIFIED
screen-cm,src/main/nexacro/form/cm/bsis/cmZipAddrMngF.xfdl,utf-8-sig,a6538c5800f3a7bc7fd28a5cbfa64295ed18e44d86be973821d28aac56f95711,NOT_VERIFIED
screen-cm,src/main/nexacro/form/cm/cmPop/cmAddrP.xfdl,utf-8-sig,53b91d0eb57a34c1bdab880fa9bd46edd213096d7eff3df0c3c790beab5b3ba4,NOT_VERIFIED
screen-cm,src/main/nexacro/form/cm/cmPop/cmAddrRnP.xfdl,utf-8-sig,b3c66ad9a6fa1a8fc2e3ecf499fb6b201d18cbf746a6773380b8b98f45e76137,NOT_VERIFIED
screen-cm,src/main/nexacro/form/cm/cmPop/cmAlertP.xfdl,utf-8-sig,314a1e3844ea2e3c68b4d610a5b05e0f938344a145bf784fd3f23c6893253b46,NOT_VERIFIED
screen-cm,src/main/nexacro/form/cm/cmPop/cmArvCdP.xfdl,utf-8-sig,98a570ab4259d85a0d595680263cc8986ecaed81dabba413ab90b909b7f0dfdf,NOT_VERIFIED
screen-cm,src/main/nexacro/form/cm/cmPop/cmBankP.xfdl,utf-8-sig,099fbd1f71995b9c3c52dc3ce26bebbaa0ea4a6f032378e015032a2fb863df72,NOT_VERIFIED
screen-cm,src/main/nexacro/form/cm/cmPop/cmBbsMainNtcP.xfdl,utf-8-sig,b6ba4e1841f3bed0f93d9eed3d1d96bf280a5bca23632b379d64288661dbfe1d,NOT_VERIFIED
screen-cm,src/main/nexacro/form/cm/cmPop/cmBbsNtcIconP.xfdl,utf-8-sig,8b90103230f712230e5cd8a9593473b993afa39dda46f06f2284a67d7ce13ccd,NOT_VERIFIED
screen-cm,src/main/nexacro/form/cm/cmPop/cmBbsQnaHelpP.xfdl,utf-8-sig,57f8a1b7d76858be7ad3f4ba57fd1d7e21db358a7b9efdb2f43a0222a33d77fb,NOT_VERIFIED
screen-cm,src/main/nexacro/form/cm/cmPop/cmCdValP.xfdl,utf-8-sig,073236892c5df3ae56adac27db1d09c3a99aa017492256a1617eff3f3c54965a,NOT_VERIFIED
screen-cm,src/main/nexacro/form/cm/cmPop/cmCmCdP.xfdl,utf-8-sig,bb416249d95d4bcaf235a904c03b95fb965b90d8e992b1bc4ffe962c252a2f49,NOT_VERIFIED
screen-cm,src/main/nexacro/form/cm/cmPop/cmCmLwrCdP.xfdl,utf-8-sig,d87d64a690b8468ea45f7210ff175dfa9c6257c23e035334f09588bfe5e69917,NOT_VERIFIED
screen-cm,src/main/nexacro/form/cm/cmPop/cmConfirm2P.xfdl,utf-8-sig,49c78d2f4b67c6f7ddc3798826f023c5fd20740e420aa38793644725b5bd7329,NOT_VERIFIED
screen-cm,src/main/nexacro/form/cm/cmPop/cmConfirmP.xfdl,utf-8-sig,b0656bd00396a1fb1fe1d5ea0d82cc213fa07403ab1c0b7ee3e17d43fdf84295,NOT_VERIFIED
screen-cm,src/main/nexacro/form/cm/cmPop/cmCrfReportD.xfdl,utf-8-sig,4c17eba7addfb8816a090476a426539a649d32347f46c406b267f79f943c80b1,NOT_VERIFIED
screen-cm,src/main/nexacro/form/cm/cmPop/cmCrfReportFaxP.xfdl,utf-8-sig,fb7c76eefce771f9736b035a2de1de23d39c7c48d01486aeb71a921d8596aab6,NOT_VERIFIED
screen-cm,src/main/nexacro/form/cm/cmPop/cmCrfReportP.xfdl,utf-8-sig,e7fac3051cdd85f0aa1367ff4d04404979ecb4538fc716f7b685260bf0afde34,NOT_VERIFIED
screen-cm,src/main/nexacro/form/cm/cmPop/cmCsCdP.xfdl,utf-8-sig,ec334d6e65a88678490e7b156b9a30b73555b650d729c9d7ec80b78292abf897,NOT_VERIFIED
screen-cm,src/main/nexacro/form/cm/cmPop/cmCsSearchP.xfdl,utf-8-sig,d7d1398f16e8cf6398e881fd61fd3b7b75071f5ae82381ea0079858f93566b84,NOT_VERIFIED
screen-cm,src/main/nexacro/form/cm/cmPop/cmDataCntrWorkTimeP.xfdl,utf-8-sig,89b6208041db79cf231d09cc7853442f6ec275b09ea6e3295936f52f27848de1,NOT_VERIFIED
screen-cm,src/main/nexacro/form/cm/cmPop/cmDeptCdP.xfdl,utf-8-sig,3b696fed24b3e9c0531c88ae081c06677a032a06864f2ac7ff065151e913cb90,NOT_VERIFIED
screen-cm,src/main/nexacro/form/cm/cmPop/cmDongCdP.xfdl,utf-8-sig,efc5df9212bf33d27672911b50a02948f2a655295975ff15588387c62a2764b1,NOT_VERIFIED
screen-cm,src/main/nexacro/form/cm/cmPop/cmEmailSndngP.xfdl,utf-8-sig,bb09e6c27c724b189f228f53a334a4c5f9019de13a3208f2ff41428dfb1a08ac,NOT_VERIFIED
screen-cm,src/main/nexacro/form/cm/cmPop/cmExcelPwP.xfdl,utf-8-sig,22263e787d3040372fbe60c13f2e80381144fa04badbb2150f5583f72b9e0405,NOT_VERIFIED
screen-cm,src/main/nexacro/form/cm/cmPop/cmExcRsnRegP.xfdl,utf-8-sig,61df021840978dbbded1dd71b3e5c0b7665883b062dc162f8ed6eba4cf827ae6,NOT_VERIFIED
screen-cm,src/main/nexacro/form/cm/cmPop/cmFaxSndngP.xfdl,utf-8-sig,0e1c4d2600f696b74f4229b924bde951d8efb8d2b9201cb5121a58d26a329929,NOT_VERIFIED
screen-cm,src/main/nexacro/form/cm/cmPop/cmFileUploadP.xfdl,utf-8-sig,cd1774a77f0df7b3aba720bac185831213d0ab144b2cb423caa82392cbb1ee6d,NOT_VERIFIED
screen-cm,src/main/nexacro/form/cm/cmPop/cmGisP.xfdl,utf-8-sig,3f5498b8fe0affa4833e8ac90025144b0c5378db886f4f3fb8688465f1ff4195,NOT_VERIFIED
screen-cm,src/main/nexacro/form/cm/cmPop/cmGuCdP.xfdl,utf-8-sig,0dd4b92e9e0c8f0ca1e9c29ee1e2f6a20e893476bcd3bf6d9021a7aad10ac57d,NOT_VERIFIED
screen-cm,src/main/nexacro/form/cm/cmPop/cmGuDongP.xfdl,utf-8-sig,912071c6389a82334fd7113ff236feac65bb8f43587242e591c622dd4473995d,NOT_VERIFIED
screen-cm,src/main/nexacro/form/cm/cmPop/cmGuDongSelfHanamP.xfdl,utf-8-sig,763508f90ce966a7a36bc11943eac3645bbe071ce62efe47e9b72d840ce11bf9,NOT_VERIFIED
screen-cm,src/main/nexacro/form/cm/cmPop/cmGuDongSelfP.xfdl,utf-8-sig,3a1a8548f46420d3e3e7cc6d098405c13f09e1587cfe52c52f5df5d2b5892386,NOT_VERIFIED
screen-cm,src/main/nexacro/form/cm/cmPop/cmHelpViewP.xfdl,utf-8-sig,5fbac4d2f93b724fdb60f21bd8e904321e92f0fd72f25755bc17ad42142b2e57,NOT_VERIFIED
screen-cm,src/main/nexacro/form/cm/cmPop/cmHgyeGmokSmokP.xfdl,utf-8-sig,e454a95078617201fa9b0365f6b394feca914da8ae84fd4b4c6006508d8acb86,NOT_VERIFIED
screen-cm,src/main/nexacro/form/cm/cmPop/cmJobStatusMngP.xfdl,utf-8-sig,c5fc9352870900231bacaf3790fce24a2defa7c68fe4ef53a718f10b7e2c97db,NOT_VERIFIED
screen-cm,src/main/nexacro/form/cm/cmPop/cmJobTelP.xfdl,utf-8-sig,c2a95298dd0807cccd4f6975b0228f09606010084c1e043fe4fd1662c46e1bd9,NOT_VERIFIED
screen-cm,src/main/nexacro/form/cm/cmPop/cmMsgP.xfdl,utf-8-sig,0c01e5ffb109698e71a990f97ae8c7af6668f39497bac1becac92613f64834de,NOT_VERIFIED
screen-cm,src/main/nexacro/form/cm/cmPop/cmMyInfoUpdateP.xfdl,utf-8-sig,e11f40434df0d7e77b8dbbb2462b5f7f4332b9099738eee720056137bea3c6cf,NOT_VERIFIED
screen-cm,src/main/nexacro/form/cm/cmPop/cmPhotoUploadP.xfdl,utf-8-sig,edbb7b56c9af3ce366c86a4ba7eb25666e396520c6a061866ab0d642730541ec,NOT_VERIFIED
screen-cm,src/main/nexacro/form/cm/cmPop/cmRaInfoMngP.xfdl,utf-8-sig,1f9aa40d0c94c22ef8bc292bf29848106b5fe49f539ecd05e32cac9fa00fcd75,NOT_VERIFIED
screen-cm,src/main/nexacro/form/cm/cmPop/cmReportP.xfdl,utf-8-sig,ce9df71a415f6231caa25aa004d237fa86b576a26976be5906158764833b0a62,NOT_VERIFIED
screen-cm,src/main/nexacro/form/cm/cmPop/cmSiteMap.xfdl,utf-8-sig,a5f6ad1513001f344e54816a8355bff66cd4ba014ff828fca32dba6e1221807a,NOT_VERIFIED
screen-cm,src/main/nexacro/form/cm/cmPop/cmSiteMap_bak.xfdl,utf-8-sig,a9d9a40b7495f2c1bf50cd80c69c69dc2638403d7c18e04ac8793bf59c094145,NOT_VERIFIED
screen-cm,src/main/nexacro/form/cm/cmPop/cmSmsSndngP.xfdl,utf-8-sig,0deedcc9568afdd7aeaa1664e1fcde0e2f565694ad6b9f5ab784c005f31acdbc,NOT_VERIFIED
screen-cm,src/main/nexacro/form/cm/cmPop/cmTempLoginMngP.xfdl,utf-8-sig,ebde1567c6816d00ae49a7a9463c49d75078ff7b1b5cdc27e8e6e9d7284d2cac,NOT_VERIFIED
screen-cm,src/main/nexacro/form/cm/main/cmBoard.xfdl,utf-8-sig,92575792ba5a6e30bad0201bef2e6e11795c820fa1d04da551f4f02e2822fb4e,NOT_VERIFIED
screen-cm,src/main/nexacro/form/cm/main/cmCalendarF.xfdl,utf-8-sig,2d2850a2a2e3cf7e0fbc2f69d312f4cff6392b34334c8d4e30ba16b0fc6269b2,NOT_VERIFIED
screen-cm,src/main/nexacro/form/cm/main/cmNtcBannerF.xfdl,utf-8-sig,73fe762af4d9762d9ec8a86afee80dc283f63e2709cca4f03838d329250a1685,NOT_VERIFIED
screen-cm,src/main/nexacro/form/cm/mypage/cmDayMngP.xfdl,utf-8-sig,04bcda7b8fb279e8d4e78609df954ba0b45c58c3bd4036e0fff239c375fd6ce9,NOT_VERIFIED
screen-cm,src/main/nexacro/form/cm/mypage/cmEltSanctnMngF.xfdl,utf-8-sig,0cf0f0706cf0ce1c1f646daf272fa72ceda114794ed262388cc20805ffb93ca9,NOT_VERIFIED
screen-cm,src/main/nexacro/form/cm/mypage/cmJobAlrmF.xfdl,utf-8-sig,f63077b11bb5f42b032c6efcd3a8c35f03b1c370af85a9b351d4dd2cdbaa8fb8,NOT_VERIFIED
screen-cm,src/main/nexacro/form/cm/mypage/cmJobProcHistF.xfdl,utf-8-sig,8c34209b84b2468636f105ae3d6ba785e32cd8117d1fbb33db2b875399956242,NOT_VERIFIED
screen-cm,src/main/nexacro/form/cm/mypage/cmMkeyHistF.xfdl,utf-8-sig,e0605c753a34c90ea741d22aea11e8e45c5a3954fc2bc9d3217d7c4573527010,NOT_VERIFIED
screen-cm,src/main/nexacro/form/cm/mypage/cmMyInqHistF.xfdl,utf-8-sig,f3cd0e37910e225089baed49b4b78441938d163210217c67dc03a79683f22ba7,NOT_VERIFIED
screen-cm,src/main/nexacro/form/cm/mypage/cmMySchMngF.xfdl,utf-8-sig,41e8aa9e62e5e763b109c40f1d85733671dd1c9f41ece039f9a0b0f232e16f2b,NOT_VERIFIED
screen-cm,src/main/nexacro/form/cm/mypage/cmMySchRegP.xfdl,utf-8-sig,99790995d7e3f4f51002594a803c49f5725193413dcc4ff76e6856a88f6a2263,NOT_VERIFIED
screen-cm,src/main/nexacro/form/cm/mypage/cmMySchUpdP.xfdl,utf-8-sig,598cf2f31b8ac12b624025eb4c073a325ece5f30156e5498f4239200138c9e5e,NOT_VERIFIED
screen-cm,src/main/nexacro/form/cm/oper/cmBatchOperMngF.xfdl,utf-8-sig,bc2fdc7df6eceac2d20122a96e20e1e4c7a1d5036438aaf5734c46fa24f47c63,NOT_VERIFIED
screen-cm,src/main/nexacro/form/cm/oper/cmBillFormHistF.xfdl,utf-8-sig,bf8293085e2bb92e455877d1ab30d378ad9404905b5cf260418b7e5ad1b2ff90,NOT_VERIFIED
screen-cm,src/main/nexacro/form/cm/oper/cmCntcHistF.xfdl,utf-8-sig,ec10cf53cc8246d98c502d3ba1162bfd0d667e7705dabdc3ca8274db0209bb99,NOT_VERIFIED
screen-cm,src/main/nexacro/form/cm/oper/cmCntcMngF.xfdl,utf-8-sig,712c999737dfa55a82cd941ee7b6833f57d7ced00f3a9e68b4683929b1c7e44b,NOT_VERIFIED
screen-cm,src/main/nexacro/form/cm/oper/cmCronTabSetP.xfdl,utf-8-sig,75d8a914f39602209be2ea5a13b22dcdb23886a00f8acf1e720a0f43d7075a08,NOT_VERIFIED
screen-cm,src/main/nexacro/form/cm/oper/cmDaySchdulMngP.xfdl,utf-8-sig,48c3fa4da043ad1986c4bd9007d339f9c0a04c21d820a51b32a31cd3c3d93945,NOT_VERIFIED
screen-cm,src/main/nexacro/form/cm/oper/cmEltNtHstF.xfdl,utf-8-sig,68a48d44af33daa9ba8f168e6125c95c74e765183107e8f284d0ac7ee440a691,NOT_VERIFIED
screen-cm,src/main/nexacro/form/cm/oper/cmEltSanctnMngF.xfdl,utf-8-sig,34b12f6a6ec432e7bbd596e2a9b5fdefda04fb59b1a981b9e17f6a4762fae59b,NOT_VERIFIED
screen-cm,src/main/nexacro/form/cm/oper/cmHelpSmF.xfdl,utf-8-sig,9e0ee204301396091406074e2579240eabb95d8f90cf4bc49ca405fdb4aa5660,NOT_VERIFIED
screen-cm,src/main/nexacro/form/cm/oper/cmIssueMngF.xfdl,utf-8-sig,f05ecc93ce139887a380bcc5b06c33236837904be545ad9e3fc2df731777dd4d,NOT_VERIFIED
screen-cm,src/main/nexacro/form/cm/oper/cmIssueRegP.xfdl,utf-8-sig,f0d24d36d0b76f3f862a75ff30fd9bc46af7c9e35b1ebd553ded6fcc0427be6b,NOT_VERIFIED
screen-cm,src/main/nexacro/form/cm/oper/cmSchdulDtalP.xfdl,utf-8-sig,9c6b773e4fb864320a61ee3a3a65bd94bd62d56ff9986d219e07e63275c60437,NOT_VERIFIED
screen-cm,src/main/nexacro/form/cm/oper/cmSchdulMngF.xfdl,utf-8-sig,5eb322aed0f28ef25ffa01a4dde0b5357008e7054bbf45fe4eed5f7fd430235a,NOT_VERIFIED
screen-cm,src/main/nexacro/form/cm/oper/cmTaskMngF.xfdl,utf-8-sig,445bdd31e5fb084b68259609eec48f699445b6d5f6317c48e6498a1ad840d82a,NOT_VERIFIED
screen-cm,src/main/nexacro/form/cm/user/cmAuthAplyF.xfdl,utf-8-sig,098bff0197c76ce6b82a22f80c815d2ff5516d8b96435a91ef14f130924da87c,NOT_VERIFIED
screen-cm,src/main/nexacro/form/cm/user/cmAuthChgP.xfdl,utf-8-sig,0df610d5e66c89ecf1c0e99ee806ce95bbd59ba9ac4b6639fa04ed80c80038d6,NOT_VERIFIED
screen-cm,src/main/nexacro/form/cm/user/cmAuthHstryP.xfdl,utf-8-sig,4f2126907779e7ad5f0eb58b1f69d040d316f7984a317467649c03aba3e61d38,NOT_VERIFIED
screen-cm,src/main/nexacro/form/cm/user/cmAuthMenuP.xfdl,utf-8-sig,23b6e55bc5ead1125084392905d449d3056aa484b698b44cfe0fefaa88c7081a,NOT_VERIFIED
screen-cm,src/main/nexacro/form/cm/user/cmAuthMndtP.xfdl,utf-8-sig,a124231dcb8f079449e864bec83de3541c64ef702fa9f5c3a0b672627715dd5d,NOT_VERIFIED
screen-cm,src/main/nexacro/form/cm/user/cmAuthMngF.xfdl,utf-8-sig,793534a93cefd3ef96f9cbc94ba75703fe4c1846146e9d05142a1d45371effa9,NOT_VERIFIED
screen-cm,src/main/nexacro/form/cm/user/cmAuthMngP.xfdl,utf-8-sig,2fb1309ea66359920442ffa1d931eab9025c0c228e47f5a602e7ff4eda2f5179,NOT_VERIFIED
screen-cm,src/main/nexacro/form/cm/user/cmCsUmsFileP.xfdl,utf-8-sig,9bc331faa9460187869aea159ed9348c061a9bba5f8fa832b36d9c2fb5ac85f6,NOT_VERIFIED
screen-cm,src/main/nexacro/form/cm/user/cmJobChrgerMngF.xfdl,utf-8-sig,f28b6365e2182ca4c5a991caabc0c174fdd1e397092e43547f7705a233f9d72f,NOT_VERIFIED
screen-cm,src/main/nexacro/form/cm/user/cmLoginHistF.xfdl,utf-8-sig,7e49992a38599de783c7f437713e694ca5afcc056b7b05d4c8b32578173f93d0,NOT_VERIFIED
screen-cm,src/main/nexacro/form/cm/user/cmMenuMngF.xfdl,utf-8-sig,3ad5611b94f8fedb3b4301039769f4b0681dd43630e85a2ee1712468eecf90f1,NOT_VERIFIED
screen-cm,src/main/nexacro/form/cm/user/cmPgmMngF.xfdl,utf-8-sig,8a0e70fdc54392e48138684b3ed004e2fedac0c303a74d43dd9a395204a3f860,NOT_VERIFIED
screen-cm,src/main/nexacro/form/cm/user/cmPgmP.xfdl,utf-8-sig,78453940e8670734576ec4db383e206f3982d236ec146b862930e04cea37aa23,NOT_VERIFIED
screen-cm,src/main/nexacro/form/cm/user/cmSstvInfoIdNoP.xfdl,utf-8-sig,02ae5fa10cc3b10d82057379c86ad370a48f53d55928f6090e2550c28044ee91,NOT_VERIFIED
screen-cm,src/main/nexacro/form/cm/user/cmUsrCctvInfoHistF.xfdl,utf-8-sig,468a3b7b3cef9052c33cab557c37e188287a5c57b3c936ff1cc07eeb2b4f4639,NOT_VERIFIED
screen-cm,src/main/nexacro/form/cm/user/cmUsrMenuInfoHistF.xfdl,utf-8-sig,6de4fe05cecfce85bb6f09a83befa816d7d4d1eee794a0e7009a484ede8ccf0c,NOT_VERIFIED
screen-cm,src/main/nexacro/form/cm/user/cmUsrMngF.xfdl,utf-8-sig,dd222062787f7f1cdf86868b67f3b71b8732727bff762ce6dfb9ab26810d0b01,NOT_VERIFIED
screen-cm,src/main/nexacro/form/cm/user/cmUsrP.xfdl,utf-8-sig,95858d361c64a1b8892ce12ccdc6e9a292cde958940e031f88a982ba1b3a628c,NOT_VERIFIED
screen-cm,src/main/nexacro/form/cm/user/cmUsrRjctP.xfdl,utf-8-sig,9dc3efb501aafd8362af4d4489021e4f1beae23d4356e78629a499f6cb52f3be,NOT_VERIFIED
screen-cm,src/main/nexacro/form/cm/user/cmUtztnTrmsP.xfdl,utf-8-sig,ca109039879a255be494dd4df341e8bf28ea0fe6a20c3432e706fc1ef0b625c2,NOT_VERIFIED
screen-common,src/main/nexacro/common/cmmCalMonth.xfdl,utf-8-sig,73fde91e55e6eb489aff9ce54df9fca431745f352029a6338d94953f666e6161,NOT_VERIFIED
screen-common,src/main/nexacro/common/cmmCalMonth02.xfdl,utf-8-sig,dc15636f3b152624749d99b19ab1ab0bd5bd6f0c5f991e97bb83e264fea41a97,NOT_VERIFIED
screen-common,src/main/nexacro/common/cmmFindGrid.xfdl,utf-8-sig,a9b621fcdbdd662bde951d4b221e53c9a4bdd6361f74186a5268166c47900905,NOT_VERIFIED
screen-common,src/main/nexacro/common/cmmGetDatasets.xfdl,utf-8-sig,128712502e6d7b9d636e4cd58796059cdd85d0a7239a9faf42737e74ddc9b1cd,NOT_VERIFIED
screen-common,src/main/nexacro/common/cmmPopup.xfdl,utf-8-sig,957f34261e1d7f555a8e705f101ca8512d3d90d06fca487b416cc095dce40c4e,NOT_VERIFIED
screen-frame,src/main/nexacro/frame/cmMainF.xfdl,utf-8-sig,0d88a78a0315c0a30e6c0c3c1d6f621fa99c93be3642d198daeb749a2bcd925b,NOT_VERIFIED
screen-frame,src/main/nexacro/frame/frmLeft.xfdl,utf-8-sig,5976a19938376cd2aa364bfd57631349443f5d76714c4d5e82ef89b6f5807fa6,NOT_VERIFIED
screen-frame,src/main/nexacro/frame/frmLeftTopMenu.xfdl,utf-8-sig,a9546c323ee1a7ebf3f2408a4b6b7e53c9f30e6fec206d1b147cb3d87fbfc3cc,NOT_VERIFIED
screen-frame,src/main/nexacro/frame/frmLogin.xfdl,utf-8-sig,c8bb020499b786184066a16336ce59f3ce85b0d73abe1afd16dfbc6c99aa9367,NOT_VERIFIED
screen-frame,src/main/nexacro/frame/frmMain.xfdl,utf-8-sig,cd1de16a6709aa7a111fe26d49c5d359230510a1a14202bbfbd278168c8c5f8a,NOT_VERIFIED
screen-frame,src/main/nexacro/frame/frmMdi.xfdl,utf-8-sig,d13c8bfd857338bc117d9a5e63ababd48ed4eb119759d7b7f85d08a3b6dde760,NOT_VERIFIED
screen-frame,src/main/nexacro/frame/frmTop.xfdl,utf-8-sig,25b6fdec60fc3f3f94c42a00a3ca84a3efce33a2f63ad02b6fa1e1478e76be1f,NOT_VERIFIED
screen-frame,src/main/nexacro/frame/frmTop_btn.xfdl,utf-8-sig,30bc0589e75ab26915d155520881a6d6a68b0065c7b31e39a97774890505ffd8,NOT_VERIFIED
screen-frame,src/main/nexacro/frame/frmTop_copy0.xfdl,utf-8-sig,359c71471a76b7f121cfe0df55493ac4bda0a1cbf4e44fcb1035a3b8acc68e9a,NOT_VERIFIED
screen-frame,src/main/nexacro/frame/frmWork.xfdl,utf-8-sig,87aa4002a8a33c959dffd5f0d0ec480275b45c9de6d9d9334638e08a084d78bb,NOT_VERIFIED
screen-frame,src/main/nexacro/frame/frmWorkPu.xfdl,utf-8-sig,3a5e8bcaa1a1e442627d9ebf61a7a30f7151325393f55f4548b6f3d2a9377df5,NOT_VERIFIED
screen-frame,src/main/nexacro/frame/frmWorkSpace.xfdl,utf-8-sig,8f8cb6915052f74d7d08649f9d3c0341750f6205e0438541594990d19bf31c87,NOT_VERIFIED
screen-frame,src/main/nexacro/frame/frmWorkTitleDv.xfdl,utf-8-sig,5dac4a4f4e8af93dfc44784d699b2b4de1581f3e0d243f7b0995ea157c7b4863,NOT_VERIFIED
script-common,src/main/nexacro/_extlib_/arisuInfo/common.js,utf-8-sig,486eb3a72e4758b04c3d08ce3069afc977188871dcde365b837139f0f31f146e,NOT_VERIFIED
script-common,src/main/nexacro/_extlib_/arisuInfo/common_ch.js,utf-8-sig,5c7c09ecfe7581a6c197844770fc47be05131c0c6f16ae56bde83369d671f8bc,NOT_VERIFIED
script-common,src/main/nexacro/_extlib_/arisuInfo/common_cm.js,utf-8-sig,74473b2b8f928378638f6ce10ff48d6349c94958a0db76e8c6562d21552c26ac,NOT_VERIFIED
script-common,src/main/nexacro/_extlib_/arisuInfo/common_comp.js,utf-8-sig,f2899fdffdd445cfc08f94d1814cfedeb0685534bd23e8bacdcfe989a6a02d74,NOT_VERIFIED
script-common,src/main/nexacro/_extlib_/arisuInfo/common_cs.js,utf-8-sig,ced1dfa4ae457597917b3dbe4486da2e66afe9ebf9690ea66b53d7d148976d7a,NOT_VERIFIED
script-common,src/main/nexacro/_extlib_/arisuInfo/common_dataset.js,utf-8-sig,9e3e7e11338af9c683532f1986b2b5e62b87547fdc317237b23d120795f1d027,NOT_VERIFIED
script-common,src/main/nexacro/_extlib_/arisuInfo/common_date.js,utf-8-sig,1e2064c2253a57b7d3f17ef264a1910fb3dac63c342ed7b020d3497626ab61a1,NOT_VERIFIED
script-common,src/main/nexacro/_extlib_/arisuInfo/common_excel.js,utf-8-sig,d6bfe070ce6501dded76ce07d1b8a2aa356621ea908445f59b06acc571d7147d,NOT_VERIFIED
script-common,src/main/nexacro/_extlib_/arisuInfo/common_file.js,utf-8-sig,9595ac76d42c3daae8fea4e8c0163aa906163d761db9a31119383c2ce7f0224e,NOT_VERIFIED
script-common,src/main/nexacro/_extlib_/arisuInfo/common_form.js,utf-8-sig,f7a51c423fe8b97d31e34f66e743b0398ad3d302c8edc7d0641e2a2924a9fa4c,NOT_VERIFIED
script-common,src/main/nexacro/_extlib_/arisuInfo/common_grid.js,utf-8-sig,53c074785b7d7c07067c230507cc782767dbbb2839bd95d026bdad45c3cab170,NOT_VERIFIED
script-common,src/main/nexacro/_extlib_/arisuInfo/common_report.js,utf-8-sig,1625da6a6ddd84f1144c9525b7832358f2a522d34a115f48f4ab1fbb0b2d667d,NOT_VERIFIED
script-common,src/main/nexacro/_extlib_/arisuInfo/common_tran.js,utf-8-sig,905ca9e8f1303dbb5a7f1fa1dbb8721de96426adc7c83e7951e0add951f4fe4e,NOT_VERIFIED
script-common,src/main/nexacro/_extlib_/arisuInfo/common_utils.js,utf-8-sig,2c0bf91233025b89dbeae4e4569d2b1f1d8dca298073cb3bb2c11d798967299a,NOT_VERIFIED
script-common,src/main/nexacro/_extlib_/arisuInfo/common_validation.js,utf-8-sig,9e85940648052bdd25ff180ce600ed5f378cdf4da3c80d37ba280898c6a07a4c,NOT_VERIFIED
